Arrival_Date,Commodity,Commodity_Code,District,Grade,Market,Max_Price,Min_Price,Modal_Price,State,Variety
21/02/2007,Onion,23,Satara,FAQ,Jawali,1000,650,800,Maharashtra,Other
23/04/2007,Onion,23,Satara,FAQ,Jawali,800,600,700,Maharashtra,Other
12/11/2007,Onion,23,Satara,FAQ,Jawali,1100,1000,1050,Maharashtra,Other
13/11/2007,Onion,23,Satara,FAQ,Jawali,1200,1000,1100,Maharashtra,Other
08/01/2007,Onion,23,Satara,FAQ,Jawali,1100,700,950,Maharashtra,Other
09/04/2007,Onion,23,Satara,FAQ,Jawali,900,600,750,Maharashtra,Other
18/12/2006,Onion,23,Satara,FAQ,Jawali,700,500,600,Maharashtra,Other
11/08/2014,Onion,23,Satara,FAQ,Jawali,2000,2000,2000,Maharashtra,Red
25/09/2006,Onion,23,Satara,FAQ,Jawali,350,300,325,Maharashtra,Other
01/03/2009,Onion,23,Satara,FAQ,Jawali,200,140,170,Maharashtra,Other
16/04/2007,Onion,23,Satara,FAQ,Jawali,600,400,500,Maharashtra,Other
08/10/2007,Onion,23,Satara,FAQ,Jawali,1500,400,900,Maharashtra,Other
01/01/2007,Onion,23,Satara,FAQ,Jawali,1100,800,950,Maharashtra,Other
15/01/2007,Onion,23,Satara,FAQ,Jawali,1100,800,950,Maharashtra,Other
22/01/2007,Onion,23,Satara,FAQ,Jawali,1200,800,1000,Maharashtra,Other
31/01/2007,Onion,23,Satara,FAQ,Jawali,1100,600,800,Maharashtra,Other
23/07/2007,Onion,23,Satara,FAQ,Jawali,1000,850,950,Maharashtra,Other
13/08/2014,Onion,23,Satara,FAQ,Jawali,1500,1500,1500,Maharashtra,Red
05/02/2007,Onion,23,Satara,FAQ,Jawali,1100,900,1000,Maharashtra,Other
03/03/2015,Onion,23,Satara,FAQ,Karad,1800,1000,1400,Maharashtra,Other
10/03/2015,Onion,23,Satara,FAQ,Karad,1700,1000,1350,Maharashtra,Other
23/03/2015,Onion,23,Satara,FAQ,Karad,1800,1000,1400,Maharashtra,Other
04/04/2015,Onion,23,Satara,FAQ,Karad,1600,1000,1300,Maharashtra,Other
15/04/2015,Onion,23,Satara,FAQ,Karad,1500,1000,1250,Maharashtra,Other
22/04/2015,Onion,23,Satara,FAQ,Karad,1300,1000,1150,Maharashtra,Other
27/04/2015,Onion,23,Satara,FAQ,Karad,1500,1000,1250,Maharashtra,Other
09/05/2015,Onion,23,Satara,FAQ,Karad,1400,1000,1200,Maharashtra,Other
23/06/2015,Onion,23,Satara,FAQ,Karad,1900,1000,1900,Maharashtra,Other
24/06/2015,Onion,23,Satara,FAQ,Karad,2300,1000,2300,Maharashtra,Other
06/07/2015,Onion,23,Satara,FAQ,Karad,2300,1400,2300,Maharashtra,Other
08/09/2015,Onion,23,Satara,FAQ,Karad,5000,3000,5000,Maharashtra,Other
21/09/2015,Onion,23,Satara,FAQ,Karad,4000,3000,4000,Maharashtra,Other
07/10/2015,Onion,23,Satara,FAQ,Karad,2500,2000,2500,Maharashtra,Other
12/10/2015,Onion,23,Satara,FAQ,Karad,2200,1400,2200,Maharashtra,Other
17/10/2015,Onion,23,Satara,FAQ,Karad,2200,1400,2200,Maharashtra,Other
18/10/2015,Onion,23,Satara,FAQ,Karad,2200,1500,2200,Maharashtra,Other
02/12/2015,Onion,23,Satara,FAQ,Karad,2100,1500,2100,Maharashtra,Other
10/12/2015,Onion,23,Satara,FAQ,Karad,2300,1800,2300,Maharashtra,Other
12/12/2015,Onion,23,Satara,FAQ,Karad,2200,1700,2200,Maharashtra,Other
15/12/2015,Onion,23,Satara,FAQ,Karad,2200,1500,2200,Maharashtra,Other
16/12/2015,Onion,23,Satara,FAQ,Karad,2300,1500,2300,Maharashtra,Other
22/12/2015,Onion,23,Satara,FAQ,Karad,2100,1500,2100,Maharashtra,Other
24/12/2015,Onion,23,Satara,FAQ,Karad,2000,1500,2000,Maharashtra,Other
28/12/2015,Onion,23,Satara,FAQ,Karad,2000,1500,2000,Maharashtra,Other
02/01/2016,Onion,23,Satara,FAQ,Karad,2100,1500,2100,Maharashtra,Other
06/01/2016,Onion,23,Satara,FAQ,Karad,2100,1500,2100,Maharashtra,Other
07/01/2016,Onion,23,Satara,FAQ,Karad,1800,500,1800,Maharashtra,Other
18/01/2016,Onion,23,Satara,FAQ,Karad,1600,1000,1600,Maharashtra,Other
31/01/2016,Onion,23,Satara,FAQ,Karad,1600,1000,1600,Maharashtra,Other
03/02/2016,Onion,23,Satara,FAQ,Karad,1700,1000,1700,Maharashtra,Other
04/02/2016,Onion,23,Satara,FAQ,Karad,1600,1000,1600,Maharashtra,Other
10/02/2016,Onion,23,Satara,FAQ,Karad,1200,700,1200,Maharashtra,Other
17/02/2016,Onion,23,Satara,FAQ,Karad,1400,700,1400,Maharashtra,Other
22/02/2016,Onion,23,Satara,FAQ,Karad,1500,700,1500,Maharashtra,Other
02/03/2016,Onion,23,Satara,FAQ,Karad,1000,600,1000,Maharashtra,Other
15/03/2016,Onion,23,Satara,FAQ,Karad,1100,500,1100,Maharashtra,Other
19/03/2016,Onion,23,Satara,FAQ,Karad,1000,500,1000,Maharashtra,Other
28/03/2016,Onion,23,Satara,FAQ,Karad,800,500,800,Maharashtra,Other
29/03/2016,Onion,23,Satara,FAQ,Karad,1000,500,1000,Maharashtra,Other
03/04/2016,Onion,23,Satara,FAQ,Karad,1000,600,1000,Maharashtra,Other
04/04/2016,Onion,23,Satara,FAQ,Karad,1000,500,1000,Maharashtra,Other
11/04/2016,Onion,23,Satara,FAQ,Karad,1000,500,1000,Maharashtra,Other
13/04/2016,Onion,23,Satara,FAQ,Karad,1000,500,1000,Maharashtra,Other
21/04/2016,Onion,23,Satara,FAQ,Karad,800,600,800,Maharashtra,Other
27/04/2016,Onion,23,Satara,FAQ,Karad,1000,500,1000,Maharashtra,Other
28/04/2016,Onion,23,Satara,FAQ,Karad,1000,600,1000,Maharashtra,Other
01/05/2016,Onion,23,Satara,FAQ,Karad,900,600,900,Maharashtra,Other
08/05/2016,Onion,23,Satara,FAQ,Karad,1000,700,1000,Maharashtra,Other
22/05/2016,Onion,23,Satara,FAQ,Karad,1000,500,1000,Maharashtra,Other
26/05/2016,Onion,23,Satara,FAQ,Karad,1000,600,1000,Maharashtra,Other
01/06/2016,Onion,23,Satara,FAQ,Karad,1000,800,1000,Maharashtra,Other
13/06/2016,Onion,23,Satara,FAQ,Karad,1000,600,1000,Maharashtra,Other
18/06/2016,Onion,23,Satara,FAQ,Karad,1000,500,1000,Maharashtra,Other
25/06/2016,Onion,23,Satara,FAQ,Karad,1000,600,1000,Maharashtra,Other
29/06/2016,Onion,23,Satara,FAQ,Karad,1000,600,1000,Maharashtra,Other
03/07/2016,Onion,23,Satara,FAQ,Karad,1000,500,1000,Maharashtra,Other
07/07/2016,Onion,23,Satara,FAQ,Karad,1000,800,1000,Maharashtra,Other
23/07/2016,Onion,23,Satara,FAQ,Karad,1000,800,1000,Maharashtra,Other
27/07/2016,Onion,23,Satara,FAQ,Karad,1000,700,1000,Maharashtra,Other
02/08/2016,Onion,23,Satara,FAQ,Karad,1000,700,1000,Maharashtra,Other
07/08/2016,Onion,23,Satara,FAQ,Karad,1000,600,1000,Maharashtra,Other
08/08/2016,Onion,23,Satara,FAQ,Karad,1000,700,1000,Maharashtra,Other
10/08/2016,Onion,23,Satara,FAQ,Karad,1000,600,1000,Maharashtra,Other
14/08/2016,Onion,23,Satara,FAQ,Karad,1000,800,1000,Maharashtra,Other
27/08/2016,Onion,23,Satara,FAQ,Karad,1000,600,1000,Maharashtra,Other
28/08/2016,Onion,23,Satara,FAQ,Karad,800,400,800,Maharashtra,Other
06/09/2016,Onion,23,Satara,FAQ,Karad,900,500,900,Maharashtra,Other
08/09/2016,Onion,23,Satara,FAQ,Karad,1000,500,1000,Maharashtra,Other
15/09/2016,Onion,23,Satara,FAQ,Karad,1000,500,1000,Maharashtra,Other
25/09/2016,Onion,23,Satara,FAQ,Karad,800,400,800,Maharashtra,Other
26/09/2016,Onion,23,Satara,FAQ,Karad,800,400,800,Maharashtra,Other
11/10/2016,Onion,23,Satara,FAQ,Karad,800,500,800,Maharashtra,Other
13/10/2016,Onion,23,Satara,FAQ,Karad,800,600,800,Maharashtra,Other
15/10/2016,Onion,23,Satara,FAQ,Karad,900,400,900,Maharashtra,Other
18/10/2016,Onion,23,Satara,FAQ,Karad,800,400,800,Maharashtra,Other
20/10/2016,Onion,23,Satara,FAQ,Karad,800,500,800,Maharashtra,Other
14/11/2016,Onion,23,Satara,FAQ,Karad,1000,500,1000,Maharashtra,Other
16/11/2016,Onion,23,Satara,FAQ,Karad,1000,500,1000,Maharashtra,Other
17/11/2016,Onion,23,Satara,FAQ,Karad,1200,500,1200,Maharashtra,Other
20/11/2016,Onion,23,Satara,FAQ,Karad,1000,500,1000,Maharashtra,Other
28/11/2016,Onion,23,Satara,FAQ,Karad,1000,700,1000,Maharashtra,Other
03/12/2016,Onion,23,Satara,FAQ,Karad,1000,500,1000,Maharashtra,Other
18/12/2016,Onion,23,Satara,FAQ,Karad,1000,600,1000,Maharashtra,Other
19/12/2016,Onion,23,Satara,FAQ,Karad,900,500,900,Maharashtra,Other
22/12/2016,Onion,23,Satara,FAQ,Karad,1000,700,1000,Maharashtra,Other
02/01/2017,Onion,23,Satara,FAQ,Karad,1000,500,1000,Maharashtra,Other
11/01/2017,Onion,23,Satara,FAQ,Karad,1100,500,1100,Maharashtra,Other
18/01/2017,Onion,23,Satara,FAQ,Karad,1000,500,1000,Maharashtra,Other
30/01/2017,Onion,23,Satara,FAQ,Karad,1000,600,1000,Maharashtra,Other
31/01/2017,Onion,23,Satara,FAQ,Karad,1000,500,1000,Maharashtra,Other
27/02/2017,Onion,23,Satara,FAQ,Karad,1000,500,1000,Maharashtra,Other
28/02/2017,Onion,23,Satara,FAQ,Karad,900,600,900,Maharashtra,Other
01/03/2017,Onion,23,Satara,FAQ,Karad,1000,500,1000,Maharashtra,Other
04/03/2017,Onion,23,Satara,FAQ,Karad,1000,500,1000,Maharashtra,Other
11/03/2017,Onion,23,Satara,FAQ,Karad,1000,500,1000,Maharashtra,Other
15/03/2017,Onion,23,Satara,FAQ,Karad,1000,500,1000,Maharashtra,Other
20/03/2017,Onion,23,Satara,FAQ,Karad,900,500,900,Maharashtra,Other
21/03/2017,Onion,23,Satara,FAQ,Karad,700,500,700,Maharashtra,Other
25/03/2017,Onion,23,Satara,FAQ,Karad,1000,500,1000,Maharashtra,Other
27/03/2017,Onion,23,Satara,FAQ,Karad,1000,600,1000,Maharashtra,Other
28/03/2017,Onion,23,Satara,FAQ,Karad,1000,500,1000,Maharashtra,Other
04/04/2017,Onion,23,Satara,FAQ,Karad,1000,500,1000,Maharashtra,Other
22/04/2017,Onion,23,Satara,FAQ,Karad,800,400,800,Maharashtra,Other
27/04/2017,Onion,23,Satara,FAQ,Karad,800,500,800,Maharashtra,Other
17/05/2017,Onion,23,Satara,FAQ,Karad,700,400,700,Maharashtra,Other
24/05/2017,Onion,23,Satara,FAQ,Karad,700,400,700,Maharashtra,Other
25/05/2017,Onion,23,Satara,FAQ,Karad,700,500,700,Maharashtra,Other
29/05/2017,Onion,23,Satara,FAQ,Karad,700,500,700,Maharashtra,Other
31/05/2017,Onion,23,Satara,FAQ,Karad,700,500,700,Maharashtra,Other
19/06/2017,Onion,23,Satara,FAQ,Karad,1000,500,1000,Maharashtra,Other
24/06/2017,Onion,23,Satara,FAQ,Karad,1000,500,1000,Maharashtra,Other
28/06/2017,Onion,23,Satara,FAQ,Karad,1200,800,1200,Maharashtra,Other
08/07/2017,Onion,23,Satara,FAQ,Karad,1000,500,1000,Maharashtra,Other
16/07/2017,Onion,23,Satara,FAQ,Karad,900,600,900,Maharashtra,Other
18/07/2017,Onion,23,Satara,FAQ,Karad,1000,600,1000,Maharashtra,Other
24/07/2017,Onion,23,Satara,FAQ,Karad,900,500,900,Maharashtra,Other
26/07/2017,Onion,23,Satara,FAQ,Karad,900,600,900,Maharashtra,Other
29/07/2017,Onion,23,Satara,FAQ,Karad,1000,500,1000,Maharashtra,Other
02/08/2017,Onion,23,Satara,FAQ,Karad,1400,700,1400,Maharashtra,Other
03/08/2017,Onion,23,Satara,FAQ,Karad,1400,800,1400,Maharashtra,Other
14/08/2017,Onion,23,Satara,FAQ,Karad,2500,1500,2500,Maharashtra,Other
29/08/2017,Onion,23,Satara,FAQ,Karad,2500,1500,2500,Maharashtra,Other
04/09/2017,Onion,23,Satara,FAQ,Karad,2200,1500,2200,Maharashtra,Other
12/09/2017,Onion,23,Satara,FAQ,Karad,2300,1400,2300,Maharashtra,Other
23/09/2017,Onion,23,Satara,FAQ,Karad,1800,1200,1800,Maharashtra,Other
28/09/2017,Onion,23,Satara,FAQ,Karad,2000,1500,2000,Maharashtra,Other
02/10/2017,Onion,23,Satara,FAQ,Karad,1500,1000,1500,Maharashtra,Other
11/10/2017,Onion,23,Satara,FAQ,Karad,2000,1000,2000,Maharashtra,Other
15/10/2017,Onion,23,Satara,FAQ,Karad,1800,1000,1800,Maharashtra,Other
29/10/2017,Onion,23,Satara,FAQ,Karad,3200,2000,3200,Maharashtra,Other
31/10/2017,Onion,23,Satara,FAQ,Karad,3400,2000,3400,Maharashtra,Other
04/11/2017,Onion,23,Satara,FAQ,Karad,3500,2500,3500,Maharashtra,Other
13/11/2017,Onion,23,Satara,FAQ,Karad,3000,2500,3000,Maharashtra,Other
14/11/2017,Onion,23,Satara,FAQ,Karad,3200,1800,3200,Maharashtra,Other
03/12/2017,Onion,23,Satara,FAQ,Karad,3500,2500,3500,Maharashtra,Other
05/12/2017,Onion,23,Satara,FAQ,Karad,3500,2000,3500,Maharashtra,Other
19/12/2017,Onion,23,Satara,FAQ,Karad,3500,2000,3500,Maharashtra,Other
28/12/2017,Onion,23,Satara,FAQ,Karad,3500,2500,3500,Maharashtra,Other
19/01/2006,Onion,23,Satara,FAQ,Karad,450,200,400,Maharashtra,Other
02/02/2006,Onion,23,Satara,FAQ,Karad,400,200,250,Maharashtra,Other
15/02/2006,Onion,23,Satara,FAQ,Karad,350,200,300,Maharashtra,Other
20/02/2006,Onion,23,Satara,FAQ,Karad,350,200,300,Maharashtra,Other
01/03/2006,Onion,23,Satara,FAQ,Karad,350,200,300,Maharashtra,Other
09/03/2006,Onion,23,Satara,FAQ,Karad,300,200,250,Maharashtra,Other
21/03/2006,Onion,23,Satara,FAQ,Karad,300,200,300,Maharashtra,Other
28/03/2006,Onion,23,Satara,FAQ,Karad,350,200,300,Maharashtra,Other
25/04/2006,Onion,23,Satara,FAQ,Karad,300,200,250,Maharashtra,Other
07/06/2006,Onion,23,Satara,FAQ,Karad,350,250,300,Maharashtra,Other
10/06/2006,Onion,23,Satara,FAQ,Karad,300,200,250,Maharashtra,Other
13/06/2006,Onion,23,Satara,FAQ,Karad,300,200,250,Maharashtra,Other
24/06/2006,Onion,23,Satara,FAQ,Karad,400,250,300,Maharashtra,Other
15/07/2006,Onion,23,Satara,FAQ,Karad,400,300,350,Maharashtra,Other
18/07/2006,Onion,23,Satara,FAQ,Karad,350,200,300,Maharashtra,Other
20/07/2006,Onion,23,Satara,FAQ,Karad,400,250,300,Maharashtra,Other
09/08/2006,Onion,23,Satara,FAQ,Karad,400,200,350,Maharashtra,Other
10/08/2006,Onion,23,Satara,FAQ,Karad,350,250,300,Maharashtra,Other
13/08/2006,Onion,23,Satara,FAQ,Karad,400,250,350,Maharashtra,Other
19/08/2006,Onion,23,Satara,FAQ,Karad,400,300,360,Maharashtra,Other
22/08/2006,Onion,23,Satara,FAQ,Karad,400,250,350,Maharashtra,Other
04/09/2006,Onion,23,Satara,FAQ,Karad,400,200,300,Maharashtra,Other
06/09/2006,Onion,23,Satara,FAQ,Karad,400,200,300,Maharashtra,Other
18/09/2006,Onion,23,Satara,FAQ,Karad,400,200,300,Maharashtra,Other
28/09/2006,Onion,23,Satara,FAQ,Karad,500,300,400,Maharashtra,Other
03/10/2006,Onion,23,Satara,FAQ,Karad,500,300,400,Maharashtra,Other
11/10/2006,Onion,23,Satara,FAQ,Karad,500,300,400,Maharashtra,Other
20/11/2006,Onion,23,Satara,FAQ,Karad,450,200,400,Maharashtra,Other
21/11/2006,Onion,23,Satara,FAQ,Karad,450,200,400,Maharashtra,Other
22/11/2006,Onion,23,Satara,FAQ,Karad,450,200,400,Maharashtra,Other
02/12/2006,Onion,23,Satara,FAQ,Karad,500,300,450,Maharashtra,Other
14/12/2006,Onion,23,Satara,FAQ,Karad,800,200,550,Maharashtra,Other
21/12/2006,Onion,23,Satara,FAQ,Karad,700,300,600,Maharashtra,Other
16/07/2024,Onion,23,Satara,FAQ,Karad,3000,500,3000,Maharashtra,Other
23/07/2024,Onion,23,Satara,FAQ,Karad,3000,1000,3000,Maharashtra,Other
28/07/2024,Onion,23,Satara,FAQ,Karad,3000,500,3000,Maharashtra,Other
05/08/2024,Onion,23,Satara,FAQ,Karad,3000,1000,3000,Maharashtra,Other
07/08/2024,Onion,23,Satara,FAQ,Karad,3500,1000,3500,Maharashtra,Other
10/08/2024,Onion,23,Satara,FAQ,Karad,3000,1000,3000,Maharashtra,Other
13/08/2024,Onion,23,Satara,FAQ,Karad,3600,1500,3600,Maharashtra,Other
21/08/2024,Onion,23,Satara,FAQ,Karad,3500,3000,3500,Maharashtra,Other
29/08/2024,Onion,23,Satara,FAQ,Karad,4500,1500,4500,Maharashtra,Other
04/03/2010,Onion,23,Satara,FAQ,Karad,800,300,550,Maharashtra,Other
09/03/2010,Onion,23,Satara,FAQ,Karad,950,300,625,Maharashtra,Other
13/03/2010,Onion,23,Satara,FAQ,Karad,800,300,550,Maharashtra,Other
18/03/2010,Onion,23,Satara,FAQ,Karad,650,300,500,Maharashtra,Other
08/04/2010,Onion,23,Satara,FAQ,Karad,700,400,550,Maharashtra,Other
08/05/2010,Onion,23,Satara,FAQ,Karad,700,300,500,Maharashtra,Other
13/05/2010,Onion,23,Satara,FAQ,Karad,700,400,550,Maharashtra,Other
31/05/2010,Onion,23,Satara,FAQ,Karad,800,500,700,Maharashtra,Other
08/06/2010,Onion,23,Satara,FAQ,Karad,850,400,600,Maharashtra,Other
10/06/2010,Onion,23,Satara,FAQ,Karad,650,400,500,Maharashtra,Other
14/06/2010,Onion,23,Satara,FAQ,Karad,800,500,650,Maharashtra,Other
21/06/2010,Onion,23,Satara,FAQ,Karad,800,400,600,Maharashtra,Other
22/06/2010,Onion,23,Satara,FAQ,Karad,800,500,650,Maharashtra,Other
26/06/2010,Onion,23,Satara,FAQ,Karad,800,300,550,Maharashtra,Other
30/06/2010,Onion,23,Satara,FAQ,Karad,800,500,650,Maharashtra,Other
17/07/2010,Onion,23,Satara,FAQ,Karad,800,500,650,Maharashtra,Other
07/08/2010,Onion,23,Satara,FAQ,Karad,1000,800,900,Maharashtra,Other
04/09/2010,Onion,23,Satara,FAQ,Karad,1000,800,900,Maharashtra,Other
09/09/2010,Onion,23,Satara,FAQ,Karad,1000,500,750,Maharashtra,Other
18/09/2010,Onion,23,Satara,FAQ,Karad,1500,800,1100,Maharashtra,Other
04/10/2010,Onion,23,Satara,FAQ,Karad,1000,200,600,Maharashtra,Other
07/10/2010,Onion,23,Satara,FAQ,Karad,1000,600,800,Maharashtra,Other
23/10/2010,Onion,23,Satara,FAQ,Karad,1500,500,1000,Maharashtra,Other
14/12/2010,Onion,23,Satara,FAQ,Karad,2000,1600,1800,Maharashtra,Other
26/12/2010,Onion,23,Satara,FAQ,Karad,4000,2000,3000,Maharashtra,Other
03/01/2011,Onion,23,Satara,FAQ,Karad,5500,2000,3500,Maharashtra,Other
18/01/2011,Onion,23,Satara,FAQ,Karad,5000,1000,3000,Maharashtra,Other
25/01/2011,Onion,23,Satara,FAQ,Karad,2500,1000,1700,Maharashtra,Other
29/01/2011,Onion,23,Satara,FAQ,Karad,3000,500,1750,Maharashtra,Other
07/02/2011,Onion,23,Satara,FAQ,Karad,1800,1500,1650,Maharashtra,Other
12/02/2011,Onion,23,Satara,FAQ,Karad,1000,400,700,Maharashtra,Other
14/02/2011,Onion,23,Satara,FAQ,Karad,1000,300,650,Maharashtra,Other
17/02/2011,Onion,23,Satara,FAQ,Karad,1000,400,700,Maharashtra,Other
28/02/2011,Onion,23,Satara,FAQ,Karad,900,400,650,Maharashtra,Other
04/04/2011,Onion,23,Satara,FAQ,Karad,700,300,500,Maharashtra,Other
06/04/2011,Onion,23,Satara,FAQ,Karad,700,400,550,Maharashtra,Other
10/04/2011,Onion,23,Satara,FAQ,Karad,700,400,550,Maharashtra,Other
14/04/2011,Onion,23,Satara,FAQ,Karad,550,200,350,Maharashtra,Other
27/04/2011,Onion,23,Satara,FAQ,Karad,600,300,450,Maharashtra,Other
04/06/2011,Onion,23,Satara,FAQ,Karad,700,200,450,Maharashtra,Other
08/06/2011,Onion,23,Satara,FAQ,Karad,650,200,420,Maharashtra,Other
13/06/2011,Onion,23,Satara,FAQ,Karad,850,300,550,Maharashtra,Other
15/06/2011,Onion,23,Satara,FAQ,Karad,800,400,600,Maharashtra,Other
27/06/2011,Onion,23,Satara,FAQ,Karad,800,400,600,Maharashtra,Other
28/06/2011,Onion,23,Satara,FAQ,Karad,950,300,600,Maharashtra,Other
19/07/2011,Onion,23,Satara,FAQ,Karad,1000,500,750,Maharashtra,Other
23/07/2011,Onion,23,Satara,FAQ,Karad,1000,500,750,Maharashtra,Other
08/08/2011,Onion,23,Satara,FAQ,Karad,900,400,700,Maharashtra,Other
06/09/2011,Onion,23,Satara,FAQ,Karad,1200,800,1000,Maharashtra,Other
08/10/2011,Onion,23,Satara,FAQ,Karad,1200,1000,1100,Maharashtra,Other
09/11/2011,Onion,23,Satara,FAQ,Karad,1000,500,750,Maharashtra,Other
15/11/2011,Onion,23,Satara,FAQ,Karad,600,400,500,Maharashtra,Other
01/12/2011,Onion,23,Satara,FAQ,Karad,1000,800,950,Maharashtra,Other
03/12/2011,Onion,23,Satara,FAQ,Karad,1300,1000,1150,Maharashtra,Other
08/12/2011,Onion,23,Satara,FAQ,Karad,1200,700,950,Maharashtra,Other
19/12/2011,Onion,23,Satara,FAQ,Karad,900,400,650,Maharashtra,Other
20/12/2011,Onion,23,Satara,FAQ,Karad,700,400,500,Maharashtra,Other
22/12/2011,Onion,23,Satara,FAQ,Karad,800,200,500,Maharashtra,Other
07/01/2012,Onion,23,Satara,FAQ,Karad,800,600,700,Maharashtra,Other
10/01/2012,Onion,23,Satara,FAQ,Karad,800,500,650,Maharashtra,Other
11/01/2012,Onion,23,Satara,FAQ,Karad,700,500,600,Maharashtra,Other
18/01/2012,Onion,23,Satara,FAQ,Karad,600,400,500,Maharashtra,Other
30/01/2012,Onion,23,Satara,FAQ,Karad,500,300,400,Maharashtra,Other
18/02/2012,Onion,23,Satara,FAQ,Karad,700,200,450,Maharashtra,Other
20/02/2012,Onion,23,Satara,FAQ,Karad,600,300,450,Maharashtra,Other
23/02/2012,Onion,23,Satara,FAQ,Karad,600,400,500,Maharashtra,Other
25/02/2012,Onion,23,Satara,FAQ,Karad,400,200,300,Maharashtra,Other
27/03/2012,Onion,23,Satara,FAQ,Karad,800,400,600,Maharashtra,Other
04/04/2012,Onion,23,Satara,FAQ,Karad,700,300,500,Maharashtra,Other
10/04/2012,Onion,23,Satara,FAQ,Karad,800,400,600,Maharashtra,Other
12/04/2012,Onion,23,Satara,FAQ,Karad,600,300,450,Maharashtra,Other
16/06/2012,Onion,23,Satara,FAQ,Karad,600,300,450,Maharashtra,Other
11/07/2012,Onion,23,Satara,FAQ,Karad,600,400,500,Maharashtra,Other
26/07/2012,Onion,23,Satara,FAQ,Karad,700,400,550,Maharashtra,Other
06/10/2012,Onion,23,Satara,FAQ,Karad,800,400,600,Maharashtra,Other
22/10/2012,Onion,23,Satara,FAQ,Karad,1000,800,900,Maharashtra,Other
23/10/2012,Onion,23,Satara,FAQ,Karad,1200,1000,1100,Maharashtra,Other
07/11/2012,Onion,23,Satara,FAQ,Karad,1300,600,950,Maharashtra,Other
17/11/2012,Onion,23,Satara,FAQ,Karad,1500,1200,1350,Maharashtra,Other
20/11/2012,Onion,23,Satara,FAQ,Karad,1500,1200,1350,Maharashtra,Other
10/12/2012,Onion,23,Satara,FAQ,Karad,1500,500,1000,Maharashtra,Other
22/12/2012,Onion,23,Satara,FAQ,Karad,1800,1300,1500,Maharashtra,Other
02/01/2009,Onion,23,Satara,FAQ,Karad,1700,1000,1600,Maharashtra,Other
17/01/2009,Onion,23,Satara,FAQ,Karad,1700,1000,1500,Maharashtra,Other
07/02/2009,Onion,23,Satara,FAQ,Karad,1400,500,950,Maharashtra,Other
09/02/2009,Onion,23,Satara,FAQ,Karad,1200,500,850,Maharashtra,Other
12/02/2009,Onion,23,Satara,FAQ,Karad,1200,700,950,Maharashtra,Other
14/02/2009,Onion,23,Satara,FAQ,Karad,1200,900,1050,Maharashtra,Other
22/02/2009,Onion,23,Satara,FAQ,Karad,1200,600,900,Maharashtra,Other
24/02/2009,Onion,23,Satara,FAQ,Karad,1200,500,850,Maharashtra,Other
07/03/2009,Onion,23,Satara,FAQ,Karad,950,500,750,Maharashtra,Other
21/03/2009,Onion,23,Satara,FAQ,Karad,850,300,600,Maharashtra,Other
04/07/2009,Onion,23,Satara,FAQ,Karad,850,500,800,Maharashtra,Other
14/07/2009,Onion,23,Satara,FAQ,Karad,850,600,700,Maharashtra,Other
01/08/2009,Onion,23,Satara,FAQ,Karad,800,400,600,Maharashtra,Other
03/08/2009,Onion,23,Satara,FAQ,Karad,725,650,700,Maharashtra,Other
04/08/2009,Onion,23,Satara,FAQ,Karad,700,400,550,Maharashtra,Other
09/08/2009,Onion,23,Satara,FAQ,Karad,750,500,650,Maharashtra,Other
18/08/2009,Onion,23,Satara,FAQ,Karad,850,600,750,Maharashtra,Other
20/08/2009,Onion,23,Satara,FAQ,Karad,800,600,750,Maharashtra,Other
06/09/2009,Onion,23,Satara,FAQ,Karad,650,300,500,Maharashtra,Other
08/09/2009,Onion,23,Satara,FAQ,Karad,750,400,575,Maharashtra,Other
14/09/2009,Onion,23,Satara,FAQ,Karad,750,200,500,Maharashtra,Other
16/09/2009,Onion,23,Satara,FAQ,Karad,850,200,600,Maharashtra,Other
19/09/2009,Onion,23,Satara,FAQ,Karad,800,300,500,Maharashtra,Other
21/09/2009,Onion,23,Satara,FAQ,Karad,850,600,750,Maharashtra,Other
28/09/2009,Onion,23,Satara,FAQ,Karad,500,300,400,Maharashtra,Other
30/09/2009,Onion,23,Satara,FAQ,Karad,800,500,650,Maharashtra,Other
05/10/2009,Onion,23,Satara,FAQ,Karad,1400,1200,1300,Maharashtra,Other
06/10/2009,Onion,23,Satara,FAQ,Karad,1400,1000,1200,Maharashtra,Other
07/10/2009,Onion,23,Satara,FAQ,Karad,1400,1200,1300,Maharashtra,Other
08/10/2009,Onion,23,Satara,FAQ,Karad,1600,800,1200,Maharashtra,Other
21/10/2009,Onion,23,Satara,FAQ,Karad,1200,500,900,Maharashtra,Other
22/10/2009,Onion,23,Satara,FAQ,Karad,1200,500,900,Maharashtra,Other
31/10/2009,Onion,23,Satara,FAQ,Karad,1500,600,1100,Maharashtra,Other
01/11/2009,Onion,23,Satara,FAQ,Karad,1500,1000,1300,Maharashtra,Other
14/01/2008,Onion,23,Satara,FAQ,Karad,500,300,400,Maharashtra,Other
17/01/2008,Onion,23,Satara,FAQ,Karad,600,400,500,Maharashtra,Other
27/01/2008,Onion,23,Satara,FAQ,Karad,400,200,360,Maharashtra,Other
29/01/2008,Onion,23,Satara,FAQ,Karad,500,400,460,Maharashtra,Other
02/02/2008,Onion,23,Satara,FAQ,Karad,350,200,300,Maharashtra,Other
07/02/2008,Onion,23,Satara,FAQ,Karad,450,200,300,Maharashtra,Other
27/02/2008,Onion,23,Satara,FAQ,Karad,400,250,325,Maharashtra,Other
05/03/2008,Onion,23,Satara,FAQ,Karad,350,200,300,Maharashtra,Other
07/05/2008,Onion,23,Satara,FAQ,Karad,400,200,300,Maharashtra,Other
04/06/2008,Onion,23,Satara,FAQ,Karad,400,200,300,Maharashtra,Other
18/06/2008,Onion,23,Satara,FAQ,Karad,550,300,400,Maharashtra,Other
23/06/2008,Onion,23,Satara,FAQ,Karad,500,300,400,Maharashtra,Other
24/06/2008,Onion,23,Satara,FAQ,Karad,550,250,450,Maharashtra,Other
23/07/2008,Onion,23,Satara,FAQ,Karad,1100,500,800,Maharashtra,Other
24/07/2008,Onion,23,Satara,FAQ,Karad,1000,500,750,Maharashtra,Other
30/07/2008,Onion,23,Satara,FAQ,Karad,800,500,600,Maharashtra,Other
09/08/2008,Onion,23,Satara,FAQ,Karad,900,600,800,Maharashtra,Other
13/08/2008,Onion,23,Satara,FAQ,Karad,900,500,850,Maharashtra,Other
14/08/2008,Onion,23,Satara,FAQ,Karad,700,400,550,Maharashtra,Other
21/08/2008,Onion,23,Satara,FAQ,Karad,900,700,800,Maharashtra,Other
28/08/2008,Onion,23,Satara,FAQ,Karad,800,200,500,Maharashtra,Other
20/09/2008,Onion,23,Satara,FAQ,Karad,700,200,450,Maharashtra,Other
21/09/2008,Onion,23,Satara,FAQ,Karad,750,250,500,Maharashtra,Other
05/11/2008,Onion,23,Satara,FAQ,Karad,1100,500,1000,Maharashtra,Other
11/11/2008,Onion,23,Satara,FAQ,Karad,1100,500,800,Maharashtra,Other
04/12/2008,Onion,23,Satara,FAQ,Karad,1200,800,1100,Maharashtra,Other
29/12/2008,Onion,23,Satara,FAQ,Karad,1600,1200,1500,Maharashtra,Other
11/06/2024,Onion,23,Satara,FAQ,Karad,2200,1000,2200,Maharashtra,Other
22/06/2024,Onion,23,Satara,FAQ,Karad,3000,1500,3000,Maharashtra,Other
15/12/2004,Onion,23,Satara,FAQ,Karad,450,200,300,Maharashtra,Other
16/12/2004,Onion,23,Satara,FAQ,Karad,500,200,400,Maharashtra,Other
29/12/2004,Onion,23,Satara,FAQ,Karad,500,200,400,Maharashtra,Other
05/10/2004,Onion,23,Satara,FAQ,Karad,400,200,350,Maharashtra,Red
09/10/2004,Onion,23,Satara,FAQ,Karad,500,300,400,Maharashtra,Red
11/10/2004,Onion,23,Satara,FAQ,Karad,400,200,350,Maharashtra,Red
28/10/2004,Onion,23,Satara,FAQ,Karad,400,200,300,Maharashtra,Red
02/11/2004,Onion,23,Satara,FAQ,Karad,400,200,300,Maharashtra,Red
03/11/2004,Onion,23,Satara,FAQ,Karad,400,200,350,Maharashtra,Red
05/01/2013,Onion,23,Satara,FAQ,Karad,1500,1100,1300,Maharashtra,Other
08/01/2013,Onion,23,Satara,FAQ,Karad,1500,1000,1250,Maharashtra,Other
21/01/2013,Onion,23,Satara,FAQ,Karad,1600,900,1250,Maharashtra,Other
28/01/2013,Onion,23,Satara,FAQ,Karad,1800,1400,1600,Maharashtra,Other
29/01/2013,Onion,23,Satara,FAQ,Karad,1800,1200,1500,Maharashtra,Other
06/02/2013,Onion,23,Satara,FAQ,Karad,1800,1300,1550,Maharashtra,Other
13/02/2013,Onion,23,Satara,FAQ,Karad,1900,1200,1550,Maharashtra,Other
25/02/2013,Onion,23,Satara,FAQ,Karad,1500,1200,1350,Maharashtra,Other
04/03/2013,Onion,23,Satara,FAQ,Karad,1400,1000,1200,Maharashtra,Other
23/03/2013,Onion,23,Satara,FAQ,Karad,1400,1000,1200,Maharashtra,Other
15/04/2013,Onion,23,Satara,FAQ,Karad,1400,1000,1200,Maharashtra,Other
22/04/2013,Onion,23,Satara,FAQ,Karad,1300,1000,1150,Maharashtra,Other
27/04/2013,Onion,23,Satara,FAQ,Karad,1200,800,1000,Maharashtra,Other
04/05/2013,Onion,23,Satara,FAQ,Karad,1300,1200,1250,Maharashtra,Other
08/05/2013,Onion,23,Satara,FAQ,Karad,1200,1000,1100,Maharashtra,Other
22/05/2013,Onion,23,Satara,FAQ,Karad,1200,800,1000,Maharashtra,Other
28/05/2013,Onion,23,Satara,FAQ,Karad,1200,800,1000,Maharashtra,Other
03/06/2013,Onion,23,Satara,FAQ,Karad,1400,600,1000,Maharashtra,Other
05/06/2013,Onion,23,Satara,FAQ,Karad,1400,700,1050,Maharashtra,Other
11/06/2013,Onion,23,Satara,FAQ,Karad,1500,600,1050,Maharashtra,Other
12/06/2013,Onion,23,Satara,FAQ,Karad,1500,600,1050,Maharashtra,Other
19/06/2013,Onion,23,Satara,FAQ,Karad,1600,700,1050,Maharashtra,Other
24/06/2013,Onion,23,Satara,FAQ,Karad,1600,700,1150,Maharashtra,Other
01/07/2013,Onion,23,Satara,FAQ,Karad,1800,1000,1400,Maharashtra,Other
02/07/2013,Onion,23,Satara,FAQ,Karad,1800,1200,1500,Maharashtra,Other
06/07/2013,Onion,23,Satara,FAQ,Karad,1900,1500,1700,Maharashtra,Other
27/07/2013,Onion,23,Satara,FAQ,Karad,2800,2300,2550,Maharashtra,Other
31/07/2013,Onion,23,Satara,FAQ,Karad,3000,2500,2750,Maharashtra,Other
03/08/2013,Onion,23,Satara,FAQ,Karad,3000,2000,2500,Maharashtra,Other
21/09/2013,Onion,23,Satara,FAQ,Karad,5000,4000,4500,Maharashtra,Other
24/09/2013,Onion,23,Satara,FAQ,Karad,2000,1800,1900,Maharashtra,Other
06/11/2013,Onion,23,Satara,FAQ,Karad,3500,2000,2250,Maharashtra,Other
08/01/2014,Onion,23,Satara,FAQ,Karad,1500,700,1100,Maharashtra,Other
11/02/2014,Onion,23,Satara,FAQ,Karad,1200,600,900,Maharashtra,Other
18/02/2014,Onion,23,Satara,FAQ,Karad,800,500,600,Maharashtra,Other
22/03/2014,Onion,23,Satara,FAQ,Karad,1100,600,850,Maharashtra,Other
05/04/2014,Onion,23,Satara,FAQ,Karad,1100,800,950,Maharashtra,Other
02/07/2014,Onion,23,Satara,FAQ,Karad,2300,1500,1900,Maharashtra,Other
08/07/2014,Onion,23,Satara,FAQ,Karad,2700,2000,2350,Maharashtra,Other
16/07/2014,Onion,23,Satara,FAQ,Karad,2700,2000,2350,Maharashtra,Other
27/07/2014,Onion,23,Satara,FAQ,Karad,2500,2000,2250,Maharashtra,Other
23/08/2014,Onion,23,Satara,FAQ,Karad,2600,1600,1800,Maharashtra,Other
03/09/2014,Onion,23,Satara,FAQ,Karad,2400,1600,2000,Maharashtra,Other
16/09/2014,Onion,23,Satara,FAQ,Karad,2200,1600,1900,Maharashtra,Other
20/09/2014,Onion,23,Satara,FAQ,Karad,1500,1000,1250,Maharashtra,Other
24/09/2014,Onion,23,Satara,FAQ,Karad,2000,1200,1600,Maharashtra,Other
13/10/2014,Onion,23,Satara,FAQ,Karad,1600,1000,1300,Maharashtra,Other
11/11/2014,Onion,23,Satara,FAQ,Karad,1400,800,1000,Maharashtra,Other
08/12/2014,Onion,23,Satara,FAQ,Karad,1600,1300,1450,Maharashtra,Other
22/12/2014,Onion,23,Satara,FAQ,Karad,2400,1000,1700,Maharashtra,Other
03/01/2005,Onion,23,Satara,FAQ,Karad,500,200,450,Maharashtra,Other
12/01/2005,Onion,23,Satara,FAQ,Karad,500,200,400,Maharashtra,Other
15/01/2005,Onion,23,Satara,FAQ,Karad,450,200,350,Maharashtra,Other
18/01/2005,Onion,23,Satara,FAQ,Karad,450,200,400,Maharashtra,Other
27/01/2005,Onion,23,Satara,FAQ,Karad,450,200,400,Maharashtra,Other
30/01/2005,Onion,23,Satara,FAQ,Karad,400,200,400,Maharashtra,Other
08/02/2005,Onion,23,Satara,FAQ,Karad,450,200,400,Maharashtra,Other
12/02/2005,Onion,23,Satara,FAQ,Karad,450,200,400,Maharashtra,Other
23/02/2005,Onion,23,Satara,FAQ,Karad,350,200,300,Maharashtra,Other
01/03/2005,Onion,23,Satara,FAQ,Karad,300,200,300,Maharashtra,Other
02/03/2005,Onion,23,Satara,FAQ,Karad,400,200,300,Maharashtra,Other
17/03/2005,Onion,23,Satara,FAQ,Karad,400,200,300,Maharashtra,Other
22/03/2005,Onion,23,Satara,FAQ,Karad,350,200,300,Maharashtra,Other
24/03/2005,Onion,23,Satara,FAQ,Karad,400,200,350,Maharashtra,Other
06/04/2005,Onion,23,Satara,FAQ,Karad,300,200,250,Maharashtra,Other
07/04/2005,Onion,23,Satara,FAQ,Karad,300,200,250,Maharashtra,Other
09/04/2005,Onion,23,Satara,FAQ,Karad,300,200,250,Maharashtra,Other
13/04/2005,Onion,23,Satara,FAQ,Karad,300,200,250,Maharashtra,Other
19/04/2005,Onion,23,Satara,FAQ,Karad,300,200,250,Maharashtra,Other
24/04/2005,Onion,23,Satara,FAQ,Karad,260,230,250,Maharashtra,Other
04/05/2005,Onion,23,Satara,FAQ,Karad,300,200,250,Maharashtra,Other
05/05/2005,Onion,23,Satara,FAQ,Karad,350,200,300,Maharashtra,Other
17/05/2005,Onion,23,Satara,FAQ,Karad,350,200,300,Maharashtra,Other
19/05/2005,Onion,23,Satara,FAQ,Karad,350,200,300,Maharashtra,Other
23/05/2005,Onion,23,Satara,FAQ,Karad,300,200,250,Maharashtra,Other
25/05/2005,Onion,23,Satara,FAQ,Karad,300,250,300,Maharashtra,Other
11/06/2005,Onion,23,Satara,FAQ,Karad,400,200,300,Maharashtra,Other
14/06/2005,Onion,23,Satara,FAQ,Karad,400,200,300,Maharashtra,Other
18/06/2005,Onion,23,Satara,FAQ,Karad,450,200,350,Maharashtra,Other
22/06/2005,Onion,23,Satara,FAQ,Karad,450,200,350,Maharashtra,Other
05/07/2005,Onion,23,Satara,FAQ,Karad,600,300,500,Maharashtra,Other
11/07/2005,Onion,23,Satara,FAQ,Karad,500,320,400,Maharashtra,Other
18/07/2005,Onion,23,Satara,FAQ,Karad,600,300,450,Maharashtra,Other
30/07/2005,Onion,23,Satara,FAQ,Karad,500,300,400,Maharashtra,Other
06/08/2005,Onion,23,Satara,FAQ,Karad,600,300,500,Maharashtra,Other
11/08/2005,Onion,23,Satara,FAQ,Karad,600,400,500,Maharashtra,Other
22/08/2005,Onion,23,Satara,FAQ,Karad,800,500,700,Maharashtra,Other
25/08/2005,Onion,23,Satara,FAQ,Karad,800,500,700,Maharashtra,Other
29/08/2005,Onion,23,Satara,FAQ,Karad,600,300,500,Maharashtra,Other
30/08/2005,Onion,23,Satara,FAQ,Karad,600,300,500,Maharashtra,Other
03/09/2005,Onion,23,Satara,FAQ,Karad,1100,500,1000,Maharashtra,Other
04/09/2005,Onion,23,Satara,FAQ,Karad,1200,600,1000,Maharashtra,Other
05/09/2005,Onion,23,Satara,FAQ,Karad,900,400,800,Maharashtra,Other
14/09/2005,Onion,23,Satara,FAQ,Karad,900,550,800,Maharashtra,Other
20/09/2005,Onion,23,Satara,FAQ,Karad,800,400,650,Maharashtra,Other
05/12/2005,Onion,23,Satara,FAQ,Karad,1000,500,850,Maharashtra,Other
10/12/2005,Onion,23,Satara,FAQ,Karad,900,500,700,Maharashtra,Other
06/01/2007,Onion,23,Satara,FAQ,Karad,1000,200,700,Maharashtra,Other
09/01/2007,Onion,23,Satara,FAQ,Karad,1000,600,950,Maharashtra,Other
11/01/2007,Onion,23,Satara,FAQ,Karad,1000,700,900,Maharashtra,Other
17/01/2007,Onion,23,Satara,FAQ,Karad,1100,600,1000,Maharashtra,Other
20/01/2007,Onion,23,Satara,FAQ,Karad,1100,800,1000,Maharashtra,Other
22/01/2007,Onion,23,Satara,FAQ,Karad,1000,800,900,Maharashtra,Other
07/02/2007,Onion,23,Satara,FAQ,Karad,1100,700,1000,Maharashtra,Other
04/04/2007,Onion,23,Satara,FAQ,Karad,650,400,600,Maharashtra,Other
11/04/2007,Onion,23,Satara,FAQ,Karad,650,300,500,Maharashtra,Other
24/04/2007,Onion,23,Satara,FAQ,Karad,600,400,500,Maharashtra,Other
05/05/2007,Onion,23,Satara,FAQ,Karad,600,400,500,Maharashtra,Other
02/06/2007,Onion,23,Satara,FAQ,Karad,800,500,700,Maharashtra,Other
11/06/2007,Onion,23,Satara,FAQ,Karad,900,200,600,Maharashtra,Other
23/06/2007,Onion,23,Satara,FAQ,Karad,1000,500,800,Maharashtra,Other
10/07/2007,Onion,23,Satara,FAQ,Karad,1100,800,1000,Maharashtra,Other
27/08/2007,Onion,23,Satara,FAQ,Karad,1500,800,1200,Maharashtra,Other
29/08/2007,Onion,23,Satara,FAQ,Karad,1500,800,1200,Maharashtra,Other
06/10/2007,Onion,23,Satara,FAQ,Karad,1500,1200,1400,Maharashtra,Other
10/10/2007,Onion,23,Satara,FAQ,Karad,2000,800,1300,Maharashtra,Other
13/10/2007,Onion,23,Satara,FAQ,Karad,1800,800,1400,Maharashtra,Other
17/10/2007,Onion,23,Satara,FAQ,Karad,1000,700,950,Maharashtra,Other
20/10/2007,Onion,23,Satara,FAQ,Karad,1400,500,1200,Maharashtra,Other
27/10/2007,Onion,23,Satara,FAQ,Karad,1200,400,1000,Maharashtra,Other
01/11/2007,Onion,23,Satara,FAQ,Karad,1300,700,1150,Maharashtra,Other
28/11/2007,Onion,23,Satara,FAQ,Karad,700,300,600,Maharashtra,Other
19/12/2007,Onion,23,Satara,FAQ,Karad,700,300,600,Maharashtra,Other
05/05/2024,Onion,23,Satara,FAQ,Karad,1400,1000,1400,Maharashtra,Other
07/05/2024,Onion,23,Satara,FAQ,Karad,2200,1500,2200,Maharashtra,Other
13/05/2024,Onion,23,Satara,FAQ,Karad,2200,1500,2200,Maharashtra,Other
21/05/2024,Onion,23,Satara,FAQ,Karad,2000,500,2000,Maharashtra,Other
25/05/2024,Onion,23,Satara,FAQ,Karad,2000,1000,2000,Maharashtra,Other
28/05/2024,Onion,23,Satara,FAQ,Karad,2100,500,2100,Maharashtra,Other
14/01/2021,Onion,23,Satara,FAQ,Karad,3000,2500,3000,Maharashtra,Other
19/01/2021,Onion,23,Satara,FAQ,Karad,3000,2000,3000,Maharashtra,Other
23/01/2021,Onion,23,Satara,FAQ,Karad,3000,2000,3000,Maharashtra,Other
30/01/2021,Onion,23,Satara,FAQ,Karad,2500,2000,2500,Maharashtra,Other
13/02/2021,Onion,23,Satara,FAQ,Karad,4000,3000,4000,Maharashtra,Other
22/02/2021,Onion,23,Satara,FAQ,Karad,4000,3000,4000,Maharashtra,Other
04/03/2021,Onion,23,Satara,FAQ,Karad,3000,2500,3000,Maharashtra,Other
09/03/2021,Onion,23,Satara,FAQ,Karad,2500,2000,2500,Maharashtra,Other
10/03/2021,Onion,23,Satara,FAQ,Karad,2500,2000,2500,Maharashtra,Other
27/03/2021,Onion,23,Satara,FAQ,Karad,1500,1000,1500,Maharashtra,Other
30/03/2021,Onion,23,Satara,FAQ,Karad,1500,1300,1500,Maharashtra,Other
31/03/2021,Onion,23,Satara,FAQ,Karad,1300,500,1300,Maharashtra,Other
05/04/2021,Onion,23,Satara,FAQ,Karad,1800,1000,1800,Maharashtra,Other
28/04/2021,Onion,23,Satara,FAQ,Karad,1300,1000,1300,Maharashtra,Other
03/05/2021,Onion,23,Satara,FAQ,Karad,1400,500,1400,Maharashtra,Other
06/05/2021,Onion,23,Satara,FAQ,Karad,1300,1000,1300,Maharashtra,Other
20/05/2021,Onion,23,Satara,FAQ,Karad,1400,500,1400,Maharashtra,Other
22/05/2021,Onion,23,Satara,FAQ,Karad,1300,1000,1300,Maharashtra,Other
01/06/2021,Onion,23,Satara,FAQ,Karad,2000,1500,2000,Maharashtra,Other
09/06/2021,Onion,23,Satara,FAQ,Karad,2100,1700,2100,Maharashtra,Other
14/06/2021,Onion,23,Satara,FAQ,Karad,2200,1500,2200,Maharashtra,Other
27/06/2021,Onion,23,Satara,FAQ,Karad,2200,1500,2200,Maharashtra,Other
28/07/2021,Onion,23,Satara,FAQ,Karad,2200,1800,2200,Maharashtra,Other
17/08/2021,Onion,23,Satara,FAQ,Karad,2200,1800,2200,Maharashtra,Other
26/08/2021,Onion,23,Satara,FAQ,Karad,2300,1800,2300,Maharashtra,Other
28/08/2021,Onion,23,Satara,FAQ,Karad,2000,1500,2000,Maharashtra,Other
07/09/2021,Onion,23,Satara,FAQ,Karad,2000,1800,2000,Maharashtra,Other
13/09/2021,Onion,23,Satara,FAQ,Karad,1800,1300,1800,Maharashtra,Other
15/09/2021,Onion,23,Satara,FAQ,Karad,2200,1800,2200,Maharashtra,Other
16/09/2021,Onion,23,Satara,FAQ,Karad,1500,1000,1500,Maharashtra,Other
02/10/2021,Onion,23,Satara,FAQ,Karad,2000,1200,2000,Maharashtra,Other
04/10/2021,Onion,23,Satara,FAQ,Karad,3000,2500,3000,Maharashtra,Other
07/10/2021,Onion,23,Satara,FAQ,Karad,2800,2000,2800,Maharashtra,Other
08/11/2021,Onion,23,Satara,FAQ,Karad,2000,1000,2000,Maharashtra,Other
17/11/2021,Onion,23,Satara,FAQ,Karad,2500,500,2500,Maharashtra,Other
21/11/2021,Onion,23,Satara,FAQ,Karad,2500,1600,2500,Maharashtra,Other
09/12/2021,Onion,23,Satara,FAQ,Karad,3000,2000,3000,Maharashtra,Other
11/12/2021,Onion,23,Satara,FAQ,Karad,2500,1500,2500,Maharashtra,Other
13/12/2021,Onion,23,Satara,FAQ,Karad,3000,2000,3000,Maharashtra,Other
16/12/2021,Onion,23,Satara,FAQ,Karad,3000,2000,3000,Maharashtra,Other
19/12/2021,Onion,23,Satara,FAQ,Karad,3000,2000,3000,Maharashtra,Other
01/01/2024,Onion,23,Satara,FAQ,Karad,2000,600,2000,Maharashtra,Other
03/01/2024,Onion,23,Satara,FAQ,Karad,2600,1500,2600,Maharashtra,Other
08/01/2024,Onion,23,Satara,FAQ,Karad,2500,1500,2500,Maharashtra,Other
09/01/2024,Onion,23,Satara,FAQ,Karad,2400,1000,2400,Maharashtra,Other
28/01/2024,Onion,23,Satara,FAQ,Karad,1700,1500,1700,Maharashtra,Other
13/02/2024,Onion,23,Satara,FAQ,Karad,1300,800,1300,Maharashtra,Other
20/02/2024,Onion,23,Satara,FAQ,Karad,2000,1000,2000,Maharashtra,Other
12/03/2024,Onion,23,Satara,FAQ,Karad,1800,1500,1800,Maharashtra,Other
08/04/2024,Onion,23,Satara,FAQ,Karad,1700,500,1700,Maharashtra,Other
20/04/2024,Onion,23,Satara,FAQ,Karad,1300,500,1300,Maharashtra,Other
05/01/2025,Onion,23,Satara,FAQ,Karad,3000,2000,3000,Maharashtra,Other
06/01/2025,Onion,23,Satara,FAQ,Karad,3500,2500,3500,Maharashtra,Other
04/01/2020,Onion,23,Satara,FAQ,Karad,2600,2000,2600,Maharashtra,Other
21/01/2020,Onion,23,Satara,FAQ,Karad,5000,4000,5000,Maharashtra,Other
28/01/2020,Onion,23,Satara,FAQ,Karad,3000,2000,3000,Maharashtra,Other
05/02/2020,Onion,23,Satara,FAQ,Karad,3000,2000,3000,Maharashtra,Other
06/02/2020,Onion,23,Satara,FAQ,Karad,3000,2000,3000,Maharashtra,Other
08/02/2020,Onion,23,Satara,FAQ,Karad,3000,2000,3000,Maharashtra,Other
13/02/2020,Onion,23,Satara,FAQ,Karad,2200,1800,2200,Maharashtra,Other
17/02/2020,Onion,23,Satara,FAQ,Karad,2000,1500,2000,Maharashtra,Other
18/02/2020,Onion,23,Satara,FAQ,Karad,2000,1000,2000,Maharashtra,Other
20/02/2020,Onion,23,Satara,FAQ,Karad,2200,1500,2200,Maharashtra,Other
05/03/2020,Onion,23,Satara,FAQ,Karad,1700,1200,1700,Maharashtra,Other
08/03/2020,Onion,23,Satara,FAQ,Karad,2000,1000,2000,Maharashtra,Other
24/03/2020,Onion,23,Satara,FAQ,Karad,1800,1300,1800,Maharashtra,Other
05/04/2020,Onion,23,Satara,FAQ,Karad,1800,1400,1800,Maharashtra,Other
06/04/2020,Onion,23,Satara,FAQ,Karad,1800,1500,1800,Maharashtra,Other
21/05/2020,Onion,23,Satara,FAQ,Karad,1200,800,1200,Maharashtra,Other
28/05/2020,Onion,23,Satara,FAQ,Karad,1000,800,1000,Maharashtra,Other
01/06/2020,Onion,23,Satara,FAQ,Karad,800,500,800,Maharashtra,Other
16/06/2020,Onion,23,Satara,FAQ,Karad,1200,800,1200,Maharashtra,Other
21/06/2020,Onion,23,Satara,FAQ,Karad,1000,600,1000,Maharashtra,Other
25/06/2020,Onion,23,Satara,FAQ,Karad,1000,600,1000,Maharashtra,Other
27/06/2020,Onion,23,Satara,FAQ,Karad,1000,500,1000,Maharashtra,Other
28/06/2020,Onion,23,Satara,FAQ,Karad,1300,600,1300,Maharashtra,Other
04/07/2020,Onion,23,Satara,FAQ,Karad,1000,700,1000,Maharashtra,Other
05/07/2020,Onion,23,Satara,FAQ,Karad,800,500,800,Maharashtra,Other
09/07/2020,Onion,23,Satara,FAQ,Karad,1000,500,1000,Maharashtra,Other
11/07/2020,Onion,23,Satara,FAQ,Karad,1300,500,1300,Maharashtra,Other
13/07/2020,Onion,23,Satara,FAQ,Karad,1300,500,1300,Maharashtra,Other
30/07/2020,Onion,23,Satara,FAQ,Karad,800,400,800,Maharashtra,Other
06/08/2020,Onion,23,Satara,FAQ,Karad,1000,500,1000,Maharashtra,Other
20/08/2020,Onion,23,Satara,FAQ,Karad,1800,500,1800,Maharashtra,Other
23/08/2020,Onion,23,Satara,FAQ,Karad,1600,1000,1600,Maharashtra,Other
25/08/2020,Onion,23,Satara,FAQ,Karad,1600,1000,1600,Maharashtra,Other
29/08/2020,Onion,23,Satara,FAQ,Karad,1700,1000,1700,Maharashtra,Other
02/09/2020,Onion,23,Satara,FAQ,Karad,1600,1000,1600,Maharashtra,Other
06/09/2020,Onion,23,Satara,FAQ,Karad,1600,1000,1600,Maharashtra,Other
14/09/2020,Onion,23,Satara,FAQ,Karad,2100,1000,2100,Maharashtra,Other
24/09/2020,Onion,23,Satara,FAQ,Karad,4000,3000,4000,Maharashtra,Other
27/09/2020,Onion,23,Satara,FAQ,Karad,3500,2000,3500,Maharashtra,Other
29/09/2020,Onion,23,Satara,FAQ,Karad,4000,2000,4000,Maharashtra,Other
18/11/2020,Onion,23,Satara,FAQ,Karad,5000,3000,5000,Maharashtra,Other
19/11/2020,Onion,23,Satara,FAQ,Karad,6000,1000,6000,Maharashtra,Other
24/11/2020,Onion,23,Satara,FAQ,Karad,5500,3000,5500,Maharashtra,Other
26/11/2020,Onion,23,Satara,FAQ,Karad,5000,4000,5000,Maharashtra,Other
09/12/2020,Onion,23,Satara,FAQ,Karad,2500,2000,2500,Maharashtra,Other
12/12/2020,Onion,23,Satara,FAQ,Karad,3500,2000,3500,Maharashtra,Other
14/12/2020,Onion,23,Satara,FAQ,Karad,3500,3000,3500,Maharashtra,Other
22/12/2020,Onion,23,Satara,FAQ,Karad,3000,2000,3000,Maharashtra,Other
02/09/2024,Onion,23,Satara,FAQ,Karad,4000,1500,4000,Maharashtra,Other
05/09/2024,Onion,23,Satara,FAQ,Karad,4000,3000,4000,Maharashtra,Other
01/01/2022,Onion,23,Satara,FAQ,Karad,2600,500,2600,Maharashtra,Other
02/01/2022,Onion,23,Satara,FAQ,Karad,2500,500,2500,Maharashtra,Other
09/01/2022,Onion,23,Satara,FAQ,Karad,2800,500,2800,Maharashtra,Other
13/01/2022,Onion,23,Satara,FAQ,Karad,2800,1500,2800,Maharashtra,Other
18/01/2022,Onion,23,Satara,FAQ,Karad,2800,500,2800,Maharashtra,Other
22/01/2022,Onion,23,Satara,FAQ,Karad,2500,500,2500,Maharashtra,Other
25/01/2022,Onion,23,Satara,FAQ,Karad,2500,1000,2500,Maharashtra,Other
10/02/2022,Onion,23,Satara,FAQ,Karad,2500,1000,2500,Maharashtra,Other
06/03/2022,Onion,23,Satara,FAQ,Karad,2000,1500,2000,Maharashtra,Other
10/03/2022,Onion,23,Satara,FAQ,Karad,2000,1500,2000,Maharashtra,Other
12/03/2022,Onion,23,Satara,FAQ,Karad,2000,500,2000,Maharashtra,Other
22/03/2022,Onion,23,Satara,FAQ,Karad,1500,1200,1500,Maharashtra,Other
27/03/2022,Onion,23,Satara,FAQ,Karad,1200,200,1200,Maharashtra,Other
30/03/2022,Onion,23,Satara,FAQ,Karad,1300,500,1300,Maharashtra,Other
18/04/2022,Onion,23,Satara,FAQ,Karad,1200,800,1200,Maharashtra,Other
20/04/2022,Onion,23,Satara,FAQ,Karad,1300,800,1300,Maharashtra,Other
24/04/2022,Onion,23,Satara,FAQ,Karad,1300,1000,1300,Maharashtra,Other
16/05/2022,Onion,23,Satara,FAQ,Karad,1300,500,1300,Maharashtra,Other
18/05/2022,Onion,23,Satara,FAQ,Karad,1300,500,1300,Maharashtra,Other
29/05/2022,Onion,23,Satara,FAQ,Karad,1200,500,1200,Maharashtra,Other
31/05/2022,Onion,23,Satara,FAQ,Karad,1300,500,1300,Maharashtra,Other
01/06/2022,Onion,23,Satara,FAQ,Karad,1400,800,1400,Maharashtra,Other
04/06/2022,Onion,23,Satara,FAQ,Karad,1300,500,1300,Maharashtra,Other
09/06/2022,Onion,23,Satara,FAQ,Karad,1300,500,1300,Maharashtra,Other
11/06/2022,Onion,23,Satara,FAQ,Karad,1300,500,1300,Maharashtra,Other
12/06/2022,Onion,23,Satara,FAQ,Karad,1400,500,1400,Maharashtra,Other
14/06/2022,Onion,23,Satara,FAQ,Karad,1300,500,1300,Maharashtra,Other
20/06/2022,Onion,23,Satara,FAQ,Karad,1200,1000,1200,Maharashtra,Other
22/06/2022,Onion,23,Satara,FAQ,Karad,1100,500,1100,Maharashtra,Other
03/07/2022,Onion,23,Satara,FAQ,Karad,1700,500,1700,Maharashtra,Other
11/07/2022,Onion,23,Satara,FAQ,Karad,1800,1000,1800,Maharashtra,Other
16/07/2022,Onion,23,Satara,FAQ,Karad,1700,1000,1700,Maharashtra,Other
17/07/2022,Onion,23,Satara,FAQ,Karad,1800,300,1800,Maharashtra,Other
20/07/2022,Onion,23,Satara,FAQ,Karad,1500,500,1500,Maharashtra,Other
02/08/2022,Onion,23,Satara,FAQ,Karad,1700,500,1700,Maharashtra,Other
16/08/2022,Onion,23,Satara,FAQ,Karad,1600,500,1600,Maharashtra,Other
25/08/2022,Onion,23,Satara,FAQ,Karad,1800,500,1800,Maharashtra,Other
01/09/2022,Onion,23,Satara,FAQ,Karad,1500,500,1500,Maharashtra,Other
27/09/2022,Onion,23,Satara,FAQ,Karad,1400,500,1400,Maharashtra,Other
01/10/2022,Onion,23,Satara,FAQ,Karad,1700,200,1700,Maharashtra,Other
03/10/2022,Onion,23,Satara,FAQ,Karad,1700,500,1700,Maharashtra,Other
11/10/2022,Onion,23,Satara,FAQ,Karad,1700,200,1700,Maharashtra,Other
19/10/2022,Onion,23,Satara,FAQ,Karad,2000,500,2000,Maharashtra,Other
07/11/2022,Onion,23,Satara,FAQ,Karad,2500,500,2500,Maharashtra,Other
08/11/2022,Onion,23,Satara,FAQ,Karad,2400,1000,2400,Maharashtra,Other
26/11/2022,Onion,23,Satara,FAQ,Karad,2200,1000,2200,Maharashtra,Other
11/12/2022,Onion,23,Satara,FAQ,Karad,1500,200,1500,Maharashtra,Other
17/12/2022,Onion,23,Satara,FAQ,Karad,1800,500,1800,Maharashtra,Other
21/12/2022,Onion,23,Satara,FAQ,Karad,1500,500,1500,Maharashtra,Other
22/12/2022,Onion,23,Satara,FAQ,Karad,1600,500,1600,Maharashtra,Other
02/01/2018,Onion,23,Satara,FAQ,Karad,3500,2000,3500,Maharashtra,Other
03/01/2018,Onion,23,Satara,FAQ,Karad,3000,2000,3000,Maharashtra,Other
04/01/2018,Onion,23,Satara,FAQ,Karad,3000,2000,3000,Maharashtra,Other
07/01/2018,Onion,23,Satara,FAQ,Karad,4000,2500,4000,Maharashtra,Other
16/01/2018,Onion,23,Satara,FAQ,Karad,4000,2500,4000,Maharashtra,Other
23/01/2018,Onion,23,Satara,FAQ,Karad,3500,2000,3500,Maharashtra,Other
25/01/2018,Onion,23,Satara,FAQ,Karad,2800,1500,2800,Maharashtra,Other
01/02/2018,Onion,23,Satara,FAQ,Karad,2500,2000,2500,Maharashtra,Other
07/02/2018,Onion,23,Satara,FAQ,Karad,2500,1500,2500,Maharashtra,Other
12/03/2018,Onion,23,Satara,FAQ,Karad,1300,700,1300,Maharashtra,Other
25/03/2018,Onion,23,Satara,FAQ,Karad,1100,500,1100,Maharashtra,Other
31/03/2018,Onion,23,Satara,FAQ,Karad,1000,700,1000,Maharashtra,Other
03/04/2018,Onion,23,Satara,FAQ,Karad,1000,700,1000,Maharashtra,Other
04/04/2018,Onion,23,Satara,FAQ,Karad,1000,600,1000,Maharashtra,Other
09/04/2018,Onion,23,Satara,FAQ,Karad,1000,500,1000,Maharashtra,Other
19/04/2018,Onion,23,Satara,FAQ,Karad,800,500,800,Maharashtra,Other
26/04/2018,Onion,23,Satara,FAQ,Karad,1000,700,1000,Maharashtra,Other
28/04/2018,Onion,23,Satara,FAQ,Karad,1000,700,1000,Maharashtra,Other
29/04/2018,Onion,23,Satara,FAQ,Karad,1000,500,1000,Maharashtra,Other
12/05/2018,Onion,23,Satara,FAQ,Karad,900,500,900,Maharashtra,Other
16/05/2018,Onion,23,Satara,FAQ,Karad,800,500,800,Maharashtra,Other
19/05/2018,Onion,23,Satara,FAQ,Karad,900,500,900,Maharashtra,Other
30/05/2018,Onion,23,Satara,FAQ,Karad,900,400,900,Maharashtra,Other
09/06/2018,Onion,23,Satara,FAQ,Karad,1200,700,1200,Maharashtra,Other
18/06/2018,Onion,23,Satara,FAQ,Karad,1000,500,1000,Maharashtra,Other
20/06/2018,Onion,23,Satara,FAQ,Karad,1000,500,1000,Maharashtra,Other
01/07/2018,Onion,23,Satara,FAQ,Karad,1200,500,1200,Maharashtra,Other
02/07/2018,Onion,23,Satara,FAQ,Karad,1200,800,1200,Maharashtra,Other
21/07/2018,Onion,23,Satara,FAQ,Karad,1500,1000,1500,Maharashtra,Other
22/07/2018,Onion,23,Satara,FAQ,Karad,1500,1000,1500,Maharashtra,Other
24/07/2018,Onion,23,Satara,FAQ,Karad,1500,1000,1500,Maharashtra,Other
06/08/2018,Onion,23,Satara,FAQ,Karad,1300,700,1300,Maharashtra,Other
07/08/2018,Onion,23,Satara,FAQ,Karad,1400,700,1400,Maharashtra,Other
13/08/2018,Onion,23,Satara,FAQ,Karad,1400,700,1400,Maharashtra,Other
19/08/2018,Onion,23,Satara,FAQ,Karad,1300,700,1300,Maharashtra,Other
20/08/2018,Onion,23,Satara,FAQ,Karad,1300,700,1300,Maharashtra,Other
25/08/2018,Onion,23,Satara,FAQ,Karad,1200,800,1200,Maharashtra,Other
29/08/2018,Onion,23,Satara,FAQ,Karad,1200,800,1200,Maharashtra,Other
30/08/2018,Onion,23,Satara,FAQ,Karad,1200,700,1200,Maharashtra,Other
03/09/2018,Onion,23,Satara,FAQ,Karad,1200,700,1200,Maharashtra,Other
04/09/2018,Onion,23,Satara,FAQ,Karad,1200,800,1200,Maharashtra,Other
09/09/2018,Onion,23,Satara,FAQ,Karad,1200,700,1200,Maharashtra,Other
10/09/2018,Onion,23,Satara,FAQ,Karad,1200,700,1200,Maharashtra,Other
18/09/2018,Onion,23,Satara,FAQ,Karad,1100,600,1100,Maharashtra,Other
24/09/2018,Onion,23,Satara,FAQ,Karad,1200,700,1200,Maharashtra,Other
25/09/2018,Onion,23,Satara,FAQ,Karad,1000,800,1000,Maharashtra,Other
27/09/2018,Onion,23,Satara,FAQ,Karad,1200,800,1200,Maharashtra,Other
03/10/2018,Onion,23,Satara,FAQ,Karad,1000,700,1000,Maharashtra,Other
04/10/2018,Onion,23,Satara,FAQ,Karad,1000,500,1000,Maharashtra,Other
10/10/2018,Onion,23,Satara,FAQ,Karad,1100,600,1100,Maharashtra,Other
11/10/2018,Onion,23,Satara,FAQ,Karad,1000,500,1000,Maharashtra,Other
14/10/2018,Onion,23,Satara,FAQ,Karad,1100,600,1100,Maharashtra,Other
21/10/2018,Onion,23,Satara,FAQ,Karad,1800,1000,1800,Maharashtra,Other
27/10/2018,Onion,23,Satara,FAQ,Karad,1800,1000,1800,Maharashtra,Other
28/10/2018,Onion,23,Satara,FAQ,Karad,1800,1000,1800,Maharashtra,Other
06/11/2018,Onion,23,Satara,FAQ,Karad,1600,500,1600,Maharashtra,Other
18/11/2018,Onion,23,Satara,FAQ,Karad,1500,600,1500,Maharashtra,Other
02/12/2018,Onion,23,Satara,FAQ,Karad,1100,700,1100,Maharashtra,Other
09/12/2018,Onion,23,Satara,FAQ,Karad,1000,500,1000,Maharashtra,Other
17/12/2018,Onion,23,Satara,FAQ,Karad,1000,600,1000,Maharashtra,Other
26/12/2018,Onion,23,Satara,FAQ,Karad,1000,600,1000,Maharashtra,Other
31/12/2018,Onion,23,Satara,FAQ,Karad,1000,500,1000,Maharashtra,Other
16/04/2025,Onion,23,Satara,Local,Karad,1500,1000,1500,Maharashtra,Other
23/04/2025,Onion,23,Satara,Local,Karad,1300,500,1300,Maharashtra,Other
16/10/2024,Onion,23,Satara,FAQ,Karad,3500,2000,3500,Maharashtra,Other
01/10/2024,Onion,23,Satara,FAQ,Karad,4000,2000,4000,Maharashtra,Other
24/10/2024,Onion,23,Satara,FAQ,Karad,3800,2000,3800,Maharashtra,Other
09/10/2024,Onion,23,Satara,FAQ,Karad,3000,2000,3000,Maharashtra,Other
23/10/2024,Onion,23,Satara,FAQ,Karad,3200,2500,3200,Maharashtra,Other
03/11/2024,Onion,23,Satara,FAQ,Karad,5000,2000,5000,Maharashtra,Other
18/11/2024,Onion,23,Satara,FAQ,Karad,5000,2000,5000,Maharashtra,Other
21/05/2025,Onion,23,Satara,Local,Karad,1300,500,1300,Maharashtra,Other
24/05/2025,Onion,23,Satara,Local,Karad,1400,500,1400,Maharashtra,Other
28/05/2025,Onion,23,Satara,Local,Karad,1400,500,1400,Maharashtra,Other
10/09/2025,Onion,23,Satara,Local,Karad,1600,500,1600,Maharashtra,Other
13/09/2025,Onion,23,Satara,Local,Karad,1300,500,1300,Maharashtra,Other
14/09/2025,Onion,23,Satara,Local,Karad,1400,500,1400,Maharashtra,Other
15/09/2025,Onion,23,Satara,Local,Karad,1500,1000,1500,Maharashtra,Other
25/09/2025,Onion,23,Satara,Local,Karad,1800,500,1800,Maharashtra,Other
29/09/2025,Onion,23,Satara,Local,Karad,1400,500,1400,Maharashtra,Other
09/08/2025,Onion,23,Satara,Local,Karad,1400,500,1400,Maharashtra,Other
26/08/2025,Onion,23,Satara,Local,Karad,1600,1000,1600,Maharashtra,Other
28/08/2025,Onion,23,Satara,Local,Karad,1600,500,1600,Maharashtra,Other
03/08/2025,Onion,23,Satara,Local,Karad,2000,1600,2000,Maharashtra,Other
19/08/2025,Onion,23,Satara,Local,Karad,1400,500,1400,Maharashtra,Other
01/10/2025,Onion,23,Satara,Local,Karad,1500,500,1500,Maharashtra,Other
04/11/2025,Onion,23,Satara,Local,Karad,1600,500,1600,Maharashtra,Other
06/10/2025,Onion,23,Satara,Local,Karad,1600,600,1600,Maharashtra,Other
12/10/2025,Onion,23,Satara,Local,Karad,1700,500,1700,Maharashtra,Other
18/10/2025,Onion,23,Satara,Local,Karad,1500,500,1500,Maharashtra,Other
11/03/2025,Onion,23,Satara,Local,Karad,2000,500,2000,Maharashtra,Other
12/03/2025,Onion,23,Satara,Local,Karad,2000,1500,2000,Maharashtra,Other
02/03/2025,Onion,23,Satara,Local,Karad,2500,500,2500,Maharashtra,Other
04/03/2025,Onion,23,Satara,Local,Karad,2500,1500,2500,Maharashtra,Other
29/03/2025,Onion,23,Satara,Local,Karad,1700,500,1700,Maharashtra,Other
04/12/2024,Onion,23,Satara,FAQ,Karad,5500,4000,5500,Maharashtra,Other
07/12/2024,Onion,23,Satara,FAQ,Karad,3500,2000,3500,Maharashtra,Other
08/12/2024,Onion,23,Satara,FAQ,Karad,3300,2800,3300,Maharashtra,Other
09/12/2024,Onion,23,Satara,FAQ,Karad,4500,2000,4500,Maharashtra,Other
15/12/2024,Onion,23,Satara,FAQ,Karad,4000,1000,4000,Maharashtra,Other
18/12/2024,Onion,23,Satara,FAQ,Karad,3500,2500,3500,Maharashtra,Other
23/12/2024,Onion,23,Satara,FAQ,Karad,3500,500,3500,Maharashtra,Other
28/12/2024,Onion,23,Satara,FAQ,Karad,3500,2500,3500,Maharashtra,Other
29/12/2024,Onion,23,Satara,FAQ,Karad,3400,2500,3400,Maharashtra,Other
13/01/2019,Onion,23,Satara,FAQ,Karad,1000,600,1000,Maharashtra,Other
15/01/2019,Onion,23,Satara,FAQ,Karad,900,400,900,Maharashtra,Other
17/01/2019,Onion,23,Satara,FAQ,Karad,1000,500,1000,Maharashtra,Other
19/01/2019,Onion,23,Satara,FAQ,Karad,700,400,700,Maharashtra,Other
27/01/2019,Onion,23,Satara,FAQ,Karad,1000,500,1000,Maharashtra,Other
03/02/2019,Onion,23,Satara,FAQ,Karad,1000,500,1000,Maharashtra,Other
21/02/2019,Onion,23,Satara,FAQ,Karad,1000,500,1000,Maharashtra,Other
07/03/2019,Onion,23,Satara,FAQ,Karad,800,500,800,Maharashtra,Other
20/03/2019,Onion,23,Satara,FAQ,Karad,800,500,600,Maharashtra,Other
26/03/2019,Onion,23,Satara,FAQ,Karad,800,500,600,Maharashtra,Other
28/03/2019,Onion,23,Satara,FAQ,Karad,1000,800,850,Maharashtra,Other
03/04/2019,Onion,23,Satara,FAQ,Karad,800,500,800,Maharashtra,Other
10/04/2019,Onion,23,Satara,FAQ,Karad,900,500,750,Maharashtra,Other
11/04/2019,Onion,23,Satara,FAQ,Karad,800,500,750,Maharashtra,Other
13/04/2019,Onion,23,Satara,FAQ,Karad,900,500,900,Maharashtra,Other
15/04/2019,Onion,23,Satara,FAQ,Karad,900,400,700,Maharashtra,Other
16/04/2019,Onion,23,Satara,FAQ,Karad,900,500,700,Maharashtra,Other
29/04/2019,Onion,23,Satara,FAQ,Karad,900,500,800,Maharashtra,Other
02/05/2019,Onion,23,Satara,FAQ,Karad,1200,1000,1200,Maharashtra,Other
22/05/2019,Onion,23,Satara,FAQ,Karad,1200,700,1000,Maharashtra,Other
23/05/2019,Onion,23,Satara,FAQ,Karad,1200,700,1000,Maharashtra,Other
03/06/2019,Onion,23,Satara,FAQ,Karad,1300,800,1100,Maharashtra,Other
04/06/2019,Onion,23,Satara,FAQ,Karad,1300,800,1100,Maharashtra,Other
09/06/2019,Onion,23,Satara,FAQ,Karad,1500,700,1500,Maharashtra,Other
15/06/2019,Onion,23,Satara,FAQ,Karad,1500,800,1100,Maharashtra,Other
18/06/2019,Onion,23,Satara,FAQ,Karad,1600,800,1200,Maharashtra,Other
19/06/2019,Onion,23,Satara,FAQ,Karad,1600,700,1000,Maharashtra,Other
24/06/2019,Onion,23,Satara,FAQ,Karad,1600,1000,1300,Maharashtra,Other
25/06/2019,Onion,23,Satara,FAQ,Karad,1500,1000,1200,Maharashtra,Other
26/06/2019,Onion,23,Satara,FAQ,Karad,1500,1000,1100,Maharashtra,Other
01/07/2019,Onion,23,Satara,FAQ,Karad,1500,1000,1200,Maharashtra,Other
15/07/2019,Onion,23,Satara,FAQ,Karad,1600,800,1200,Maharashtra,Other
17/07/2019,Onion,23,Satara,FAQ,Karad,1600,1000,1200,Maharashtra,Other
29/07/2019,Onion,23,Satara,FAQ,Karad,1500,1200,1500,Maharashtra,Other
11/08/2019,Onion,23,Satara,FAQ,Karad,1800,1500,1800,Maharashtra,Other
21/08/2019,Onion,23,Satara,FAQ,Karad,2200,1500,2200,Maharashtra,Other
28/08/2019,Onion,23,Satara,FAQ,Karad,2500,1800,2500,Maharashtra,Other
31/08/2019,Onion,23,Satara,FAQ,Karad,2600,2000,2600,Maharashtra,Other
03/09/2019,Onion,23,Satara,FAQ,Karad,2800,2000,2800,Maharashtra,Other
10/09/2019,Onion,23,Satara,FAQ,Karad,3000,2000,3000,Maharashtra,Other
15/09/2019,Onion,23,Satara,FAQ,Karad,2700,2000,2700,Maharashtra,Other
01/10/2019,Onion,23,Satara,FAQ,Karad,3500,2500,3500,Maharashtra,Other
19/10/2019,Onion,23,Satara,FAQ,Karad,3200,2500,3200,Maharashtra,Other
02/11/2019,Onion,23,Satara,FAQ,Karad,5000,4500,5000,Maharashtra,Other
05/11/2019,Onion,23,Satara,FAQ,Karad,5000,4000,5000,Maharashtra,Other
11/11/2019,Onion,23,Satara,FAQ,Karad,5000,4000,5000,Maharashtra,Other
25/11/2019,Onion,23,Satara,FAQ,Karad,6500,5500,6500,Maharashtra,Other
07/12/2019,Onion,23,Satara,FAQ,Karad,10000,7000,10000,Maharashtra,Other
21/12/2019,Onion,23,Satara,FAQ,Karad,9000,5000,9000,Maharashtra,Other
03/01/2023,Onion,23,Satara,FAQ,Karad,2000,500,2000,Maharashtra,Other
05/01/2023,Onion,23,Satara,FAQ,Karad,2000,1000,2000,Maharashtra,Other
15/01/2023,Onion,23,Satara,FAQ,Karad,2000,500,2000,Maharashtra,Other
23/01/2023,Onion,23,Satara,FAQ,Karad,2400,500,2400,Maharashtra,Other
24/01/2023,Onion,23,Satara,FAQ,Karad,2000,1000,2000,Maharashtra,Other
25/01/2023,Onion,23,Satara,FAQ,Karad,2000,1000,2000,Maharashtra,Other
08/02/2023,Onion,23,Satara,FAQ,Karad,1500,500,1500,Maharashtra,Other
14/02/2023,Onion,23,Satara,FAQ,Karad,1300,500,1300,Maharashtra,Other
22/02/2023,Onion,23,Satara,FAQ,Karad,1500,700,1500,Maharashtra,Other
23/02/2023,Onion,23,Satara,FAQ,Karad,1500,500,1500,Maharashtra,Other
25/02/2023,Onion,23,Satara,FAQ,Karad,1500,500,1500,Maharashtra,Other
27/02/2023,Onion,23,Satara,FAQ,Karad,1500,500,1500,Maharashtra,Other
02/03/2023,Onion,23,Satara,FAQ,Karad,1000,600,1000,Maharashtra,Other
04/03/2023,Onion,23,Satara,FAQ,Karad,1300,500,1300,Maharashtra,Other
05/03/2023,Onion,23,Satara,FAQ,Karad,1400,500,1400,Maharashtra,Other
06/03/2023,Onion,23,Satara,FAQ,Karad,1500,700,1500,Maharashtra,Other
15/03/2023,Onion,23,Satara,FAQ,Karad,1400,500,1400,Maharashtra,Other
22/03/2023,Onion,23,Satara,FAQ,Karad,1300,300,1300,Maharashtra,Other
23/03/2023,Onion,23,Satara,FAQ,Karad,1500,500,1500,Maharashtra,Other
01/04/2023,Onion,23,Satara,FAQ,Karad,1400,700,1400,Maharashtra,Other
06/04/2023,Onion,23,Satara,FAQ,Karad,1400,500,1400,Maharashtra,Other
09/04/2023,Onion,23,Satara,FAQ,Karad,1300,1000,1300,Maharashtra,Other
18/04/2023,Onion,23,Satara,FAQ,Karad,1200,200,1200,Maharashtra,Other
08/05/2023,Onion,23,Satara,FAQ,Karad,1000,700,1000,Maharashtra,Other
10/05/2023,Onion,23,Satara,FAQ,Karad,1000,500,1000,Maharashtra,Other
13/05/2023,Onion,23,Satara,FAQ,Karad,1200,400,1200,Maharashtra,Other
14/05/2023,Onion,23,Satara,FAQ,Karad,1300,500,1300,Maharashtra,Other
18/05/2023,Onion,23,Satara,FAQ,Karad,800,400,800,Maharashtra,Other
20/05/2023,Onion,23,Satara,FAQ,Karad,1000,400,1000,Maharashtra,Other
06/06/2023,Onion,23,Satara,FAQ,Karad,1200,800,1200,Maharashtra,Other
10/06/2023,Onion,23,Satara,FAQ,Karad,1500,500,1500,Maharashtra,Other
14/06/2023,Onion,23,Satara,FAQ,Karad,1500,500,1500,Maharashtra,Other
18/06/2023,Onion,23,Satara,FAQ,Karad,1200,800,1200,Maharashtra,Other
27/06/2023,Onion,23,Satara,FAQ,Karad,1400,200,1400,Maharashtra,Other
02/07/2023,Onion,23,Satara,FAQ,Karad,1500,1000,1500,Maharashtra,Other
06/07/2023,Onion,23,Satara,FAQ,Karad,1700,500,1700,Maharashtra,Other
10/07/2023,Onion,23,Satara,FAQ,Karad,2000,1500,2000,Maharashtra,Other
11/07/2023,Onion,23,Satara,FAQ,Karad,1800,1000,1800,Maharashtra,Other
30/07/2023,Onion,23,Satara,FAQ,Karad,1700,500,1700,Maharashtra,Other
31/07/2023,Onion,23,Satara,FAQ,Karad,1500,1200,1500,Maharashtra,Other
03/08/2023,Onion,23,Satara,FAQ,Karad,1700,600,1700,Maharashtra,Other
07/08/2023,Onion,23,Satara,FAQ,Karad,1700,300,1700,Maharashtra,Other
13/08/2023,Onion,23,Satara,FAQ,Karad,2500,1400,2500,Maharashtra,Other
14/08/2023,Onion,23,Satara,FAQ,Karad,2500,1000,2500,Maharashtra,Other
05/09/2023,Onion,23,Satara,FAQ,Karad,2500,1200,2500,Maharashtra,Other
16/09/2023,Onion,23,Satara,FAQ,Karad,2300,1500,2300,Maharashtra,Other
21/09/2023,Onion,23,Satara,FAQ,Karad,2200,500,2200,Maharashtra,Other
23/09/2023,Onion,23,Satara,FAQ,Karad,2300,1500,2300,Maharashtra,Other
30/09/2023,Onion,23,Satara,FAQ,Karad,2300,1500,2300,Maharashtra,Other
02/10/2023,Onion,23,Satara,FAQ,Karad,2200,500,2200,Maharashtra,Other
15/10/2023,Onion,23,Satara,FAQ,Karad,2200,500,2200,Maharashtra,Other
01/11/2023,Onion,23,Satara,FAQ,Karad,5600,4500,5600,Maharashtra,Other
04/11/2023,Onion,23,Satara,FAQ,Karad,5000,2000,5000,Maharashtra,Other
06/11/2023,Onion,23,Satara,FAQ,Karad,4500,3000,4500,Maharashtra,Other
13/12/2023,Onion,23,Satara,FAQ,Karad,4000,2500,4000,Maharashtra,Other
16/12/2023,Onion,23,Satara,FAQ,Karad,4500,2500,4500,Maharashtra,Other
30/12/2023,Onion,23,Satara,FAQ,Karad,3000,2500,3000,Maharashtra,Other
05/02/2025,Onion,23,Satara,Local,Karad,2500,500,2500,Maharashtra,Other
13/02/2025,Onion,23,Satara,Local,Karad,2000,1500,2000,Maharashtra,Other
15/02/2025,Onion,23,Satara,Local,Karad,3000,500,3000,Maharashtra,Other
16/02/2025,Onion,23,Satara,Local,Karad,2500,1000,2500,Maharashtra,Other
23/02/2025,Onion,23,Satara,Local,Karad,2800,2000,2800,Maharashtra,Other
03/06/2025,Onion,23,Satara,Local,Karad,1300,1000,1300,Maharashtra,Other
02/06/2025,Onion,23,Satara,Local,Karad,1500,200,1500,Maharashtra,Other
09/06/2025,Onion,23,Satara,Local,Karad,1600,500,1600,Maharashtra,Other
10/06/2025,Onion,23,Satara,Local,Karad,1800,500,1800,Maharashtra,Other
15/06/2025,Onion,23,Satara,Local,Karad,1800,500,1800,Maharashtra,Other
16/06/2025,Onion,23,Satara,Local,Karad,1700,1000,1700,Maharashtra,Other
19/06/2025,Onion,23,Satara,Local,Karad,1800,500,1800,Maharashtra,Other
24/06/2025,Onion,23,Satara,Local,Karad,1700,500,1700,Maharashtra,Other
30/06/2025,Onion,23,Satara,Local,Karad,1400,500,1400,Maharashtra,Other
02/07/2025,Onion,23,Satara,Local,Karad,1700,1000,1700,Maharashtra,Other
10/07/2025,Onion,23,Satara,Local,Karad,1800,1000,1800,Maharashtra,Other
12/07/2025,Onion,23,Satara,Local,Karad,1800,1000,1800,Maharashtra,Other
27/07/2025,Onion,23,Satara,Local,Karad,1600,1000,1600,Maharashtra,Other
30/07/2025,Onion,23,Satara,Local,Karad,1700,500,1700,Maharashtra,Other
07/01/2015,Onion,23,Satara,FAQ,Karad,1600,1000,1300,Maharashtra,Other
03/02/2015,Onion,23,Satara,FAQ,Karad,1800,1000,1400,Maharashtra,Other
23/02/2015,Onion,23,Satara,FAQ,Karad,2300,1500,1900,Maharashtra,Other
02/03/2015,Onion,23,Satara,FAQ,Karad,1800,1000,1400,Maharashtra,Other
16/03/2015,Onion,23,Satara,FAQ,Karad,2000,1000,1500,Maharashtra,Other
18/03/2015,Onion,23,Satara,FAQ,Karad,1800,1000,1400,Maharashtra,Other
25/04/2015,Onion,23,Satara,FAQ,Karad,1400,900,1150,Maharashtra,Other
20/05/2015,Onion,23,Satara,FAQ,Karad,1500,800,1150,Maharashtra,Other
30/05/2015,Onion,23,Satara,FAQ,Karad,2200,1400,1800,Maharashtra,Other
10/08/2015,Onion,23,Satara,FAQ,Karad,4000,3000,4000,Maharashtra,Other
24/08/2015,Onion,23,Satara,FAQ,Karad,4000,3000,4000,Maharashtra,Other
16/09/2015,Onion,23,Satara,FAQ,Karad,4000,3000,4000,Maharashtra,Other
14/10/2015,Onion,23,Satara,FAQ,Karad,2200,1200,2200,Maharashtra,Other
01/11/2015,Onion,23,Satara,FAQ,Karad,2100,1500,2100,Maharashtra,Other
03/11/2015,Onion,23,Satara,FAQ,Karad,2100,1500,2100,Maharashtra,Other
17/12/2015,Onion,23,Satara,FAQ,Karad,2000,1500,2000,Maharashtra,Other
21/12/2015,Onion,23,Satara,FAQ,Karad,2000,1600,2000,Maharashtra,Other
26/12/2015,Onion,23,Satara,FAQ,Karad,2000,1500,2000,Maharashtra,Other
01/01/2013,Onion,23,Satara,FAQ,Karad,1600,800,1200,Maharashtra,Other
02/01/2013,Onion,23,Satara,FAQ,Karad,1600,1200,1400,Maharashtra,Other
09/02/2013,Onion,23,Satara,FAQ,Karad,2000,1700,1850,Maharashtra,Other
16/02/2013,Onion,23,Satara,FAQ,Karad,2000,1500,1750,Maharashtra,Other
18/03/2013,Onion,23,Satara,FAQ,Karad,1400,800,1050,Maharashtra,Other
19/03/2013,Onion,23,Satara,FAQ,Karad,1500,800,1150,Maharashtra,Other
25/03/2013,Onion,23,Satara,FAQ,Karad,1500,800,1100,Maharashtra,Other
08/04/2013,Onion,23,Satara,FAQ,Karad,1400,1200,1300,Maharashtra,Other
09/04/2013,Onion,23,Satara,FAQ,Karad,1400,1100,1250,Maharashtra,Other
13/04/2013,Onion,23,Satara,FAQ,Karad,1300,1100,1200,Maharashtra,Other
16/04/2013,Onion,23,Satara,FAQ,Karad,1400,1000,1200,Maharashtra,Other
30/04/2013,Onion,23,Satara,FAQ,Karad,1300,700,1000,Maharashtra,Other
14/05/2013,Onion,23,Satara,FAQ,Karad,1400,1000,1200,Maharashtra,Other
18/05/2013,Onion,23,Satara,FAQ,Karad,1200,800,1000,Maharashtra,Other
21/05/2013,Onion,23,Satara,FAQ,Karad,1300,600,850,Maharashtra,Other
27/05/2013,Onion,23,Satara,FAQ,Karad,1200,800,1000,Maharashtra,Other
30/05/2013,Onion,23,Satara,FAQ,Karad,1200,700,850,Maharashtra,Other
10/06/2013,Onion,23,Satara,FAQ,Karad,1500,700,1100,Maharashtra,Other
17/06/2013,Onion,23,Satara,FAQ,Karad,1500,600,1050,Maharashtra,Other
29/06/2013,Onion,23,Satara,FAQ,Karad,1800,700,1250,Maharashtra,Other
08/07/2013,Onion,23,Satara,FAQ,Karad,2000,1800,1900,Maharashtra,Other
26/08/2013,Onion,23,Satara,FAQ,Karad,4000,3000,3500,Maharashtra,Other
14/09/2013,Onion,23,Satara,FAQ,Karad,4500,3500,4000,Maharashtra,Other
25/09/2013,Onion,23,Satara,FAQ,Karad,3000,1500,2250,Maharashtra,Other
07/10/2013,Onion,23,Satara,FAQ,Karad,3000,1600,2300,Maharashtra,Other
21/10/2013,Onion,23,Satara,FAQ,Karad,4000,2000,3000,Maharashtra,Other
22/10/2013,Onion,23,Satara,FAQ,Karad,4000,2000,3000,Maharashtra,Other
30/10/2013,Onion,23,Satara,FAQ,Karad,3100,2500,2550,Maharashtra,Other
11/11/2013,Onion,23,Satara,FAQ,Karad,4500,2000,3250,Maharashtra,Other
19/11/2013,Onion,23,Satara,FAQ,Karad,4000,1000,2500,Maharashtra,Other
07/12/2013,Onion,23,Satara,FAQ,Karad,2600,1500,2050,Maharashtra,Other
10/12/2013,Onion,23,Satara,FAQ,Karad,2500,1200,1850,Maharashtra,Other
17/12/2013,Onion,23,Satara,FAQ,Karad,2500,2000,2250,Maharashtra,Other
18/12/2013,Onion,23,Satara,FAQ,Karad,1500,1000,1250,Maharashtra,Other
30/12/2013,Onion,23,Satara,FAQ,Karad,1800,1000,1400,Maharashtra,Other
31/12/2013,Onion,23,Satara,FAQ,Karad,1700,1000,1350,Maharashtra,Other
04/01/2012,Onion,23,Satara,FAQ,Karad,700,400,550,Maharashtra,Other
15/01/2012,Onion,23,Satara,FAQ,Karad,700,300,500,Maharashtra,Other
19/01/2012,Onion,23,Satara,FAQ,Karad,700,400,550,Maharashtra,Other
06/02/2012,Onion,23,Satara,FAQ,Karad,600,200,400,Maharashtra,Other
21/02/2012,Onion,23,Satara,FAQ,Karad,700,300,500,Maharashtra,Other
22/02/2012,Onion,23,Satara,FAQ,Karad,700,300,500,Maharashtra,Other
29/02/2012,Onion,23,Satara,FAQ,Karad,500,400,450,Maharashtra,Other
03/03/2012,Onion,23,Satara,FAQ,Karad,700,300,500,Maharashtra,Other
05/03/2012,Onion,23,Satara,FAQ,Karad,700,300,500,Maharashtra,Other
08/03/2012,Onion,23,Satara,FAQ,Karad,600,400,500,Maharashtra,Other
10/03/2012,Onion,23,Satara,FAQ,Karad,500,400,450,Maharashtra,Other
12/03/2012,Onion,23,Satara,FAQ,Karad,500,200,350,Maharashtra,Other
19/03/2012,Onion,23,Satara,FAQ,Karad,800,500,600,Maharashtra,Other
24/03/2012,Onion,23,Satara,FAQ,Karad,800,500,650,Maharashtra,Other
26/03/2012,Onion,23,Satara,FAQ,Karad,700,400,550,Maharashtra,Other
17/04/2012,Onion,23,Satara,FAQ,Karad,700,300,500,Maharashtra,Other
18/04/2012,Onion,23,Satara,FAQ,Karad,500,300,400,Maharashtra,Other
24/04/2012,Onion,23,Satara,FAQ,Karad,700,300,500,Maharashtra,Other
26/04/2012,Onion,23,Satara,FAQ,Karad,700,500,600,Maharashtra,Other
09/05/2012,Onion,23,Satara,FAQ,Karad,700,500,600,Maharashtra,Other
16/05/2012,Onion,23,Satara,FAQ,Karad,700,500,600,Maharashtra,Other
19/05/2012,Onion,23,Satara,FAQ,Karad,600,100,350,Maharashtra,Other
23/05/2012,Onion,23,Satara,FAQ,Karad,600,200,400,Maharashtra,Other
27/05/2012,Onion,23,Satara,FAQ,Karad,600,400,500,Maharashtra,Other
06/06/2012,Onion,23,Satara,FAQ,Karad,600,300,450,Maharashtra,Other
09/06/2012,Onion,23,Satara,FAQ,Karad,600,300,450,Maharashtra,Other
25/06/2012,Onion,23,Satara,FAQ,Karad,700,400,550,Maharashtra,Other
26/06/2012,Onion,23,Satara,FAQ,Karad,700,500,600,Maharashtra,Other
27/06/2012,Onion,23,Satara,FAQ,Karad,600,400,500,Maharashtra,Other
04/07/2012,Onion,23,Satara,FAQ,Karad,800,300,550,Maharashtra,Other
17/07/2012,Onion,23,Satara,FAQ,Karad,800,600,700,Maharashtra,Other
19/07/2012,Onion,23,Satara,FAQ,Karad,600,400,500,Maharashtra,Other
21/07/2012,Onion,23,Satara,FAQ,Karad,700,500,600,Maharashtra,Other
31/07/2012,Onion,23,Satara,FAQ,Karad,800,500,650,Maharashtra,Other
04/08/2012,Onion,23,Satara,FAQ,Karad,800,600,700,Maharashtra,Other
08/08/2012,Onion,23,Satara,FAQ,Karad,900,500,700,Maharashtra,Other
14/08/2012,Onion,23,Satara,FAQ,Karad,1100,800,950,Maharashtra,Other
21/08/2012,Onion,23,Satara,FAQ,Karad,900,600,750,Maharashtra,Other
22/08/2012,Onion,23,Satara,FAQ,Karad,900,500,700,Maharashtra,Other
28/08/2012,Onion,23,Satara,FAQ,Karad,900,700,800,Maharashtra,Other
29/08/2012,Onion,23,Satara,FAQ,Karad,900,700,800,Maharashtra,Other
01/09/2012,Onion,23,Satara,FAQ,Karad,1000,500,750,Maharashtra,Other
08/09/2012,Onion,23,Satara,FAQ,Karad,900,500,700,Maharashtra,Other
09/09/2012,Onion,23,Satara,FAQ,Karad,800,500,650,Maharashtra,Other
10/10/2012,Onion,23,Satara,FAQ,Karad,800,400,600,Maharashtra,Other
11/10/2012,Onion,23,Satara,FAQ,Karad,700,500,600,Maharashtra,Other
14/10/2012,Onion,23,Satara,FAQ,Karad,800,500,650,Maharashtra,Other
17/10/2012,Onion,23,Satara,FAQ,Karad,800,400,600,Maharashtra,Other
29/10/2012,Onion,23,Satara,FAQ,Karad,1200,1000,1100,Maharashtra,Other
30/10/2012,Onion,23,Satara,FAQ,Karad,1200,800,1000,Maharashtra,Other
31/10/2012,Onion,23,Satara,FAQ,Karad,1200,1000,1100,Maharashtra,Other
05/11/2012,Onion,23,Satara,FAQ,Karad,1300,700,1000,Maharashtra,Other
12/11/2012,Onion,23,Satara,FAQ,Karad,1400,1000,1200,Maharashtra,Other
03/12/2012,Onion,23,Satara,FAQ,Karad,1500,800,1100,Maharashtra,Other
04/12/2012,Onion,23,Satara,FAQ,Karad,1500,800,1100,Maharashtra,Other
05/12/2012,Onion,23,Satara,FAQ,Karad,1000,800,900,Maharashtra,Other
11/12/2012,Onion,23,Satara,FAQ,Karad,1600,1200,1400,Maharashtra,Other
29/12/2012,Onion,23,Satara,FAQ,Karad,1700,1200,1450,Maharashtra,Other
01/01/2018,Onion,23,Satara,FAQ,Karad,3200,2000,3200,Maharashtra,Other
06/01/2018,Onion,23,Satara,FAQ,Karad,4000,2500,4000,Maharashtra,Other
09/01/2018,Onion,23,Satara,FAQ,Karad,4000,2500,4000,Maharashtra,Other
10/01/2018,Onion,23,Satara,FAQ,Karad,4000,2500,4000,Maharashtra,Other
13/01/2018,Onion,23,Satara,FAQ,Karad,4000,2500,4000,Maharashtra,Other
17/01/2018,Onion,23,Satara,FAQ,Karad,3500,2500,3500,Maharashtra,Other
18/01/2018,Onion,23,Satara,FAQ,Karad,3500,2500,3500,Maharashtra,Other
21/01/2018,Onion,23,Satara,FAQ,Karad,3500,2000,3500,Maharashtra,Other
24/01/2018,Onion,23,Satara,FAQ,Karad,2300,2000,2300,Maharashtra,Other
28/01/2018,Onion,23,Satara,FAQ,Karad,3000,1500,3000,Maharashtra,Other
11/02/2018,Onion,23,Satara,FAQ,Karad,2300,1500,2300,Maharashtra,Other
13/02/2018,Onion,23,Satara,FAQ,Karad,2200,1500,2200,Maharashtra,Other
14/02/2018,Onion,23,Satara,FAQ,Karad,2200,1500,2200,Maharashtra,Other
24/02/2018,Onion,23,Satara,FAQ,Karad,1800,1400,1800,Maharashtra,Other
26/02/2018,Onion,23,Satara,FAQ,Karad,2000,1500,2000,Maharashtra,Other
28/02/2018,Onion,23,Satara,FAQ,Karad,2000,1500,2000,Maharashtra,Other
10/03/2018,Onion,23,Satara,FAQ,Karad,1300,1000,1300,Maharashtra,Other
14/03/2018,Onion,23,Satara,FAQ,Karad,1200,800,1200,Maharashtra,Other
18/03/2018,Onion,23,Satara,FAQ,Karad,1200,700,1200,Maharashtra,Other
20/03/2018,Onion,23,Satara,FAQ,Karad,1200,600,1200,Maharashtra,Other
02/04/2018,Onion,23,Satara,FAQ,Karad,1000,700,1000,Maharashtra,Other
05/04/2018,Onion,23,Satara,FAQ,Karad,1000,700,1000,Maharashtra,Other
15/04/2018,Onion,23,Satara,FAQ,Karad,1000,500,1000,Maharashtra,Other
16/04/2018,Onion,23,Satara,FAQ,Karad,700,500,700,Maharashtra,Other
22/04/2018,Onion,23,Satara,FAQ,Karad,900,500,900,Maharashtra,Other
01/05/2018,Onion,23,Satara,FAQ,Karad,1000,500,1000,Maharashtra,Other
07/05/2018,Onion,23,Satara,FAQ,Karad,1000,500,1000,Maharashtra,Other
14/05/2018,Onion,23,Satara,FAQ,Karad,800,500,800,Maharashtra,Other
20/05/2018,Onion,23,Satara,FAQ,Karad,800,500,800,Maharashtra,Other
21/05/2018,Onion,23,Satara,FAQ,Karad,800,500,800,Maharashtra,Other
22/05/2018,Onion,23,Satara,FAQ,Karad,800,500,800,Maharashtra,Other
31/05/2018,Onion,23,Satara,FAQ,Karad,1000,700,1000,Maharashtra,Other
03/06/2018,Onion,23,Satara,FAQ,Karad,1200,700,1200,Maharashtra,Other
06/06/2018,Onion,23,Satara,FAQ,Karad,1200,700,1200,Maharashtra,Other
14/06/2018,Onion,23,Satara,FAQ,Karad,1200,700,1200,Maharashtra,Other
21/06/2018,Onion,23,Satara,FAQ,Karad,1000,500,1000,Maharashtra,Other
23/06/2018,Onion,23,Satara,FAQ,Karad,1200,800,1200,Maharashtra,Other
24/06/2018,Onion,23,Satara,FAQ,Karad,1300,800,1300,Maharashtra,Other
26/06/2018,Onion,23,Satara,FAQ,Karad,1200,800,1200,Maharashtra,Other
30/06/2018,Onion,23,Satara,FAQ,Karad,1200,800,1200,Maharashtra,Other
05/07/2018,Onion,23,Satara,FAQ,Karad,1200,800,1200,Maharashtra,Other
07/07/2018,Onion,23,Satara,FAQ,Karad,1700,1000,1700,Maharashtra,Other
08/07/2018,Onion,23,Satara,FAQ,Karad,1400,1000,1400,Maharashtra,Other
17/07/2018,Onion,23,Satara,FAQ,Karad,1400,1000,1400,Maharashtra,Other
25/07/2018,Onion,23,Satara,FAQ,Karad,1500,1000,1500,Maharashtra,Other
31/07/2018,Onion,23,Satara,FAQ,Karad,1300,1000,1300,Maharashtra,Other
04/08/2018,Onion,23,Satara,FAQ,Karad,1300,1000,1300,Maharashtra,Other
28/08/2018,Onion,23,Satara,FAQ,Karad,1300,800,1300,Maharashtra,Other
02/09/2018,Onion,23,Satara,FAQ,Karad,1200,700,1200,Maharashtra,Other
05/09/2018,Onion,23,Satara,FAQ,Karad,1300,700,1300,Maharashtra,Other
17/09/2018,Onion,23,Satara,FAQ,Karad,1200,700,1200,Maharashtra,Other
02/10/2018,Onion,23,Satara,FAQ,Karad,1100,700,1100,Maharashtra,Other
15/10/2018,Onion,23,Satara,FAQ,Karad,1200,800,1200,Maharashtra,Other
17/10/2018,Onion,23,Satara,FAQ,Karad,1500,1000,1500,Maharashtra,Other
23/10/2018,Onion,23,Satara,FAQ,Karad,2000,1000,2000,Maharashtra,Other
29/10/2018,Onion,23,Satara,FAQ,Karad,1700,800,1700,Maharashtra,Other
01/11/2018,Onion,23,Satara,FAQ,Karad,1500,800,1500,Maharashtra,Other
03/11/2018,Onion,23,Satara,FAQ,Karad,1600,700,1600,Maharashtra,Other
10/11/2018,Onion,23,Satara,FAQ,Karad,1800,1000,1800,Maharashtra,Other
13/11/2018,Onion,23,Satara,FAQ,Karad,1400,500,1400,Maharashtra,Other
14/11/2018,Onion,23,Satara,FAQ,Karad,1600,600,1600,Maharashtra,Other
19/11/2018,Onion,23,Satara,FAQ,Karad,1400,600,1400,Maharashtra,Other
24/11/2018,Onion,23,Satara,FAQ,Karad,1500,1000,1500,Maharashtra,Other
26/11/2018,Onion,23,Satara,FAQ,Karad,1000,500,1000,Maharashtra,Other
29/11/2018,Onion,23,Satara,FAQ,Karad,1500,500,1500,Maharashtra,Other
05/12/2018,Onion,23,Satara,FAQ,Karad,1100,600,1100,Maharashtra,Other
10/12/2018,Onion,23,Satara,FAQ,Karad,1000,500,1000,Maharashtra,Other
20/12/2018,Onion,23,Satara,FAQ,Karad,1000,500,1000,Maharashtra,Other
23/12/2018,Onion,23,Satara,FAQ,Karad,800,400,800,Maharashtra,Other
25/12/2018,Onion,23,Satara,FAQ,Karad,900,400,900,Maharashtra,Other
27/12/2018,Onion,23,Satara,FAQ,Karad,1000,500,1000,Maharashtra,Other
29/12/2018,Onion,23,Satara,FAQ,Karad,900,500,900,Maharashtra,Other
05/01/2019,Onion,23,Satara,FAQ,Karad,900,500,900,Maharashtra,Other
10/01/2019,Onion,23,Satara,FAQ,Karad,1000,600,1000,Maharashtra,Other
30/01/2019,Onion,23,Satara,FAQ,Karad,1000,500,1000,Maharashtra,Other
16/02/2019,Onion,23,Satara,FAQ,Karad,900,500,900,Maharashtra,Other
20/02/2019,Onion,23,Satara,FAQ,Karad,900,500,900,Maharashtra,Other
23/02/2019,Onion,23,Satara,FAQ,Karad,900,600,900,Maharashtra,Other
06/03/2019,Onion,23,Satara,FAQ,Karad,900,400,900,Maharashtra,Other
14/03/2019,Onion,23,Satara,FAQ,Karad,800,400,500,Maharashtra,Other
18/03/2019,Onion,23,Satara,FAQ,Karad,800,500,600,Maharashtra,Other
21/03/2019,Onion,23,Satara,FAQ,Karad,800,500,700,Maharashtra,Other
23/03/2019,Onion,23,Satara,FAQ,Karad,800,500,800,Maharashtra,Other
06/04/2019,Onion,23,Satara,FAQ,Karad,800,500,800,Maharashtra,Other
08/04/2019,Onion,23,Satara,FAQ,Karad,700,600,650,Maharashtra,Other
09/04/2019,Onion,23,Satara,FAQ,Karad,800,600,800,Maharashtra,Other
14/04/2019,Onion,23,Satara,FAQ,Karad,900,400,650,Maharashtra,Other
20/04/2019,Onion,23,Satara,FAQ,Karad,800,500,700,Maharashtra,Other
21/04/2019,Onion,23,Satara,FAQ,Karad,800,500,600,Maharashtra,Other
22/04/2019,Onion,23,Satara,FAQ,Karad,900,500,700,Maharashtra,Other
24/04/2019,Onion,23,Satara,FAQ,Karad,900,500,600,Maharashtra,Other
15/05/2019,Onion,23,Satara,FAQ,Karad,1100,500,850,Maharashtra,Other
26/05/2019,Onion,23,Satara,FAQ,Karad,1000,700,850,Maharashtra,Other
02/06/2019,Onion,23,Satara,FAQ,Karad,1300,800,1300,Maharashtra,Other
12/06/2019,Onion,23,Satara,FAQ,Karad,1600,700,1100,Maharashtra,Other
17/06/2019,Onion,23,Satara,FAQ,Karad,1600,1000,1100,Maharashtra,Other
20/06/2019,Onion,23,Satara,FAQ,Karad,1600,800,1200,Maharashtra,Other
22/06/2019,Onion,23,Satara,FAQ,Karad,1600,800,1100,Maharashtra,Other
10/07/2019,Onion,23,Satara,FAQ,Karad,1600,800,1200,Maharashtra,Other
11/07/2019,Onion,23,Satara,FAQ,Karad,1600,1200,1300,Maharashtra,Other
24/07/2019,Onion,23,Satara,FAQ,Karad,1700,1300,1500,Maharashtra,Other
05/08/2019,Onion,23,Satara,FAQ,Karad,1800,1500,1800,Maharashtra,Other
07/08/2019,Onion,23,Satara,FAQ,Karad,1500,1000,1500,Maharashtra,Other
13/08/2019,Onion,23,Satara,FAQ,Karad,1800,1000,1800,Maharashtra,Other
17/08/2019,Onion,23,Satara,FAQ,Karad,2300,1500,2300,Maharashtra,Other
29/08/2019,Onion,23,Satara,FAQ,Karad,2500,1500,2500,Maharashtra,Other
01/09/2019,Onion,23,Satara,FAQ,Karad,2600,2000,2600,Maharashtra,Other
11/09/2019,Onion,23,Satara,FAQ,Karad,3000,2000,3000,Maharashtra,Other
17/09/2019,Onion,23,Satara,FAQ,Karad,3500,2500,3500,Maharashtra,Other
26/09/2019,Onion,23,Satara,FAQ,Karad,4500,3000,4500,Maharashtra,Other
02/10/2019,Onion,23,Satara,FAQ,Karad,3500,2500,3500,Maharashtra,Other
13/10/2019,Onion,23,Satara,FAQ,Karad,3500,2500,3500,Maharashtra,Other
16/10/2019,Onion,23,Satara,FAQ,Karad,3700,2500,3700,Maharashtra,Other
22/10/2019,Onion,23,Satara,FAQ,Karad,3500,3000,3500,Maharashtra,Other
31/10/2019,Onion,23,Satara,FAQ,Karad,3800,2500,3800,Maharashtra,Other
09/11/2019,Onion,23,Satara,FAQ,Karad,5500,4000,5500,Maharashtra,Other
13/11/2019,Onion,23,Satara,FAQ,Karad,5500,4000,5500,Maharashtra,Other
14/11/2019,Onion,23,Satara,FAQ,Karad,5500,4000,5500,Maharashtra,Other
27/11/2019,Onion,23,Satara,FAQ,Karad,7500,5000,7500,Maharashtra,Other
12/12/2019,Onion,23,Satara,FAQ,Karad,8000,5000,8000,Maharashtra,Other
17/12/2019,Onion,23,Satara,FAQ,Karad,8500,5000,8500,Maharashtra,Other
19/12/2019,Onion,23,Satara,FAQ,Karad,12000,5000,12000,Maharashtra,Other
22/12/2019,Onion,23,Satara,FAQ,Karad,8000,5000,8000,Maharashtra,Other
29/12/2019,Onion,23,Satara,FAQ,Karad,7000,4000,7000,Maharashtra,Other
03/01/2016,Onion,23,Satara,FAQ,Karad,2200,1500,2200,Maharashtra,Other
09/01/2016,Onion,23,Satara,FAQ,Karad,2100,1500,2100,Maharashtra,Other
10/01/2016,Onion,23,Satara,FAQ,Karad,2100,1600,2100,Maharashtra,Other
11/01/2016,Onion,23,Satara,FAQ,Karad,2200,1500,2200,Maharashtra,Other
13/01/2016,Onion,23,Satara,FAQ,Karad,2000,1400,2000,Maharashtra,Other
19/01/2016,Onion,23,Satara,FAQ,Karad,1600,1000,1600,Maharashtra,Other
20/01/2016,Onion,23,Satara,FAQ,Karad,1600,1000,1600,Maharashtra,Other
21/01/2016,Onion,23,Satara,FAQ,Karad,1500,1000,1500,Maharashtra,Other
25/01/2016,Onion,23,Satara,FAQ,Karad,1700,1300,1700,Maharashtra,Other
06/02/2016,Onion,23,Satara,FAQ,Karad,1300,1000,1300,Maharashtra,Other
08/02/2016,Onion,23,Satara,FAQ,Karad,1200,600,1200,Maharashtra,Other
09/02/2016,Onion,23,Satara,FAQ,Karad,1600,1000,1600,Maharashtra,Other
14/02/2016,Onion,23,Satara,FAQ,Karad,1500,700,1500,Maharashtra,Other
15/02/2016,Onion,23,Satara,FAQ,Karad,1500,700,1500,Maharashtra,Other
25/02/2016,Onion,23,Satara,FAQ,Karad,1500,1000,1500,Maharashtra,Other
28/02/2016,Onion,23,Satara,FAQ,Karad,1000,600,1000,Maharashtra,Other
09/03/2016,Onion,23,Satara,FAQ,Karad,1000,500,1000,Maharashtra,Other
10/03/2016,Onion,23,Satara,FAQ,Karad,1000,700,1000,Maharashtra,Other
26/03/2016,Onion,23,Satara,FAQ,Karad,1000,500,1000,Maharashtra,Other
27/03/2016,Onion,23,Satara,FAQ,Karad,1000,500,1000,Maharashtra,Other
16/04/2016,Onion,23,Satara,FAQ,Karad,1000,500,1000,Maharashtra,Other
18/04/2016,Onion,23,Satara,FAQ,Karad,1000,500,1000,Maharashtra,Other
19/04/2016,Onion,23,Satara,FAQ,Karad,800,500,800,Maharashtra,Other
07/05/2016,Onion,23,Satara,FAQ,Karad,1000,700,1000,Maharashtra,Other
16/05/2016,Onion,23,Satara,FAQ,Karad,1000,500,1000,Maharashtra,Other
19/05/2016,Onion,23,Satara,FAQ,Karad,1000,500,1000,Maharashtra,Other
23/05/2016,Onion,23,Satara,FAQ,Karad,1000,500,1000,Maharashtra,Other
28/05/2016,Onion,23,Satara,FAQ,Karad,1000,600,1000,Maharashtra,Other
30/05/2016,Onion,23,Satara,FAQ,Karad,1000,500,1000,Maharashtra,Other
31/05/2016,Onion,23,Satara,FAQ,Karad,1000,500,1000,Maharashtra,Other
05/06/2016,Onion,23,Satara,FAQ,Karad,1000,700,1000,Maharashtra,Other
07/06/2016,Onion,23,Satara,FAQ,Karad,1000,500,1000,Maharashtra,Other
09/06/2016,Onion,23,Satara,FAQ,Karad,1000,500,1000,Maharashtra,Other
11/06/2016,Onion,23,Satara,FAQ,Karad,1000,500,1000,Maharashtra,Other
14/06/2016,Onion,23,Satara,FAQ,Karad,1000,600,1000,Maharashtra,Other
15/06/2016,Onion,23,Satara,FAQ,Karad,1000,600,1000,Maharashtra,Other
20/06/2016,Onion,23,Satara,FAQ,Karad,1000,500,1000,Maharashtra,Other
28/06/2016,Onion,23,Satara,FAQ,Karad,1000,500,1000,Maharashtra,Other
30/06/2016,Onion,23,Satara,FAQ,Karad,1000,500,1000,Maharashtra,Other
20/07/2016,Onion,23,Satara,FAQ,Karad,1000,500,1000,Maharashtra,Other
04/08/2016,Onion,23,Satara,FAQ,Karad,1000,800,1000,Maharashtra,Other
13/08/2016,Onion,23,Satara,FAQ,Karad,1000,800,1000,Maharashtra,Other
23/08/2016,Onion,23,Satara,FAQ,Karad,1000,700,1000,Maharashtra,Other
30/08/2016,Onion,23,Satara,FAQ,Karad,1000,600,1000,Maharashtra,Other
31/08/2016,Onion,23,Satara,FAQ,Karad,1000,500,1000,Maharashtra,Other
07/09/2016,Onion,23,Satara,FAQ,Karad,800,500,800,Maharashtra,Other
17/09/2016,Onion,23,Satara,FAQ,Karad,1000,600,1000,Maharashtra,Other
24/09/2016,Onion,23,Satara,FAQ,Karad,800,400,800,Maharashtra,Other
28/09/2016,Onion,23,Satara,FAQ,Karad,800,400,800,Maharashtra,Other
04/10/2016,Onion,23,Satara,FAQ,Karad,800,500,800,Maharashtra,Other
05/10/2016,Onion,23,Satara,FAQ,Karad,800,500,800,Maharashtra,Other
09/10/2016,Onion,23,Satara,FAQ,Karad,800,500,800,Maharashtra,Other
19/10/2016,Onion,23,Satara,FAQ,Karad,800,400,800,Maharashtra,Other
23/10/2016,Onion,23,Satara,FAQ,Karad,800,400,800,Maharashtra,Other
31/10/2016,Onion,23,Satara,FAQ,Karad,1000,500,1000,Maharashtra,Other
07/11/2016,Onion,23,Satara,FAQ,Karad,1000,500,1000,Maharashtra,Other
10/11/2016,Onion,23,Satara,FAQ,Karad,1000,500,1000,Maharashtra,Other
12/11/2016,Onion,23,Satara,FAQ,Karad,1000,500,1000,Maharashtra,Other
19/11/2016,Onion,23,Satara,FAQ,Karad,1000,500,1000,Maharashtra,Other
22/11/2016,Onion,23,Satara,FAQ,Karad,1000,500,1000,Maharashtra,Other
23/11/2016,Onion,23,Satara,FAQ,Karad,1000,600,1000,Maharashtra,Other
07/12/2016,Onion,23,Satara,FAQ,Karad,1000,500,1000,Maharashtra,Other
10/12/2016,Onion,23,Satara,FAQ,Karad,1000,500,1000,Maharashtra,Other
15/12/2016,Onion,23,Satara,FAQ,Karad,1000,500,1000,Maharashtra,Other
17/12/2016,Onion,23,Satara,FAQ,Karad,1000,500,1000,Maharashtra,Other
25/12/2016,Onion,23,Satara,FAQ,Karad,1000,500,1000,Maharashtra,Other
15/01/2014,Onion,23,Satara,FAQ,Karad,1200,700,900,Maharashtra,Other
25/01/2014,Onion,23,Satara,FAQ,Karad,1200,600,900,Maharashtra,Other
28/01/2014,Onion,23,Satara,FAQ,Karad,1200,500,800,Maharashtra,Other
05/02/2014,Onion,23,Satara,FAQ,Karad,1100,600,850,Maharashtra,Other
12/03/2014,Onion,23,Satara,FAQ,Karad,1000,500,750,Maharashtra,Other
25/06/2014,Onion,23,Satara,FAQ,Karad,2000,1500,1750,Maharashtra,Other
05/08/2014,Onion,23,Satara,FAQ,Karad,3000,2500,2800,Maharashtra,Other
01/09/2014,Onion,23,Satara,FAQ,Karad,2300,1800,2050,Maharashtra,Other
27/10/2014,Onion,23,Satara,FAQ,Karad,2300,1700,2100,Maharashtra,Other
29/10/2014,Onion,23,Satara,FAQ,Karad,2400,1800,2100,Maharashtra,Other
18/11/2014,Onion,23,Satara,FAQ,Karad,1000,700,850,Maharashtra,Other
29/12/2014,Onion,23,Satara,FAQ,Karad,1700,1000,1350,Maharashtra,Other
01/01/2008,Onion,23,Satara,FAQ,Karad,600,400,500,Maharashtra,Other
12/01/2008,Onion,23,Satara,FAQ,Karad,450,200,350,Maharashtra,Other
16/01/2008,Onion,23,Satara,FAQ,Karad,500,300,400,Maharashtra,Other
24/01/2008,Onion,23,Satara,FAQ,Karad,450,300,400,Maharashtra,Other
03/02/2008,Onion,23,Satara,FAQ,Karad,400,200,350,Maharashtra,Other
05/02/2008,Onion,23,Satara,FAQ,Karad,400,200,360,Maharashtra,Other
11/02/2008,Onion,23,Satara,FAQ,Karad,450,200,300,Maharashtra,Other
12/02/2008,Onion,23,Satara,FAQ,Karad,400,200,350,Maharashtra,Other
15/03/2008,Onion,23,Satara,FAQ,Karad,400,200,300,Maharashtra,Other
19/04/2008,Onion,23,Satara,FAQ,Karad,400,200,300,Maharashtra,Other
11/06/2008,Onion,23,Satara,FAQ,Karad,400,200,300,Maharashtra,Other
14/06/2008,Onion,23,Satara,FAQ,Karad,400,300,350,Maharashtra,Other
30/06/2008,Onion,23,Satara,FAQ,Karad,500,200,300,Maharashtra,Other
01/07/2008,Onion,23,Satara,FAQ,Karad,550,250,400,Maharashtra,Other
12/07/2008,Onion,23,Satara,FAQ,Karad,700,300,600,Maharashtra,Other
14/07/2008,Onion,23,Satara,FAQ,Karad,800,300,550,Maharashtra,Other
15/07/2008,Onion,23,Satara,FAQ,Karad,800,500,650,Maharashtra,Other
19/07/2008,Onion,23,Satara,FAQ,Karad,800,300,550,Maharashtra,Other
27/07/2008,Onion,23,Satara,FAQ,Karad,1000,700,850,Maharashtra,Other
11/08/2008,Onion,23,Satara,FAQ,Karad,800,600,700,Maharashtra,Other
06/09/2008,Onion,23,Satara,FAQ,Karad,800,400,600,Maharashtra,Other
15/09/2008,Onion,23,Satara,FAQ,Karad,800,500,600,Maharashtra,Other
16/09/2008,Onion,23,Satara,FAQ,Karad,850,500,675,Maharashtra,Other
17/09/2008,Onion,23,Satara,FAQ,Karad,800,500,650,Maharashtra,Other
18/09/2008,Onion,23,Satara,FAQ,Karad,800,600,700,Maharashtra,Other
01/10/2008,Onion,23,Satara,FAQ,Karad,800,400,700,Maharashtra,Other
12/01/2009,Onion,23,Satara,FAQ,Karad,1800,1600,1700,Maharashtra,Other
21/02/2009,Onion,23,Satara,FAQ,Karad,1300,500,900,Maharashtra,Other
05/03/2009,Onion,23,Satara,FAQ,Karad,900,300,600,Maharashtra,Other
14/03/2009,Onion,23,Satara,FAQ,Karad,650,400,525,Maharashtra,Other
08/06/2009,Onion,23,Satara,FAQ,Karad,900,600,750,Maharashtra,Other
30/07/2009,Onion,23,Satara,FAQ,Karad,800,600,700,Maharashtra,Other
06/08/2009,Onion,23,Satara,FAQ,Karad,700,400,600,Maharashtra,Other
08/08/2009,Onion,23,Satara,FAQ,Karad,700,400,600,Maharashtra,Other
05/09/2009,Onion,23,Satara,FAQ,Karad,600,200,400,Maharashtra,Other
09/09/2009,Onion,23,Satara,FAQ,Karad,800,350,600,Maharashtra,Other
29/09/2009,Onion,23,Satara,FAQ,Karad,900,400,650,Maharashtra,Other
03/10/2009,Onion,23,Satara,FAQ,Karad,1400,800,1100,Maharashtra,Other
04/10/2009,Onion,23,Satara,FAQ,Karad,1400,1000,1200,Maharashtra,Other
23/10/2009,Onion,23,Satara,FAQ,Karad,1000,800,900,Maharashtra,Other
25/10/2009,Onion,23,Satara,FAQ,Karad,1000,300,700,Maharashtra,Other
03/11/2009,Onion,23,Satara,FAQ,Karad,1800,800,1400,Maharashtra,Other
07/11/2009,Onion,23,Satara,FAQ,Karad,1800,800,1300,Maharashtra,Other
01/01/2011,Onion,23,Satara,FAQ,Karad,5500,2000,3500,Maharashtra,Other
02/01/2011,Onion,23,Satara,FAQ,Karad,6000,2500,4000,Maharashtra,Other
10/01/2011,Onion,23,Satara,FAQ,Karad,1400,1000,1200,Maharashtra,Other
19/01/2011,Onion,23,Satara,FAQ,Karad,4050,1000,2500,Maharashtra,Other
07/03/2011,Onion,23,Satara,FAQ,Karad,800,500,650,Maharashtra,Other
31/03/2011,Onion,23,Satara,FAQ,Karad,600,400,500,Maharashtra,Other
05/04/2011,Onion,23,Satara,FAQ,Karad,700,400,500,Maharashtra,Other
07/04/2011,Onion,23,Satara,FAQ,Karad,700,500,600,Maharashtra,Other
11/04/2011,Onion,23,Satara,FAQ,Karad,650,300,450,Maharashtra,Other
16/04/2011,Onion,23,Satara,FAQ,Karad,600,200,400,Maharashtra,Other
26/04/2011,Onion,23,Satara,FAQ,Karad,500,300,400,Maharashtra,Other
30/04/2011,Onion,23,Satara,FAQ,Karad,500,100,300,Maharashtra,Other
09/05/2011,Onion,23,Satara,FAQ,Karad,650,100,350,Maharashtra,Other
29/06/2011,Onion,23,Satara,FAQ,Karad,800,400,600,Maharashtra,Other
03/07/2011,Onion,23,Satara,FAQ,Karad,900,500,700,Maharashtra,Other
16/07/2011,Onion,23,Satara,FAQ,Karad,1000,500,700,Maharashtra,Other
18/07/2011,Onion,23,Satara,FAQ,Karad,1000,500,750,Maharashtra,Other
26/07/2011,Onion,23,Satara,FAQ,Karad,1000,500,750,Maharashtra,Other
04/08/2011,Onion,23,Satara,FAQ,Karad,950,400,650,Maharashtra,Other
17/08/2011,Onion,23,Satara,FAQ,Karad,1000,600,800,Maharashtra,Other
24/08/2011,Onion,23,Satara,FAQ,Karad,1000,500,750,Maharashtra,Other
05/09/2011,Onion,23,Satara,FAQ,Karad,1300,1000,1150,Maharashtra,Other
17/09/2011,Onion,23,Satara,FAQ,Karad,1300,1000,1150,Maharashtra,Other
24/09/2011,Onion,23,Satara,FAQ,Karad,1300,800,1050,Maharashtra,Other
04/10/2011,Onion,23,Satara,FAQ,Karad,1400,1000,1200,Maharashtra,Other
05/10/2011,Onion,23,Satara,FAQ,Karad,700,500,600,Maharashtra,Other
11/10/2011,Onion,23,Satara,FAQ,Karad,700,500,600,Maharashtra,Other
12/10/2011,Onion,23,Satara,FAQ,Karad,800,500,650,Maharashtra,Other
18/10/2011,Onion,23,Satara,FAQ,Karad,700,600,650,Maharashtra,Other
25/10/2011,Onion,23,Satara,FAQ,Karad,800,600,700,Maharashtra,Other
02/11/2011,Onion,23,Satara,FAQ,Karad,1000,400,700,Maharashtra,Other
12/11/2011,Onion,23,Satara,FAQ,Karad,1000,200,600,Maharashtra,Other
19/11/2011,Onion,23,Satara,FAQ,Karad,900,200,550,Maharashtra,Other
23/11/2011,Onion,23,Satara,FAQ,Karad,700,500,600,Maharashtra,Other
14/12/2011,Onion,23,Satara,FAQ,Karad,700,500,600,Maharashtra,Other
21/12/2011,Onion,23,Satara,FAQ,Karad,600,500,550,Maharashtra,Other
19/01/2005,Onion,23,Satara,FAQ,Karad,400,200,400,Maharashtra,Other
20/01/2005,Onion,23,Satara,FAQ,Karad,450,200,300,Maharashtra,Other
22/01/2005,Onion,23,Satara,FAQ,Karad,450,200,400,Maharashtra,Other
01/02/2005,Onion,23,Satara,FAQ,Karad,400,200,350,Maharashtra,Other
02/02/2005,Onion,23,Satara,FAQ,Karad,400,250,300,Maharashtra,Other
14/02/2005,Onion,23,Satara,FAQ,Karad,400,200,400,Maharashtra,Other
21/02/2005,Onion,23,Satara,FAQ,Karad,400,200,350,Maharashtra,Other
07/03/2005,Onion,23,Satara,FAQ,Karad,400,200,400,Maharashtra,Other
28/03/2005,Onion,23,Satara,FAQ,Karad,300,150,250,Maharashtra,Other
30/03/2005,Onion,23,Satara,FAQ,Karad,350,200,300,Maharashtra,Other
17/04/2005,Onion,23,Satara,FAQ,Karad,300,250,270,Maharashtra,Other
18/04/2005,Onion,23,Satara,FAQ,Karad,300,200,250,Maharashtra,Other
23/04/2005,Onion,23,Satara,FAQ,Karad,300,200,250,Maharashtra,Other
25/04/2005,Onion,23,Satara,FAQ,Karad,300,200,250,Maharashtra,Other
27/04/2005,Onion,23,Satara,FAQ,Karad,300,200,250,Maharashtra,Other
12/05/2005,Onion,23,Satara,FAQ,Karad,400,200,300,Maharashtra,Other
14/05/2005,Onion,23,Satara,FAQ,Karad,350,200,300,Maharashtra,Other
15/05/2005,Onion,23,Satara,FAQ,Karad,350,200,300,Maharashtra,Other
26/05/2005,Onion,23,Satara,FAQ,Karad,350,200,300,Maharashtra,Other
02/06/2005,Onion,23,Satara,FAQ,Karad,350,200,300,Maharashtra,Other
04/06/2005,Onion,23,Satara,FAQ,Karad,300,200,250,Maharashtra,Other
09/06/2005,Onion,23,Satara,FAQ,Karad,400,200,300,Maharashtra,Other
25/06/2005,Onion,23,Satara,FAQ,Karad,450,300,350,Maharashtra,Other
09/07/2005,Onion,23,Satara,FAQ,Karad,450,300,400,Maharashtra,Other
19/07/2005,Onion,23,Satara,FAQ,Karad,500,300,400,Maharashtra,Other
23/07/2005,Onion,23,Satara,FAQ,Karad,500,300,400,Maharashtra,Other
26/07/2005,Onion,23,Satara,FAQ,Karad,500,300,400,Maharashtra,Other
28/07/2005,Onion,23,Satara,FAQ,Karad,550,300,450,Maharashtra,Other
31/07/2005,Onion,23,Satara,FAQ,Karad,600,300,400,Maharashtra,Other
17/08/2005,Onion,23,Satara,FAQ,Karad,500,300,450,Maharashtra,Other
21/08/2005,Onion,23,Satara,FAQ,Karad,700,500,600,Maharashtra,Other
01/09/2005,Onion,23,Satara,FAQ,Karad,800,400,600,Maharashtra,Other
26/09/2005,Onion,23,Satara,FAQ,Karad,1200,1000,1100,Maharashtra,Other
27/09/2005,Onion,23,Satara,FAQ,Karad,1300,800,1100,Maharashtra,Other
03/10/2005,Onion,23,Satara,FAQ,Karad,1200,500,1000,Maharashtra,Other
13/10/2005,Onion,23,Satara,FAQ,Karad,1200,500,1000,Maharashtra,Other
31/10/2005,Onion,23,Satara,FAQ,Karad,1300,900,1200,Maharashtra,Other
03/11/2005,Onion,23,Satara,FAQ,Karad,800,700,750,Maharashtra,Other
09/11/2005,Onion,23,Satara,FAQ,Karad,1600,1000,1500,Maharashtra,Other
03/12/2005,Onion,23,Satara,FAQ,Karad,1100,800,900,Maharashtra,Other
06/12/2005,Onion,23,Satara,FAQ,Karad,900,500,850,Maharashtra,Other
29/12/2005,Onion,23,Satara,FAQ,Karad,500,200,400,Maharashtra,Other
04/11/2024,Onion,23,Satara,FAQ,Karad,5000,4000,5000,Maharashtra,Other
07/11/2024,Onion,23,Satara,FAQ,Karad,5000,3500,5000,Maharashtra,Other
12/11/2024,Onion,23,Satara,FAQ,Karad,3800,3000,3800,Maharashtra,Other
16/11/2024,Onion,23,Satara,FAQ,Karad,3800,2500,3800,Maharashtra,Other
21/11/2024,Onion,23,Satara,FAQ,Karad,3500,1000,3500,Maharashtra,Other
24/11/2024,Onion,23,Satara,FAQ,Karad,3500,2500,3500,Maharashtra,Other
25/11/2024,Onion,23,Satara,FAQ,Karad,6000,4000,6000,Maharashtra,Other
09/01/2025,Onion,23,Satara,FAQ,Karad,2800,500,2800,Maharashtra,Other
13/01/2025,Onion,23,Satara,FAQ,Karad,2800,2500,2800,Maharashtra,Other
16/01/2025,Onion,23,Satara,FAQ,Karad,2500,1500,2500,Maharashtra,Other
18/01/2025,Onion,23,Satara,FAQ,Karad,2800,2000,2800,Maharashtra,Other
19/01/2025,Onion,23,Satara,FAQ,Karad,2500,1000,2500,Maharashtra,Other
25/01/2025,Onion,23,Satara,FAQ,Karad,2500,2000,2500,Maharashtra,Other
28/01/2025,Onion,23,Satara,Local,Karad,2800,2000,2800,Maharashtra,Other
30/01/2025,Onion,23,Satara,Local,Karad,3000,1500,3000,Maharashtra,Other
04/02/2025,Onion,23,Satara,Local,Karad,2800,1000,2800,Maharashtra,Other
06/02/2025,Onion,23,Satara,Local,Karad,2500,1500,2500,Maharashtra,Other
20/02/2025,Onion,23,Satara,Local,Karad,3500,2000,3500,Maharashtra,Other
11/09/2024,Onion,23,Satara,FAQ,Karad,4000,2000,4000,Maharashtra,Other
29/09/2024,Onion,23,Satara,FAQ,Karad,5200,3000,5200,Maharashtra,Other
03/09/2024,Onion,23,Satara,FAQ,Karad,4200,3800,4200,Maharashtra,Other
17/09/2024,Onion,23,Satara,FAQ,Karad,3800,2800,3800,Maharashtra,Other
23/09/2024,Onion,23,Satara,FAQ,Karad,4000,2000,4000,Maharashtra,Other
10/01/2007,Onion,23,Satara,FAQ,Karad,1000,600,800,Maharashtra,Other
05/03/2007,Onion,23,Satara,FAQ,Karad,750,300,700,Maharashtra,Other
15/03/2007,Onion,23,Satara,FAQ,Karad,800,600,700,Maharashtra,Other
05/04/2007,Onion,23,Satara,FAQ,Karad,700,500,600,Maharashtra,Other
07/05/2007,Onion,23,Satara,FAQ,Karad,700,500,600,Maharashtra,Other
04/07/2007,Onion,23,Satara,FAQ,Karad,1000,600,800,Maharashtra,Other
22/08/2007,Onion,23,Satara,FAQ,Karad,1300,1000,1100,Maharashtra,Other
26/09/2007,Onion,23,Satara,FAQ,Karad,1550,1200,1400,Maharashtra,Other
01/10/2007,Onion,23,Satara,FAQ,Karad,1700,800,1400,Maharashtra,Other
09/10/2007,Onion,23,Satara,FAQ,Karad,1800,600,1200,Maharashtra,Other
22/10/2007,Onion,23,Satara,FAQ,Karad,1500,800,1400,Maharashtra,Other
25/10/2007,Onion,23,Satara,FAQ,Karad,1300,600,1000,Maharashtra,Other
29/10/2007,Onion,23,Satara,FAQ,Karad,1500,700,1200,Maharashtra,Other
15/11/2007,Onion,23,Satara,FAQ,Karad,1100,700,1000,Maharashtra,Other
03/12/2007,Onion,23,Satara,FAQ,Karad,800,400,600,Maharashtra,Other
28/09/2004,Onion,23,Satara,FAQ,Karad,550,450,500,Maharashtra,Other
13/12/2004,Onion,23,Satara,FAQ,Karad,400,200,350,Maharashtra,Other
14/12/2004,Onion,23,Satara,FAQ,Karad,500,100,350,Maharashtra,Other
18/12/2004,Onion,23,Satara,FAQ,Karad,400,200,350,Maharashtra,Other
20/12/2004,Onion,23,Satara,FAQ,Karad,400,200,350,Maharashtra,Other
23/12/2004,Onion,23,Satara,FAQ,Karad,500,200,350,Maharashtra,Other
30/12/2004,Onion,23,Satara,FAQ,Karad,500,200,400,Maharashtra,Other
25/09/2004,Onion,23,Satara,FAQ,Karad,400,300,350,Maharashtra,Red
29/09/2004,Onion,23,Satara,FAQ,Karad,400,200,300,Maharashtra,Red
12/10/2004,Onion,23,Satara,FAQ,Karad,400,200,350,Maharashtra,Red
16/11/2004,Onion,23,Satara,FAQ,Karad,450,200,300,Maharashtra,Red
25/11/2004,Onion,23,Satara,FAQ,Karad,500,200,350,Maharashtra,Red
08/12/2004,Onion,23,Satara,FAQ,Karad,400,100,300,Maharashtra,Red
09/01/2006,Onion,23,Satara,FAQ,Karad,550,300,400,Maharashtra,Other
12/01/2006,Onion,23,Satara,FAQ,Karad,350,200,300,Maharashtra,Other
14/01/2006,Onion,23,Satara,FAQ,Karad,500,200,400,Maharashtra,Other
23/01/2006,Onion,23,Satara,FAQ,Karad,450,200,400,Maharashtra,Other
29/01/2006,Onion,23,Satara,FAQ,Karad,450,250,350,Maharashtra,Other
07/02/2006,Onion,23,Satara,FAQ,Karad,350,250,300,Maharashtra,Other
18/02/2006,Onion,23,Satara,FAQ,Karad,350,200,300,Maharashtra,Other
25/02/2006,Onion,23,Satara,FAQ,Karad,350,300,300,Maharashtra,Other
25/06/2006,Onion,23,Satara,FAQ,Karad,400,250,350,Maharashtra,Other
31/07/2006,Onion,23,Satara,FAQ,Karad,350,250,300,Maharashtra,Other
17/08/2006,Onion,23,Satara,FAQ,Karad,350,200,300,Maharashtra,Other
26/08/2006,Onion,23,Satara,FAQ,Karad,450,200,400,Maharashtra,Other
31/08/2006,Onion,23,Satara,FAQ,Karad,400,200,300,Maharashtra,Other
02/09/2006,Onion,23,Satara,FAQ,Karad,400,200,300,Maharashtra,Other
03/09/2006,Onion,23,Satara,FAQ,Karad,400,200,300,Maharashtra,Other
14/09/2006,Onion,23,Satara,FAQ,Karad,450,200,350,Maharashtra,Other
20/09/2006,Onion,23,Satara,FAQ,Karad,450,200,300,Maharashtra,Other
25/09/2006,Onion,23,Satara,FAQ,Karad,500,200,300,Maharashtra,Other
02/11/2006,Onion,23,Satara,FAQ,Karad,400,200,350,Maharashtra,Other
29/11/2006,Onion,23,Satara,FAQ,Karad,500,100,450,Maharashtra,Other
05/12/2006,Onion,23,Satara,FAQ,Karad,400,300,350,Maharashtra,Other
09/12/2006,Onion,23,Satara,FAQ,Karad,700,300,600,Maharashtra,Other
13/12/2006,Onion,23,Satara,FAQ,Karad,850,400,600,Maharashtra,Other
18/12/2006,Onion,23,Satara,FAQ,Karad,900,400,600,Maharashtra,Other
28/12/2006,Onion,23,Satara,FAQ,Karad,1000,600,850,Maharashtra,Other
10/12/2024,Onion,23,Satara,FAQ,Karad,3500,1000,3500,Maharashtra,Other
11/12/2024,Onion,23,Satara,FAQ,Karad,3500,2000,3500,Maharashtra,Other
14/12/2024,Onion,23,Satara,FAQ,Karad,5500,2000,5500,Maharashtra,Other
21/12/2024,Onion,23,Satara,FAQ,Karad,3500,2000,3500,Maharashtra,Other
31/12/2024,Onion,23,Satara,FAQ,Karad,3000,2000,3000,Maharashtra,Other
22/10/2024,Onion,23,Satara,FAQ,Karad,3500,3000,3500,Maharashtra,Other
26/11/2024,Onion,23,Satara,FAQ,Karad,6000,5000,6000,Maharashtra,Other
03/08/2024,Onion,23,Satara,FAQ,Karad,3000,1000,3000,Maharashtra,Other
04/08/2024,Onion,23,Satara,FAQ,Karad,3000,1000,3000,Maharashtra,Other
06/08/2024,Onion,23,Satara,FAQ,Karad,3000,1000,3000,Maharashtra,Other
11/08/2024,Onion,23,Satara,FAQ,Karad,3300,1500,3300,Maharashtra,Other
14/08/2024,Onion,23,Satara,FAQ,Karad,3600,1500,3600,Maharashtra,Other
20/08/2024,Onion,23,Satara,FAQ,Karad,3500,3000,3500,Maharashtra,Other
03/10/2024,Onion,23,Satara,FAQ,Karad,3800,3000,3800,Maharashtra,Other
29/10/2024,Onion,23,Satara,FAQ,Karad,5000,2000,5000,Maharashtra,Other
30/10/2024,Onion,23,Satara,FAQ,Karad,5000,2000,5000,Maharashtra,Other
18/09/2024,Onion,23,Satara,FAQ,Karad,5000,3000,5000,Maharashtra,Other
02/09/2010,Onion,23,Satara,FAQ,Karad,1000,500,750,Maharashtra,Other
15/09/2010,Onion,23,Satara,FAQ,Karad,1300,500,800,Maharashtra,Other
16/09/2010,Onion,23,Satara,FAQ,Karad,1200,600,900,Maharashtra,Other
19/09/2010,Onion,23,Satara,FAQ,Karad,1400,800,1100,Maharashtra,Other
20/09/2010,Onion,23,Satara,FAQ,Karad,1000,500,750,Maharashtra,Other
21/09/2010,Onion,23,Satara,FAQ,Karad,1500,1000,1250,Maharashtra,Other
30/09/2010,Onion,23,Satara,FAQ,Karad,1100,700,900,Maharashtra,Other
24/10/2010,Onion,23,Satara,FAQ,Karad,1500,600,1200,Maharashtra,Other
05/12/2010,Onion,23,Satara,FAQ,Karad,2500,1500,2000,Maharashtra,Other
21/12/2010,Onion,23,Satara,FAQ,Karad,5500,5000,5200,Maharashtra,Other
22/12/2010,Onion,23,Satara,FAQ,Karad,4500,4000,4200,Maharashtra,Other
27/12/2010,Onion,23,Satara,FAQ,Karad,1500,1000,1250,Maharashtra,Other
17/01/2010,Onion,23,Satara,FAQ,Karad,800,300,550,Maharashtra,Other
19/01/2010,Onion,23,Satara,FAQ,Karad,1500,200,1000,Maharashtra,Other
21/01/2010,Onion,23,Satara,FAQ,Karad,900,200,650,Maharashtra,Other
23/01/2010,Onion,23,Satara,FAQ,Karad,1750,500,1200,Maharashtra,Other
25/01/2010,Onion,23,Satara,FAQ,Karad,1500,300,1000,Maharashtra,Other
03/02/2010,Onion,23,Satara,FAQ,Karad,1400,500,1000,Maharashtra,Other
15/02/2010,Onion,23,Satara,FAQ,Karad,1300,1000,1150,Maharashtra,Other
11/03/2010,Onion,23,Satara,FAQ,Karad,1000,400,700,Maharashtra,Other
15/03/2010,Onion,23,Satara,FAQ,Karad,650,400,525,Maharashtra,Other
20/03/2010,Onion,23,Satara,FAQ,Karad,700,400,550,Maharashtra,Other
22/03/2010,Onion,23,Satara,FAQ,Karad,750,600,700,Maharashtra,Other
03/05/2010,Onion,23,Satara,FAQ,Karad,600,300,450,Maharashtra,Other
17/05/2010,Onion,23,Satara,FAQ,Karad,600,400,500,Maharashtra,Other
19/06/2010,Onion,23,Satara,FAQ,Karad,800,300,550,Maharashtra,Other
24/06/2010,Onion,23,Satara,FAQ,Karad,750,400,550,Maharashtra,Other
28/06/2010,Onion,23,Satara,FAQ,Karad,850,400,750,Maharashtra,Other
01/07/2010,Onion,23,Satara,FAQ,Karad,800,400,600,Maharashtra,Other
04/07/2010,Onion,23,Satara,FAQ,Karad,800,400,600,Maharashtra,Other
07/07/2010,Onion,23,Satara,FAQ,Karad,850,500,700,Maharashtra,Other
15/07/2010,Onion,23,Satara,FAQ,Karad,800,600,700,Maharashtra,Other
18/07/2010,Onion,23,Satara,FAQ,Karad,900,500,700,Maharashtra,Other
28/07/2010,Onion,23,Satara,FAQ,Karad,800,500,650,Maharashtra,Other
29/07/2010,Onion,23,Satara,FAQ,Karad,900,500,700,Maharashtra,Other
02/08/2010,Onion,23,Satara,FAQ,Karad,900,800,850,Maharashtra,Other
03/08/2010,Onion,23,Satara,FAQ,Karad,800,600,700,Maharashtra,Other
17/08/2010,Onion,23,Satara,FAQ,Karad,1000,500,750,Maharashtra,Other
18/08/2010,Onion,23,Satara,FAQ,Karad,900,300,600,Maharashtra,Other
22/08/2010,Onion,23,Satara,FAQ,Karad,950,600,750,Maharashtra,Other
16/03/2025,Onion,23,Satara,Local,Karad,2000,1800,2000,Maharashtra,Other
23/03/2025,Onion,23,Satara,Local,Karad,1800,500,1800,Maharashtra,Other
25/03/2025,Onion,23,Satara,Local,Karad,2000,1000,2000,Maharashtra,Other
03/04/2025,Onion,23,Satara,Local,Karad,1800,1000,1800,Maharashtra,Other
06/04/2025,Onion,23,Satara,Local,Karad,1700,500,1700,Maharashtra,Other
07/04/2025,Onion,23,Satara,Local,Karad,1600,200,1600,Maharashtra,Other
19/04/2025,Onion,23,Satara,Local,Karad,1500,500,1500,Maharashtra,Other
22/04/2025,Onion,23,Satara,Local,Karad,1300,1000,1300,Maharashtra,Other
28/04/2025,Onion,23,Satara,Local,Karad,1300,200,1300,Maharashtra,Other
02/08/2025,Onion,23,Satara,Local,Karad,1600,500,1600,Maharashtra,Other
05/08/2025,Onion,23,Satara,Local,Karad,1700,500,1700,Maharashtra,Other
10/08/2025,Onion,23,Satara,Local,Karad,1300,500,1300,Maharashtra,Other
18/09/2025,Onion,23,Satara,Local,Karad,1600,500,1600,Maharashtra,Other
20/09/2025,Onion,23,Satara,Local,Karad,1400,500,1400,Maharashtra,Other
22/09/2025,Onion,23,Satara,Local,Karad,1400,300,1400,Maharashtra,Other
23/09/2025,Onion,23,Satara,Local,Karad,1500,500,1500,Maharashtra,Other
27/09/2025,Onion,23,Satara,Local,Karad,1800,500,1800,Maharashtra,Other
03/05/2025,Onion,23,Satara,Local,Karad,1700,1000,1700,Maharashtra,Other
04/05/2025,Onion,23,Satara,Local,Karad,1300,500,1300,Maharashtra,Other
07/05/2025,Onion,23,Satara,Local,Karad,1500,1200,1500,Maharashtra,Other
15/05/2025,Onion,23,Satara,Local,Karad,1400,1000,1400,Maharashtra,Other
20/05/2025,Onion,23,Satara,Local,Karad,1400,1000,1400,Maharashtra,Other
22/05/2025,Onion,23,Satara,Local,Karad,1300,500,1300,Maharashtra,Other
01/06/2025,Onion,23,Satara,Local,Karad,1400,1000,1400,Maharashtra,Other
05/06/2025,Onion,23,Satara,Local,Karad,1800,1500,1800,Maharashtra,Other
29/06/2025,Onion,23,Satara,Local,Karad,1300,500,1300,Maharashtra,Other
15/07/2025,Onion,23,Satara,Local,Karad,1400,500,1400,Maharashtra,Other
17/07/2025,Onion,23,Satara,Local,Karad,1500,1000,1500,Maharashtra,Other
19/07/2025,Onion,23,Satara,Local,Karad,1400,500,1400,Maharashtra,Other
20/07/2025,Onion,23,Satara,Local,Karad,1700,500,1700,Maharashtra,Other
04/01/2017,Onion,23,Satara,FAQ,Karad,1000,500,1000,Maharashtra,Other
07/01/2017,Onion,23,Satara,FAQ,Karad,1000,700,1000,Maharashtra,Other
19/01/2017,Onion,23,Satara,FAQ,Karad,1000,600,1000,Maharashtra,Other
24/01/2017,Onion,23,Satara,FAQ,Karad,1000,500,1000,Maharashtra,Other
05/02/2017,Onion,23,Satara,FAQ,Karad,1000,500,1000,Maharashtra,Other
06/02/2017,Onion,23,Satara,FAQ,Karad,1000,500,1000,Maharashtra,Other
07/02/2017,Onion,23,Satara,FAQ,Karad,1000,500,1000,Maharashtra,Other
15/02/2017,Onion,23,Satara,FAQ,Karad,1000,600,1000,Maharashtra,Other
18/02/2017,Onion,23,Satara,FAQ,Karad,1000,600,1000,Maharashtra,Other
16/03/2017,Onion,23,Satara,FAQ,Karad,1000,600,1000,Maharashtra,Other
23/03/2017,Onion,23,Satara,FAQ,Karad,800,600,800,Maharashtra,Other
23/04/2017,Onion,23,Satara,FAQ,Karad,800,400,800,Maharashtra,Other
04/05/2017,Onion,23,Satara,FAQ,Karad,800,500,800,Maharashtra,Other
13/05/2017,Onion,23,Satara,FAQ,Karad,700,400,700,Maharashtra,Other
14/05/2017,Onion,23,Satara,FAQ,Karad,700,400,700,Maharashtra,Other
15/05/2017,Onion,23,Satara,FAQ,Karad,700,400,700,Maharashtra,Other
21/05/2017,Onion,23,Satara,FAQ,Karad,600,200,600,Maharashtra,Other
30/05/2017,Onion,23,Satara,FAQ,Karad,700,500,700,Maharashtra,Other
03/06/2017,Onion,23,Satara,FAQ,Karad,1000,700,1000,Maharashtra,Other
06/06/2017,Onion,23,Satara,FAQ,Karad,1000,700,1000,Maharashtra,Other
07/06/2017,Onion,23,Satara,FAQ,Karad,1000,700,1000,Maharashtra,Other
11/06/2017,Onion,23,Satara,FAQ,Karad,1000,800,1000,Maharashtra,Other
12/06/2017,Onion,23,Satara,FAQ,Karad,1000,600,1000,Maharashtra,Other
14/06/2017,Onion,23,Satara,FAQ,Karad,900,700,900,Maharashtra,Other
21/06/2017,Onion,23,Satara,FAQ,Karad,1000,500,1000,Maharashtra,Other
09/07/2017,Onion,23,Satara,FAQ,Karad,1000,500,1000,Maharashtra,Other
10/07/2017,Onion,23,Satara,FAQ,Karad,1000,500,1000,Maharashtra,Other
12/07/2017,Onion,23,Satara,FAQ,Karad,1000,600,1000,Maharashtra,Other
20/07/2017,Onion,23,Satara,FAQ,Karad,1000,500,1000,Maharashtra,Other
22/07/2017,Onion,23,Satara,FAQ,Karad,1000,500,1000,Maharashtra,Other
23/07/2017,Onion,23,Satara,FAQ,Karad,900,500,900,Maharashtra,Other
05/08/2017,Onion,23,Satara,FAQ,Karad,2300,1500,2300,Maharashtra,Other
13/08/2017,Onion,23,Satara,FAQ,Karad,2200,1400,2200,Maharashtra,Other
28/08/2017,Onion,23,Satara,FAQ,Karad,2500,1500,2500,Maharashtra,Other
03/09/2017,Onion,23,Satara,FAQ,Karad,2000,1500,2000,Maharashtra,Other
19/09/2017,Onion,23,Satara,FAQ,Karad,1700,1000,1700,Maharashtra,Other
20/09/2017,Onion,23,Satara,FAQ,Karad,1600,1000,1600,Maharashtra,Other
30/09/2017,Onion,23,Satara,FAQ,Karad,2000,1500,2000,Maharashtra,Other
01/10/2017,Onion,23,Satara,FAQ,Karad,2000,1500,2000,Maharashtra,Other
04/10/2017,Onion,23,Satara,FAQ,Karad,1700,1000,1700,Maharashtra,Other
09/10/2017,Onion,23,Satara,FAQ,Karad,1800,1000,1800,Maharashtra,Other
17/10/2017,Onion,23,Satara,FAQ,Karad,2600,1000,2600,Maharashtra,Other
19/10/2017,Onion,23,Satara,FAQ,Karad,2000,1500,2000,Maharashtra,Other
21/10/2017,Onion,23,Satara,FAQ,Karad,2200,1500,2200,Maharashtra,Other
23/10/2017,Onion,23,Satara,FAQ,Karad,4000,3000,4000,Maharashtra,Other
24/10/2017,Onion,23,Satara,FAQ,Karad,3800,2000,3800,Maharashtra,Other
01/11/2017,Onion,23,Satara,FAQ,Karad,3200,2000,3200,Maharashtra,Other
07/11/2017,Onion,23,Satara,FAQ,Karad,3000,1800,3000,Maharashtra,Other
23/11/2017,Onion,23,Satara,FAQ,Karad,3000,2500,3000,Maharashtra,Other
25/11/2017,Onion,23,Satara,FAQ,Karad,4000,2500,4000,Maharashtra,Other
29/11/2017,Onion,23,Satara,FAQ,Karad,3800,2000,3800,Maharashtra,Other
07/12/2017,Onion,23,Satara,FAQ,Karad,3000,2500,3000,Maharashtra,Other
23/12/2017,Onion,23,Satara,FAQ,Karad,3500,2500,3500,Maharashtra,Other
01/01/2020,Onion,23,Satara,FAQ,Karad,7000,4000,7000,Maharashtra,Other
02/01/2020,Onion,23,Satara,FAQ,Karad,7500,4000,7500,Maharashtra,Other
23/01/2020,Onion,23,Satara,FAQ,Karad,3200,2800,3200,Maharashtra,Other
29/01/2020,Onion,23,Satara,FAQ,Karad,3000,2000,3000,Maharashtra,Other
10/02/2020,Onion,23,Satara,FAQ,Karad,2000,1000,2000,Maharashtra,Other
12/02/2020,Onion,23,Satara,FAQ,Karad,2000,1500,2000,Maharashtra,Other
24/02/2020,Onion,23,Satara,FAQ,Karad,2000,1000,2000,Maharashtra,Other
27/02/2020,Onion,23,Satara,FAQ,Karad,1900,1600,1900,Maharashtra,Other
04/03/2020,Onion,23,Satara,FAQ,Karad,1600,1200,1600,Maharashtra,Other
10/03/2020,Onion,23,Satara,FAQ,Karad,2200,1500,2200,Maharashtra,Other
16/03/2020,Onion,23,Satara,FAQ,Karad,1700,1300,1700,Maharashtra,Other
17/03/2020,Onion,23,Satara,FAQ,Karad,1700,1500,1700,Maharashtra,Other
19/03/2020,Onion,23,Satara,FAQ,Karad,1700,1300,1700,Maharashtra,Other
23/03/2020,Onion,23,Satara,FAQ,Karad,1800,1200,1800,Maharashtra,Other
30/03/2020,Onion,23,Satara,FAQ,Karad,2000,1500,2000,Maharashtra,Other
04/04/2020,Onion,23,Satara,FAQ,Karad,1700,1200,1700,Maharashtra,Other
18/04/2020,Onion,23,Satara,FAQ,Karad,2000,1500,2000,Maharashtra,Other
30/05/2020,Onion,23,Satara,FAQ,Karad,1200,600,1200,Maharashtra,Other
31/05/2020,Onion,23,Satara,FAQ,Karad,1000,500,1000,Maharashtra,Other
17/06/2020,Onion,23,Satara,FAQ,Karad,1200,700,1200,Maharashtra,Other
18/06/2020,Onion,23,Satara,FAQ,Karad,1000,700,1000,Maharashtra,Other
30/06/2020,Onion,23,Satara,FAQ,Karad,1200,700,1200,Maharashtra,Other
22/07/2020,Onion,23,Satara,FAQ,Karad,1300,700,1300,Maharashtra,Other
03/08/2020,Onion,23,Satara,FAQ,Karad,1000,700,1000,Maharashtra,Other
09/08/2020,Onion,23,Satara,FAQ,Karad,1000,500,1000,Maharashtra,Other
10/08/2020,Onion,23,Satara,FAQ,Karad,1300,500,1300,Maharashtra,Other
27/08/2020,Onion,23,Satara,FAQ,Karad,1700,1200,1700,Maharashtra,Other
31/08/2020,Onion,23,Satara,FAQ,Karad,1500,1000,1500,Maharashtra,Other
03/09/2020,Onion,23,Satara,FAQ,Karad,1500,1000,1500,Maharashtra,Other
12/09/2020,Onion,23,Satara,FAQ,Karad,1800,1000,1800,Maharashtra,Other
22/09/2020,Onion,23,Satara,FAQ,Karad,3500,2000,3500,Maharashtra,Other
23/09/2020,Onion,23,Satara,FAQ,Karad,3700,2000,3700,Maharashtra,Other
08/10/2020,Onion,23,Satara,FAQ,Karad,3500,2500,3500,Maharashtra,Other
28/10/2020,Onion,23,Satara,FAQ,Karad,7000,4000,7000,Maharashtra,Other
02/11/2020,Onion,23,Satara,FAQ,Karad,6500,3000,6500,Maharashtra,Other
03/11/2020,Onion,23,Satara,FAQ,Karad,6000,4000,6000,Maharashtra,Other
04/11/2020,Onion,23,Satara,FAQ,Karad,5500,4000,5500,Maharashtra,Other
21/11/2020,Onion,23,Satara,FAQ,Karad,5000,1000,5000,Maharashtra,Other
22/11/2020,Onion,23,Satara,FAQ,Karad,6000,3000,6000,Maharashtra,Other
25/11/2020,Onion,23,Satara,FAQ,Karad,5500,3000,5500,Maharashtra,Other
29/11/2020,Onion,23,Satara,FAQ,Karad,5000,3000,5000,Maharashtra,Other
02/12/2020,Onion,23,Satara,FAQ,Karad,3500,2000,3500,Maharashtra,Other
06/12/2020,Onion,23,Satara,FAQ,Karad,3500,2000,3500,Maharashtra,Other
21/12/2020,Onion,23,Satara,FAQ,Karad,2500,1000,2500,Maharashtra,Other
24/12/2020,Onion,23,Satara,FAQ,Karad,2700,1000,2700,Maharashtra,Other
31/12/2020,Onion,23,Satara,FAQ,Karad,3000,2000,3000,Maharashtra,Other
04/01/2024,Onion,23,Satara,FAQ,Karad,2300,1500,2300,Maharashtra,Other
11/01/2024,Onion,23,Satara,FAQ,Karad,1800,1300,1800,Maharashtra,Other
16/01/2024,Onion,23,Satara,FAQ,Karad,2000,1500,2000,Maharashtra,Other
23/01/2024,Onion,23,Satara,FAQ,Karad,1600,500,1600,Maharashtra,Other
04/02/2024,Onion,23,Satara,FAQ,Karad,1500,500,1500,Maharashtra,Other
05/02/2024,Onion,23,Satara,FAQ,Karad,1500,300,1500,Maharashtra,Other
07/02/2024,Onion,23,Satara,FAQ,Karad,1300,500,1300,Maharashtra,Other
10/02/2024,Onion,23,Satara,FAQ,Karad,1400,500,1400,Maharashtra,Other
21/02/2024,Onion,23,Satara,FAQ,Karad,1400,500,1400,Maharashtra,Other
09/03/2024,Onion,23,Satara,FAQ,Karad,2000,1500,2000,Maharashtra,Other
11/03/2024,Onion,23,Satara,FAQ,Karad,1800,1000,1800,Maharashtra,Other
17/03/2024,Onion,23,Satara,FAQ,Karad,1800,1200,1800,Maharashtra,Other
23/03/2024,Onion,23,Satara,FAQ,Karad,1500,300,1500,Maharashtra,Other
25/03/2024,Onion,23,Satara,FAQ,Karad,1300,1000,1300,Maharashtra,Other
22/04/2024,Onion,23,Satara,FAQ,Karad,1600,500,1600,Maharashtra,Other
28/04/2024,Onion,23,Satara,FAQ,Karad,1400,500,1400,Maharashtra,Other
04/05/2024,Onion,23,Satara,FAQ,Karad,1300,1000,1300,Maharashtra,Other
18/05/2024,Onion,23,Satara,FAQ,Karad,1800,1000,1800,Maharashtra,Other
19/05/2024,Onion,23,Satara,FAQ,Karad,2000,500,2000,Maharashtra,Other
20/05/2024,Onion,23,Satara,FAQ,Karad,2000,1000,2000,Maharashtra,Other
22/05/2024,Onion,23,Satara,FAQ,Karad,2300,500,2300,Maharashtra,Other
01/06/2024,Onion,23,Satara,FAQ,Karad,3000,1500,3000,Maharashtra,Other
09/06/2024,Onion,23,Satara,FAQ,Karad,3500,2500,3500,Maharashtra,Other
15/06/2024,Onion,23,Satara,FAQ,Karad,3500,1000,3500,Maharashtra,Other
19/06/2024,Onion,23,Satara,FAQ,Karad,3000,1000,3000,Maharashtra,Other
23/06/2024,Onion,23,Satara,FAQ,Karad,3000,1000,3000,Maharashtra,Other
24/06/2024,Onion,23,Satara,FAQ,Karad,3000,1500,3000,Maharashtra,Other
29/06/2024,Onion,23,Satara,FAQ,Karad,3000,500,3000,Maharashtra,Other
02/07/2024,Onion,23,Satara,FAQ,Karad,3000,500,3000,Maharashtra,Other
04/07/2024,Onion,23,Satara,FAQ,Karad,3500,1500,3500,Maharashtra,Other
10/07/2024,Onion,23,Satara,FAQ,Karad,2800,1000,2800,Maharashtra,Other
25/07/2024,Onion,23,Satara,FAQ,Karad,3100,1500,3100,Maharashtra,Other
27/07/2024,Onion,23,Satara,FAQ,Karad,3000,1000,3000,Maharashtra,Other
17/01/2023,Onion,23,Satara,FAQ,Karad,1800,500,1800,Maharashtra,Other
22/01/2023,Onion,23,Satara,FAQ,Karad,2400,500,2400,Maharashtra,Other
28/01/2023,Onion,23,Satara,FAQ,Karad,1500,500,1500,Maharashtra,Other
02/02/2023,Onion,23,Satara,FAQ,Karad,1400,500,1400,Maharashtra,Other
11/02/2023,Onion,23,Satara,FAQ,Karad,1300,500,1300,Maharashtra,Other
12/02/2023,Onion,23,Satara,FAQ,Karad,1200,1000,1200,Maharashtra,Other
08/03/2023,Onion,23,Satara,FAQ,Karad,1300,500,1300,Maharashtra,Other
12/03/2023,Onion,23,Satara,FAQ,Karad,1600,1000,1600,Maharashtra,Other
21/03/2023,Onion,23,Satara,FAQ,Karad,1400,300,1400,Maharashtra,Other
11/04/2023,Onion,23,Satara,FAQ,Karad,1200,600,1200,Maharashtra,Other
12/04/2023,Onion,23,Satara,FAQ,Karad,1000,200,1000,Maharashtra,Other
13/04/2023,Onion,23,Satara,FAQ,Karad,1000,500,1000,Maharashtra,Other
16/04/2023,Onion,23,Satara,FAQ,Karad,1200,500,1200,Maharashtra,Other
27/04/2023,Onion,23,Satara,FAQ,Karad,1000,300,1000,Maharashtra,Other
02/05/2023,Onion,23,Satara,FAQ,Karad,1000,500,1000,Maharashtra,Other
06/05/2023,Onion,23,Satara,FAQ,Karad,1000,500,1000,Maharashtra,Other
23/05/2023,Onion,23,Satara,FAQ,Karad,1000,200,1000,Maharashtra,Other
29/05/2023,Onion,23,Satara,FAQ,Karad,1000,500,1000,Maharashtra,Other
07/06/2023,Onion,23,Satara,FAQ,Karad,1400,500,1400,Maharashtra,Other
11/06/2023,Onion,23,Satara,FAQ,Karad,1400,400,1400,Maharashtra,Other
15/06/2023,Onion,23,Satara,FAQ,Karad,1500,400,1500,Maharashtra,Other
17/06/2023,Onion,23,Satara,FAQ,Karad,1400,1000,1400,Maharashtra,Other
19/06/2023,Onion,23,Satara,FAQ,Karad,1400,500,1400,Maharashtra,Other
22/06/2023,Onion,23,Satara,FAQ,Karad,1400,500,1400,Maharashtra,Other
24/06/2023,Onion,23,Satara,FAQ,Karad,1400,1000,1400,Maharashtra,Other
25/06/2023,Onion,23,Satara,FAQ,Karad,1400,1000,1400,Maharashtra,Other
05/07/2023,Onion,23,Satara,FAQ,Karad,2000,1700,2000,Maharashtra,Other
13/07/2023,Onion,23,Satara,FAQ,Karad,1600,800,1600,Maharashtra,Other
15/07/2023,Onion,23,Satara,FAQ,Karad,1600,1200,1600,Maharashtra,Other
17/07/2023,Onion,23,Satara,FAQ,Karad,1500,1000,1500,Maharashtra,Other
10/08/2023,Onion,23,Satara,FAQ,Karad,1800,300,1800,Maharashtra,Other
12/08/2023,Onion,23,Satara,FAQ,Karad,2500,1500,2500,Maharashtra,Other
07/09/2023,Onion,23,Satara,FAQ,Karad,2500,1800,2500,Maharashtra,Other
09/09/2023,Onion,23,Satara,FAQ,Karad,2500,2000,2500,Maharashtra,Other
28/09/2023,Onion,23,Satara,FAQ,Karad,2800,1800,2800,Maharashtra,Other
10/10/2023,Onion,23,Satara,FAQ,Karad,2200,1500,2200,Maharashtra,Other
17/10/2023,Onion,23,Satara,FAQ,Karad,2500,500,2500,Maharashtra,Other
29/10/2023,Onion,23,Satara,FAQ,Karad,5000,4500,5000,Maharashtra,Other
28/11/2023,Onion,23,Satara,FAQ,Karad,4000,3200,4000,Maharashtra,Other
12/12/2023,Onion,23,Satara,FAQ,Karad,4500,2000,4500,Maharashtra,Other
06/01/2022,Onion,23,Satara,FAQ,Karad,2500,1500,2500,Maharashtra,Other
15/01/2022,Onion,23,Satara,FAQ,Karad,2500,1800,2500,Maharashtra,Other
19/01/2022,Onion,23,Satara,FAQ,Karad,2000,1500,2000,Maharashtra,Other
20/01/2022,Onion,23,Satara,FAQ,Karad,2800,500,2800,Maharashtra,Other
29/01/2022,Onion,23,Satara,FAQ,Karad,2200,1000,2200,Maharashtra,Other
01/02/2022,Onion,23,Satara,FAQ,Karad,2200,2000,2200,Maharashtra,Other
05/02/2022,Onion,23,Satara,FAQ,Karad,2000,500,2000,Maharashtra,Other
16/02/2022,Onion,23,Satara,FAQ,Karad,2500,2000,2500,Maharashtra,Other
19/02/2022,Onion,23,Satara,FAQ,Karad,2000,1000,2000,Maharashtra,Other
01/03/2022,Onion,23,Satara,FAQ,Karad,2000,500,2000,Maharashtra,Other
02/03/2022,Onion,23,Satara,FAQ,Karad,2500,500,2500,Maharashtra,Other
14/03/2022,Onion,23,Satara,FAQ,Karad,2000,500,2000,Maharashtra,Other
15/03/2022,Onion,23,Satara,FAQ,Karad,1500,200,1500,Maharashtra,Other
16/03/2022,Onion,23,Satara,FAQ,Karad,1500,1000,1500,Maharashtra,Other
20/03/2022,Onion,23,Satara,FAQ,Karad,2000,1000,2000,Maharashtra,Other
23/03/2022,Onion,23,Satara,FAQ,Karad,1400,300,1400,Maharashtra,Other
26/03/2022,Onion,23,Satara,FAQ,Karad,1400,500,1400,Maharashtra,Other
29/03/2022,Onion,23,Satara,FAQ,Karad,1300,500,1300,Maharashtra,Other
31/03/2022,Onion,23,Satara,FAQ,Karad,1300,500,1300,Maharashtra,Other
04/04/2022,Onion,23,Satara,FAQ,Karad,1200,1000,1200,Maharashtra,Other
06/04/2022,Onion,23,Satara,FAQ,Karad,1300,300,1300,Maharashtra,Other
09/04/2022,Onion,23,Satara,FAQ,Karad,1300,500,1300,Maharashtra,Other
16/04/2022,Onion,23,Satara,FAQ,Karad,1300,500,1300,Maharashtra,Other
17/04/2022,Onion,23,Satara,FAQ,Karad,1100,200,1100,Maharashtra,Other
04/05/2022,Onion,23,Satara,FAQ,Karad,1100,200,1100,Maharashtra,Other
08/06/2022,Onion,23,Satara,FAQ,Karad,1300,500,1300,Maharashtra,Other
16/06/2022,Onion,23,Satara,FAQ,Karad,1400,500,1400,Maharashtra,Other
18/06/2022,Onion,23,Satara,FAQ,Karad,1500,1200,1500,Maharashtra,Other
26/06/2022,Onion,23,Satara,FAQ,Karad,1400,500,1400,Maharashtra,Other
04/07/2022,Onion,23,Satara,FAQ,Karad,1500,200,1500,Maharashtra,Other
14/07/2022,Onion,23,Satara,FAQ,Karad,1700,1000,1700,Maharashtra,Other
30/07/2022,Onion,23,Satara,FAQ,Karad,1500,300,1500,Maharashtra,Other
04/08/2022,Onion,23,Satara,FAQ,Karad,1500,500,1500,Maharashtra,Other
07/08/2022,Onion,23,Satara,FAQ,Karad,1500,200,1500,Maharashtra,Other
10/08/2022,Onion,23,Satara,FAQ,Karad,1500,200,1500,Maharashtra,Other
13/08/2022,Onion,23,Satara,FAQ,Karad,1600,500,1600,Maharashtra,Other
17/08/2022,Onion,23,Satara,FAQ,Karad,1600,500,1600,Maharashtra,Other
21/08/2022,Onion,23,Satara,FAQ,Karad,1800,1000,1800,Maharashtra,Other
03/09/2022,Onion,23,Satara,FAQ,Karad,1300,500,1300,Maharashtra,Other
02/10/2022,Onion,23,Satara,FAQ,Karad,1800,500,1800,Maharashtra,Other
18/10/2022,Onion,23,Satara,FAQ,Karad,2000,500,2000,Maharashtra,Other
20/10/2022,Onion,23,Satara,FAQ,Karad,2000,200,2000,Maharashtra,Other
23/10/2022,Onion,23,Satara,FAQ,Karad,2000,1000,2000,Maharashtra,Other
29/10/2022,Onion,23,Satara,FAQ,Karad,2000,1000,2000,Maharashtra,Other
09/11/2022,Onion,23,Satara,FAQ,Karad,2500,1500,2500,Maharashtra,Other
13/11/2022,Onion,23,Satara,FAQ,Karad,2500,1000,2500,Maharashtra,Other
16/11/2022,Onion,23,Satara,FAQ,Karad,2500,1000,2500,Maharashtra,Other
19/11/2022,Onion,23,Satara,FAQ,Karad,2000,500,2000,Maharashtra,Other
08/12/2022,Onion,23,Satara,FAQ,Karad,1500,500,1500,Maharashtra,Other
13/12/2022,Onion,23,Satara,FAQ,Karad,1500,300,1500,Maharashtra,Other
18/12/2022,Onion,23,Satara,FAQ,Karad,1800,500,1800,Maharashtra,Other
28/12/2022,Onion,23,Satara,FAQ,Karad,2200,500,2200,Maharashtra,Other
31/12/2022,Onion,23,Satara,FAQ,Karad,2000,500,2000,Maharashtra,Other
21/01/2021,Onion,23,Satara,FAQ,Karad,3000,2000,3000,Maharashtra,Other
24/01/2021,Onion,23,Satara,FAQ,Karad,3000,2000,3000,Maharashtra,Other
27/01/2021,Onion,23,Satara,FAQ,Karad,3000,2500,3000,Maharashtra,Other
11/02/2021,Onion,23,Satara,FAQ,Karad,4000,3500,4000,Maharashtra,Other
03/03/2021,Onion,23,Satara,FAQ,Karad,3000,2500,3000,Maharashtra,Other
03/04/2021,Onion,23,Satara,FAQ,Karad,1800,1000,1800,Maharashtra,Other
07/04/2021,Onion,23,Satara,FAQ,Karad,1400,1100,1400,Maharashtra,Other
21/04/2021,Onion,23,Satara,FAQ,Karad,1400,500,1400,Maharashtra,Other
02/05/2021,Onion,23,Satara,FAQ,Karad,1800,1000,1800,Maharashtra,Other
12/05/2021,Onion,23,Satara,FAQ,Karad,1500,800,1500,Maharashtra,Other
19/05/2021,Onion,23,Satara,FAQ,Karad,1400,500,1400,Maharashtra,Other
23/05/2021,Onion,23,Satara,FAQ,Karad,1400,1000,1400,Maharashtra,Other
05/06/2021,Onion,23,Satara,FAQ,Karad,1800,1200,1800,Maharashtra,Other
06/06/2021,Onion,23,Satara,FAQ,Karad,2000,1500,2000,Maharashtra,Other
07/06/2021,Onion,23,Satara,FAQ,Karad,2000,1500,2000,Maharashtra,Other
19/06/2021,Onion,23,Satara,FAQ,Karad,2000,1500,2000,Maharashtra,Other
21/06/2021,Onion,23,Satara,FAQ,Karad,2000,1500,2000,Maharashtra,Other
22/06/2021,Onion,23,Satara,FAQ,Karad,2200,1500,2200,Maharashtra,Other
30/06/2021,Onion,23,Satara,FAQ,Karad,1800,1000,1800,Maharashtra,Other
06/07/2021,Onion,23,Satara,FAQ,Karad,2200,1500,2200,Maharashtra,Other
26/07/2021,Onion,23,Satara,FAQ,Karad,2000,1800,2000,Maharashtra,Other
03/08/2021,Onion,23,Satara,FAQ,Karad,2300,1800,2300,Maharashtra,Other
05/08/2021,Onion,23,Satara,FAQ,Karad,2200,1800,2200,Maharashtra,Other
07/08/2021,Onion,23,Satara,FAQ,Karad,2200,2000,2200,Maharashtra,Other
08/08/2021,Onion,23,Satara,FAQ,Karad,1800,1500,1800,Maharashtra,Other
24/08/2021,Onion,23,Satara,FAQ,Karad,2000,1500,2000,Maharashtra,Other
14/09/2021,Onion,23,Satara,FAQ,Karad,1500,1200,1500,Maharashtra,Other
25/09/2021,Onion,23,Satara,FAQ,Karad,2000,1500,2000,Maharashtra,Other
30/09/2021,Onion,23,Satara,FAQ,Karad,2500,1500,2500,Maharashtra,Other
19/10/2021,Onion,23,Satara,FAQ,Karad,2000,1200,2000,Maharashtra,Other
28/10/2021,Onion,23,Satara,FAQ,Karad,3200,2500,3200,Maharashtra,Other
10/11/2021,Onion,23,Satara,FAQ,Karad,3500,2500,3500,Maharashtra,Other
01/12/2021,Onion,23,Satara,FAQ,Karad,2400,1500,2400,Maharashtra,Other
02/12/2021,Onion,23,Satara,FAQ,Karad,2400,500,2400,Maharashtra,Other
04/12/2021,Onion,23,Satara,FAQ,Karad,3300,500,3300,Maharashtra,Other
07/12/2021,Onion,23,Satara,FAQ,Karad,3000,2000,3000,Maharashtra,Other
14/12/2021,Onion,23,Satara,FAQ,Karad,3000,2000,3000,Maharashtra,Other
22/12/2021,Onion,23,Satara,FAQ,Karad,3000,1000,3000,Maharashtra,Other
23/12/2021,Onion,23,Satara,FAQ,Karad,3500,3000,3500,Maharashtra,Other
25/12/2021,Onion,23,Satara,FAQ,Karad,3000,2000,3000,Maharashtra,Other
26/12/2021,Onion,23,Satara,FAQ,Karad,2800,2000,2800,Maharashtra,Other
27/12/2021,Onion,23,Satara,FAQ,Karad,3000,500,3000,Maharashtra,Other
13/03/2025,Onion,23,Satara,Local,Karad,2000,500,2000,Maharashtra,Other
17/03/2025,Onion,23,Satara,Local,Karad,2000,1000,2000,Maharashtra,Other
27/03/2025,Onion,23,Satara,Local,Karad,2000,500,2000,Maharashtra,Other
09/10/2025,Onion,23,Satara,Local,Karad,1700,500,1700,Maharashtra,Other
14/10/2025,Onion,23,Satara,Local,Karad,1400,500,1400,Maharashtra,Other
29/10/2025,Onion,23,Satara,Local,Karad,1800,1000,1800,Maharashtra,Other
11/01/2014,Onion,23,Satara,FAQ,Karad,1200,700,950,Maharashtra,Other
29/01/2014,Onion,23,Satara,FAQ,Karad,1200,500,800,Maharashtra,Other
10/02/2014,Onion,23,Satara,FAQ,Karad,1200,600,800,Maharashtra,Other
07/04/2014,Onion,23,Satara,FAQ,Karad,1100,700,900,Maharashtra,Other
15/04/2014,Onion,23,Satara,FAQ,Karad,900,300,600,Maharashtra,Other
19/04/2014,Onion,23,Satara,FAQ,Karad,1000,300,650,Maharashtra,Other
03/06/2014,Onion,23,Satara,FAQ,Karad,1200,700,1000,Maharashtra,Other
09/06/2014,Onion,23,Satara,FAQ,Karad,1600,1000,1400,Maharashtra,Other
23/06/2014,Onion,23,Satara,FAQ,Karad,2000,1400,1700,Maharashtra,Other
30/07/2014,Onion,23,Satara,FAQ,Karad,2800,2000,2400,Maharashtra,Other
06/09/2014,Onion,23,Satara,FAQ,Karad,2400,1700,2050,Maharashtra,Other
14/10/2014,Onion,23,Satara,FAQ,Karad,1600,1000,1300,Maharashtra,Other
18/10/2014,Onion,23,Satara,FAQ,Karad,2300,800,1550,Maharashtra,Other
15/11/2014,Onion,23,Satara,FAQ,Karad,1000,600,800,Maharashtra,Other
15/12/2014,Onion,23,Satara,FAQ,Karad,1800,1200,1500,Maharashtra,Other
23/01/2013,Onion,23,Satara,FAQ,Karad,1800,1000,1400,Maharashtra,Other
30/01/2013,Onion,23,Satara,FAQ,Karad,1800,1200,1500,Maharashtra,Other
17/04/2013,Onion,23,Satara,FAQ,Karad,1300,1000,1150,Maharashtra,Other
11/05/2013,Onion,23,Satara,FAQ,Karad,1300,1000,1150,Maharashtra,Other
20/05/2013,Onion,23,Satara,FAQ,Karad,1200,700,950,Maharashtra,Other
04/06/2013,Onion,23,Satara,FAQ,Karad,1300,700,1000,Maharashtra,Other
09/07/2013,Onion,23,Satara,FAQ,Karad,2000,1500,1750,Maharashtra,Other
23/07/2013,Onion,23,Satara,FAQ,Karad,2800,2000,2400,Maharashtra,Other
22/08/2013,Onion,23,Satara,FAQ,Karad,4000,2500,3250,Maharashtra,Other
17/09/2013,Onion,23,Satara,FAQ,Karad,5600,4500,5050,Maharashtra,Other
08/10/2013,Onion,23,Satara,FAQ,Karad,2800,1500,2150,Maharashtra,Other
14/10/2013,Onion,23,Satara,FAQ,Karad,3000,1500,2250,Maharashtra,Other
24/10/2013,Onion,23,Satara,FAQ,Karad,4500,2300,3400,Maharashtra,Other
29/10/2013,Onion,23,Satara,FAQ,Karad,3000,2500,2750,Maharashtra,Other
30/11/2013,Onion,23,Satara,FAQ,Karad,2500,2000,2250,Maharashtra,Other
21/12/2013,Onion,23,Satara,FAQ,Karad,1500,1000,1250,Maharashtra,Other
25/12/2004,Onion,23,Satara,FAQ,Karad,500,200,350,Maharashtra,Other
27/12/2004,Onion,23,Satara,FAQ,Karad,500,200,400,Maharashtra,Other
28/12/2004,Onion,23,Satara,FAQ,Karad,500,200,400,Maharashtra,Other
30/09/2004,Onion,23,Satara,FAQ,Karad,400,200,350,Maharashtra,Red
14/10/2004,Onion,23,Satara,FAQ,Karad,500,200,400,Maharashtra,Red
19/10/2004,Onion,23,Satara,FAQ,Karad,500,400,450,Maharashtra,Red
26/10/2004,Onion,23,Satara,FAQ,Karad,400,200,300,Maharashtra,Red
30/10/2004,Onion,23,Satara,FAQ,Karad,500,300,450,Maharashtra,Red
01/11/2004,Onion,23,Satara,FAQ,Karad,400,200,300,Maharashtra,Red
18/11/2004,Onion,23,Satara,FAQ,Karad,400,200,300,Maharashtra,Red
27/11/2004,Onion,23,Satara,FAQ,Karad,400,200,300,Maharashtra,Red
06/12/2004,Onion,23,Satara,FAQ,Karad,350,200,300,Maharashtra,Red
25/01/2021,Onion,23,Satara,FAQ,Karad,3000,2000,3000,Maharashtra,Other
01/02/2021,Onion,23,Satara,FAQ,Karad,3000,2500,3000,Maharashtra,Other
18/02/2021,Onion,23,Satara,FAQ,Karad,4100,3500,4100,Maharashtra,Other
24/02/2021,Onion,23,Satara,FAQ,Karad,4500,2000,4500,Maharashtra,Other
01/03/2021,Onion,23,Satara,FAQ,Karad,3000,2000,3000,Maharashtra,Other
06/03/2021,Onion,23,Satara,FAQ,Karad,3000,2500,3000,Maharashtra,Other
13/03/2021,Onion,23,Satara,FAQ,Karad,2300,1000,2300,Maharashtra,Other
14/03/2021,Onion,23,Satara,FAQ,Karad,2500,1500,2500,Maharashtra,Other
28/03/2021,Onion,23,Satara,FAQ,Karad,1500,1300,1500,Maharashtra,Other
15/04/2021,Onion,23,Satara,FAQ,Karad,1500,600,1500,Maharashtra,Other
19/04/2021,Onion,23,Satara,FAQ,Karad,1300,500,1300,Maharashtra,Other
24/04/2021,Onion,23,Satara,FAQ,Karad,1300,1000,1300,Maharashtra,Other
01/05/2021,Onion,23,Satara,FAQ,Karad,1200,800,1200,Maharashtra,Other
11/05/2021,Onion,23,Satara,FAQ,Karad,1400,700,1400,Maharashtra,Other
16/06/2021,Onion,23,Satara,FAQ,Karad,2200,1500,2200,Maharashtra,Other
17/06/2021,Onion,23,Satara,FAQ,Karad,2200,1500,2200,Maharashtra,Other
24/06/2021,Onion,23,Satara,FAQ,Karad,2000,1000,2000,Maharashtra,Other
16/07/2021,Onion,23,Satara,FAQ,Karad,2000,1500,2000,Maharashtra,Other
22/07/2021,Onion,23,Satara,FAQ,Karad,2000,1500,2000,Maharashtra,Other
29/07/2021,Onion,23,Satara,FAQ,Karad,2000,1500,2000,Maharashtra,Other
31/07/2021,Onion,23,Satara,FAQ,Karad,2200,2000,2200,Maharashtra,Other
02/08/2021,Onion,23,Satara,FAQ,Karad,2200,1500,2200,Maharashtra,Other
12/08/2021,Onion,23,Satara,FAQ,Karad,1800,500,1800,Maharashtra,Other
18/08/2021,Onion,23,Satara,FAQ,Karad,1900,1400,1900,Maharashtra,Other
21/08/2021,Onion,23,Satara,FAQ,Karad,2100,1000,2100,Maharashtra,Other
23/08/2021,Onion,23,Satara,FAQ,Karad,2000,1500,2000,Maharashtra,Other
25/08/2021,Onion,23,Satara,FAQ,Karad,2100,1000,2100,Maharashtra,Other
30/08/2021,Onion,23,Satara,FAQ,Karad,2000,1500,2000,Maharashtra,Other
01/09/2021,Onion,23,Satara,FAQ,Karad,2000,1300,2000,Maharashtra,Other
04/09/2021,Onion,23,Satara,FAQ,Karad,2000,1500,2000,Maharashtra,Other
06/09/2021,Onion,23,Satara,FAQ,Karad,1800,1000,1800,Maharashtra,Other
08/09/2021,Onion,23,Satara,FAQ,Karad,2000,1800,2000,Maharashtra,Other
11/09/2021,Onion,23,Satara,FAQ,Karad,1600,1000,1600,Maharashtra,Other
12/09/2021,Onion,23,Satara,FAQ,Karad,2000,1800,2000,Maharashtra,Other
19/09/2021,Onion,23,Satara,FAQ,Karad,1500,1000,1500,Maharashtra,Other
22/09/2021,Onion,23,Satara,FAQ,Karad,2000,1300,2000,Maharashtra,Other
03/10/2021,Onion,23,Satara,FAQ,Karad,2000,1500,2000,Maharashtra,Other
26/10/2021,Onion,23,Satara,FAQ,Karad,2800,2000,2800,Maharashtra,Other
31/10/2021,Onion,23,Satara,FAQ,Karad,2500,2000,2500,Maharashtra,Other
07/11/2021,Onion,23,Satara,FAQ,Karad,2000,1500,2000,Maharashtra,Other
09/11/2021,Onion,23,Satara,FAQ,Karad,3000,2000,3000,Maharashtra,Other
13/11/2021,Onion,23,Satara,FAQ,Karad,3200,2000,3200,Maharashtra,Other
15/11/2021,Onion,23,Satara,FAQ,Karad,3500,2000,3500,Maharashtra,Other
23/11/2021,Onion,23,Satara,FAQ,Karad,3000,500,3000,Maharashtra,Other
24/11/2021,Onion,23,Satara,FAQ,Karad,3000,1500,3000,Maharashtra,Other
25/11/2021,Onion,23,Satara,FAQ,Karad,2500,1500,2500,Maharashtra,Other
28/11/2021,Onion,23,Satara,FAQ,Karad,2500,2200,2500,Maharashtra,Other
12/12/2021,Onion,23,Satara,FAQ,Karad,3500,3000,3500,Maharashtra,Other
20/12/2021,Onion,23,Satara,FAQ,Karad,3200,2500,3200,Maharashtra,Other
21/12/2021,Onion,23,Satara,FAQ,Karad,3000,500,3000,Maharashtra,Other
05/01/2020,Onion,23,Satara,FAQ,Karad,5000,3500,5000,Maharashtra,Other
18/01/2020,Onion,23,Satara,FAQ,Karad,4000,3500,4000,Maharashtra,Other
19/01/2020,Onion,23,Satara,FAQ,Karad,3800,2000,3800,Maharashtra,Other
11/02/2020,Onion,23,Satara,FAQ,Karad,2200,1500,2200,Maharashtra,Other
16/02/2020,Onion,23,Satara,FAQ,Karad,2200,1800,2200,Maharashtra,Other
25/02/2020,Onion,23,Satara,FAQ,Karad,1800,1000,1800,Maharashtra,Other
12/03/2020,Onion,23,Satara,FAQ,Karad,1600,1400,1600,Maharashtra,Other
14/03/2020,Onion,23,Satara,FAQ,Karad,2000,1500,2000,Maharashtra,Other
18/03/2020,Onion,23,Satara,FAQ,Karad,1700,1200,1700,Maharashtra,Other
25/03/2020,Onion,23,Satara,FAQ,Karad,2000,1500,2000,Maharashtra,Other
19/04/2020,Onion,23,Satara,FAQ,Karad,2000,1500,2000,Maharashtra,Other
27/05/2020,Onion,23,Satara,FAQ,Karad,1000,700,1000,Maharashtra,Other
02/06/2020,Onion,23,Satara,FAQ,Karad,1000,800,1000,Maharashtra,Other
04/06/2020,Onion,23,Satara,FAQ,Karad,1000,800,1000,Maharashtra,Other
06/06/2020,Onion,23,Satara,FAQ,Karad,1000,500,1000,Maharashtra,Other
15/06/2020,Onion,23,Satara,FAQ,Karad,1000,500,1000,Maharashtra,Other
22/06/2020,Onion,23,Satara,FAQ,Karad,1000,500,1000,Maharashtra,Other
24/06/2020,Onion,23,Satara,FAQ,Karad,1300,500,1300,Maharashtra,Other
02/07/2020,Onion,23,Satara,FAQ,Karad,1300,700,1300,Maharashtra,Other
07/07/2020,Onion,23,Satara,FAQ,Karad,1200,500,1200,Maharashtra,Other
16/07/2020,Onion,23,Satara,FAQ,Karad,1200,1000,1200,Maharashtra,Other
23/07/2020,Onion,23,Satara,FAQ,Karad,1300,800,1300,Maharashtra,Other
05/08/2020,Onion,23,Satara,FAQ,Karad,1200,700,1200,Maharashtra,Other
18/08/2020,Onion,23,Satara,FAQ,Karad,15000,10000,15000,Maharashtra,Other
19/08/2020,Onion,23,Satara,FAQ,Karad,1200,500,1200,Maharashtra,Other
24/08/2020,Onion,23,Satara,FAQ,Karad,1600,1000,1600,Maharashtra,Other
10/09/2020,Onion,23,Satara,FAQ,Karad,1500,1200,1500,Maharashtra,Other
16/09/2020,Onion,23,Satara,FAQ,Karad,2200,1000,2200,Maharashtra,Other
17/09/2020,Onion,23,Satara,FAQ,Karad,2000,1000,2000,Maharashtra,Other
19/09/2020,Onion,23,Satara,FAQ,Karad,2000,1000,2000,Maharashtra,Other
21/09/2020,Onion,23,Satara,FAQ,Karad,2700,1500,2700,Maharashtra,Other
03/10/2020,Onion,23,Satara,FAQ,Karad,3500,2500,3500,Maharashtra,Other
13/10/2020,Onion,23,Satara,FAQ,Karad,3600,2000,3600,Maharashtra,Other
05/11/2020,Onion,23,Satara,FAQ,Karad,4500,3000,4500,Maharashtra,Other
11/11/2020,Onion,23,Satara,FAQ,Karad,5500,3500,5500,Maharashtra,Other
16/11/2020,Onion,23,Satara,FAQ,Karad,5000,3000,5000,Maharashtra,Other
03/12/2020,Onion,23,Satara,FAQ,Karad,4000,3000,4000,Maharashtra,Other
05/12/2020,Onion,23,Satara,FAQ,Karad,3500,2000,3500,Maharashtra,Other
10/12/2020,Onion,23,Satara,FAQ,Karad,3200,2000,3200,Maharashtra,Other
16/12/2020,Onion,23,Satara,FAQ,Karad,4000,2000,4000,Maharashtra,Other
17/12/2020,Onion,23,Satara,FAQ,Karad,3000,2500,3000,Maharashtra,Other
19/12/2020,Onion,23,Satara,FAQ,Karad,3500,2000,3500,Maharashtra,Other
30/12/2020,Onion,23,Satara,FAQ,Karad,3000,2000,3000,Maharashtra,Other
06/01/2015,Onion,23,Satara,FAQ,Karad,1600,1000,1300,Maharashtra,Other
10/01/2015,Onion,23,Satara,FAQ,Karad,1600,1000,1300,Maharashtra,Other
14/01/2015,Onion,23,Satara,FAQ,Karad,2000,700,1350,Maharashtra,Other
27/01/2015,Onion,23,Satara,FAQ,Karad,1500,800,1100,Maharashtra,Other
28/01/2015,Onion,23,Satara,FAQ,Karad,1300,800,1050,Maharashtra,Other
28/02/2015,Onion,23,Satara,FAQ,Karad,2000,800,1400,Maharashtra,Other
01/03/2015,Onion,23,Satara,FAQ,Karad,2000,800,1400,Maharashtra,Other
04/03/2015,Onion,23,Satara,FAQ,Karad,1800,1000,1400,Maharashtra,Other
14/03/2015,Onion,23,Satara,FAQ,Karad,1800,1000,1400,Maharashtra,Other
18/04/2015,Onion,23,Satara,FAQ,Karad,1500,1000,1250,Maharashtra,Other
28/04/2015,Onion,23,Satara,FAQ,Karad,1500,1000,1250,Maharashtra,Other
29/04/2015,Onion,23,Satara,FAQ,Karad,1500,1000,1250,Maharashtra,Other
25/05/2015,Onion,23,Satara,FAQ,Karad,1800,800,1300,Maharashtra,Other
12/09/2015,Onion,23,Satara,FAQ,Karad,3000,2500,3000,Maharashtra,Other
15/09/2015,Onion,23,Satara,FAQ,Karad,3800,3000,3800,Maharashtra,Other
15/10/2015,Onion,23,Satara,FAQ,Karad,2000,1500,2000,Maharashtra,Other
22/10/2015,Onion,23,Satara,FAQ,Karad,2000,1500,2000,Maharashtra,Other
28/10/2015,Onion,23,Satara,FAQ,Karad,2700,1000,2700,Maharashtra,Other
31/10/2015,Onion,23,Satara,FAQ,Karad,2000,1500,2000,Maharashtra,Other
02/11/2015,Onion,23,Satara,FAQ,Karad,2200,1500,2200,Maharashtra,Other
09/11/2015,Onion,23,Satara,FAQ,Karad,2200,1400,2200,Maharashtra,Other
07/12/2015,Onion,23,Satara,FAQ,Karad,2000,1500,2000,Maharashtra,Other
03/09/2016,Onion,23,Satara,FAQ,Karad,1000,700,1000,Maharashtra,Other
10/09/2016,Onion,23,Satara,FAQ,Karad,1000,500,1000,Maharashtra,Other
11/09/2016,Onion,23,Satara,FAQ,Karad,1000,500,1000,Maharashtra,Other
14/09/2016,Onion,23,Satara,FAQ,Karad,1000,500,1000,Maharashtra,Other
29/09/2016,Onion,23,Satara,FAQ,Karad,800,500,800,Maharashtra,Other
02/10/2016,Onion,23,Satara,FAQ,Karad,800,500,800,Maharashtra,Other
08/10/2016,Onion,23,Satara,FAQ,Karad,800,500,800,Maharashtra,Other
10/10/2016,Onion,23,Satara,FAQ,Karad,800,500,800,Maharashtra,Other
26/10/2016,Onion,23,Satara,FAQ,Karad,1000,500,1000,Maharashtra,Other
06/11/2016,Onion,23,Satara,FAQ,Karad,1000,500,1000,Maharashtra,Other
09/11/2016,Onion,23,Satara,FAQ,Karad,900,500,900,Maharashtra,Other
21/11/2016,Onion,23,Satara,FAQ,Karad,1100,600,1100,Maharashtra,Other
01/12/2016,Onion,23,Satara,FAQ,Karad,1000,500,1000,Maharashtra,Other
04/12/2016,Onion,23,Satara,FAQ,Karad,1000,500,1000,Maharashtra,Other
06/12/2016,Onion,23,Satara,FAQ,Karad,1000,500,1000,Maharashtra,Other
08/12/2016,Onion,23,Satara,FAQ,Karad,1000,600,1000,Maharashtra,Other
14/12/2016,Onion,23,Satara,FAQ,Karad,1000,500,1000,Maharashtra,Other
05/01/2016,Onion,23,Satara,FAQ,Karad,2200,1500,2200,Maharashtra,Other
24/01/2016,Onion,23,Satara,FAQ,Karad,1500,1200,1500,Maharashtra,Other
28/01/2016,Onion,23,Satara,FAQ,Karad,2000,1500,2000,Maharashtra,Other
30/01/2016,Onion,23,Satara,FAQ,Karad,1700,1000,1700,Maharashtra,Other
11/02/2016,Onion,23,Satara,FAQ,Karad,1500,800,1500,Maharashtra,Other
21/02/2016,Onion,23,Satara,FAQ,Karad,1500,800,1500,Maharashtra,Other
23/02/2016,Onion,23,Satara,FAQ,Karad,1500,800,1500,Maharashtra,Other
29/02/2016,Onion,23,Satara,FAQ,Karad,1000,600,1000,Maharashtra,Other
12/03/2016,Onion,23,Satara,FAQ,Karad,1100,500,1100,Maharashtra,Other
22/03/2016,Onion,23,Satara,FAQ,Karad,1000,500,1000,Maharashtra,Other
24/03/2016,Onion,23,Satara,FAQ,Karad,700,500,700,Maharashtra,Other
30/03/2016,Onion,23,Satara,FAQ,Karad,1000,500,1000,Maharashtra,Other
31/03/2016,Onion,23,Satara,FAQ,Karad,800,500,800,Maharashtra,Other
02/04/2016,Onion,23,Satara,FAQ,Karad,1000,500,1000,Maharashtra,Other
05/04/2016,Onion,23,Satara,FAQ,Karad,1000,600,1000,Maharashtra,Other
06/04/2016,Onion,23,Satara,FAQ,Karad,1000,500,1000,Maharashtra,Other
12/04/2016,Onion,23,Satara,FAQ,Karad,1000,500,1000,Maharashtra,Other
14/04/2016,Onion,23,Satara,FAQ,Karad,800,500,800,Maharashtra,Other
17/04/2016,Onion,23,Satara,FAQ,Karad,1000,500,1000,Maharashtra,Other
23/04/2016,Onion,23,Satara,FAQ,Karad,1000,500,1000,Maharashtra,Other
24/04/2016,Onion,23,Satara,FAQ,Karad,1000,600,1000,Maharashtra,Other
02/05/2016,Onion,23,Satara,FAQ,Karad,900,700,900,Maharashtra,Other
12/05/2016,Onion,23,Satara,FAQ,Karad,1000,800,1000,Maharashtra,Other
24/05/2016,Onion,23,Satara,FAQ,Karad,1000,500,1000,Maharashtra,Other
29/05/2016,Onion,23,Satara,FAQ,Karad,1000,600,1000,Maharashtra,Other
02/06/2016,Onion,23,Satara,FAQ,Karad,1000,700,1000,Maharashtra,Other
06/06/2016,Onion,23,Satara,FAQ,Karad,1000,600,1000,Maharashtra,Other
19/06/2016,Onion,23,Satara,FAQ,Karad,1000,500,1000,Maharashtra,Other
22/06/2016,Onion,23,Satara,FAQ,Karad,1000,500,1000,Maharashtra,Other
23/06/2016,Onion,23,Satara,FAQ,Karad,1000,800,1000,Maharashtra,Other
28/07/2016,Onion,23,Satara,FAQ,Karad,1000,800,1000,Maharashtra,Other
01/08/2016,Onion,23,Satara,FAQ,Karad,1000,700,1000,Maharashtra,Other
17/08/2016,Onion,23,Satara,FAQ,Karad,1200,800,1200,Maharashtra,Other
22/08/2016,Onion,23,Satara,FAQ,Karad,1000,700,1000,Maharashtra,Other
24/08/2016,Onion,23,Satara,FAQ,Karad,1000,700,1000,Maharashtra,Other
25/08/2016,Onion,23,Satara,FAQ,Karad,1000,700,1000,Maharashtra,Other
11/01/2005,Onion,23,Satara,FAQ,Karad,500,300,450,Maharashtra,Other
13/01/2005,Onion,23,Satara,FAQ,Karad,500,200,400,Maharashtra,Other
25/01/2005,Onion,23,Satara,FAQ,Karad,500,300,450,Maharashtra,Other
03/02/2005,Onion,23,Satara,FAQ,Karad,400,200,300,Maharashtra,Other
15/02/2005,Onion,23,Satara,FAQ,Karad,400,300,350,Maharashtra,Other
27/02/2005,Onion,23,Satara,FAQ,Karad,350,200,300,Maharashtra,Other
16/03/2005,Onion,23,Satara,FAQ,Karad,400,200,350,Maharashtra,Other
19/03/2005,Onion,23,Satara,FAQ,Karad,300,200,250,Maharashtra,Other
21/03/2005,Onion,23,Satara,FAQ,Karad,400,200,350,Maharashtra,Other
23/03/2005,Onion,23,Satara,FAQ,Karad,400,200,350,Maharashtra,Other
31/03/2005,Onion,23,Satara,FAQ,Karad,300,200,250,Maharashtra,Other
11/04/2005,Onion,23,Satara,FAQ,Karad,350,200,300,Maharashtra,Other
14/04/2005,Onion,23,Satara,FAQ,Karad,300,250,260,Maharashtra,Other
16/04/2005,Onion,23,Satara,FAQ,Karad,300,200,250,Maharashtra,Other
28/04/2005,Onion,23,Satara,FAQ,Karad,300,200,250,Maharashtra,Other
30/04/2005,Onion,23,Satara,FAQ,Karad,300,200,250,Maharashtra,Other
02/05/2005,Onion,23,Satara,FAQ,Karad,300,200,250,Maharashtra,Other
21/05/2005,Onion,23,Satara,FAQ,Karad,400,300,350,Maharashtra,Other
29/05/2005,Onion,23,Satara,FAQ,Karad,300,200,250,Maharashtra,Other
02/01/2006,Onion,23,Satara,FAQ,Karad,600,300,500,Maharashtra,Other
17/01/2006,Onion,23,Satara,FAQ,Karad,500,200,400,Maharashtra,Other
24/01/2006,Onion,23,Satara,FAQ,Karad,400,200,300,Maharashtra,Other
28/01/2006,Onion,23,Satara,FAQ,Karad,400,200,300,Maharashtra,Other
06/02/2006,Onion,23,Satara,FAQ,Karad,400,200,300,Maharashtra,Other
13/02/2006,Onion,23,Satara,FAQ,Karad,400,200,350,Maharashtra,Other
22/02/2006,Onion,23,Satara,FAQ,Karad,350,200,300,Maharashtra,Other
28/02/2006,Onion,23,Satara,FAQ,Karad,350,200,300,Maharashtra,Other
06/03/2006,Onion,23,Satara,FAQ,Karad,350,200,300,Maharashtra,Other
07/03/2006,Onion,23,Satara,FAQ,Karad,350,200,300,Maharashtra,Other
22/03/2006,Onion,23,Satara,FAQ,Karad,350,200,300,Maharashtra,Other
27/03/2006,Onion,23,Satara,FAQ,Karad,350,200,300,Maharashtra,Other
29/03/2006,Onion,23,Satara,FAQ,Karad,350,200,300,Maharashtra,Other
08/04/2006,Onion,23,Satara,FAQ,Karad,300,200,250,Maharashtra,Other
10/04/2006,Onion,23,Satara,FAQ,Karad,300,200,250,Maharashtra,Other
15/04/2006,Onion,23,Satara,FAQ,Karad,300,200,250,Maharashtra,Other
31/05/2006,Onion,23,Satara,FAQ,Karad,300,200,250,Maharashtra,Other
17/06/2006,Onion,23,Satara,FAQ,Karad,350,250,300,Maharashtra,Other
19/06/2006,Onion,23,Satara,FAQ,Karad,350,250,300,Maharashtra,Other
12/07/2006,Onion,23,Satara,FAQ,Karad,400,250,350,Maharashtra,Other
17/07/2006,Onion,23,Satara,FAQ,Karad,400,250,300,Maharashtra,Other
01/08/2006,Onion,23,Satara,FAQ,Karad,350,200,300,Maharashtra,Other
03/08/2006,Onion,23,Satara,FAQ,Karad,350,250,300,Maharashtra,Other
09/09/2006,Onion,23,Satara,FAQ,Karad,400,200,300,Maharashtra,Other
16/09/2006,Onion,23,Satara,FAQ,Karad,400,200,300,Maharashtra,Other
24/09/2006,Onion,23,Satara,FAQ,Karad,500,300,400,Maharashtra,Other
10/10/2006,Onion,23,Satara,FAQ,Karad,500,300,400,Maharashtra,Other
12/12/2006,Onion,23,Satara,FAQ,Karad,850,500,600,Maharashtra,Other
23/12/2006,Onion,23,Satara,FAQ,Karad,700,500,600,Maharashtra,Other
29/06/2005,Onion,23,Satara,FAQ,Karad,500,300,400,Maharashtra,Other
30/06/2005,Onion,23,Satara,FAQ,Karad,500,200,400,Maharashtra,Other
02/07/2005,Onion,23,Satara,FAQ,Karad,600,300,450,Maharashtra,Other
04/07/2005,Onion,23,Satara,FAQ,Karad,500,350,350,Maharashtra,Other
27/07/2005,Onion,23,Satara,FAQ,Karad,500,300,450,Maharashtra,Other
01/08/2005,Onion,23,Satara,FAQ,Karad,500,300,400,Maharashtra,Other
23/08/2005,Onion,23,Satara,FAQ,Karad,850,500,700,Maharashtra,Other
24/08/2005,Onion,23,Satara,FAQ,Karad,800,600,700,Maharashtra,Other
28/08/2005,Onion,23,Satara,FAQ,Karad,800,500,650,Maharashtra,Other
06/09/2005,Onion,23,Satara,FAQ,Karad,900,300,700,Maharashtra,Other
13/09/2005,Onion,23,Satara,FAQ,Karad,1150,900,1000,Maharashtra,Other
22/09/2005,Onion,23,Satara,FAQ,Karad,600,500,500,Maharashtra,Other
29/09/2005,Onion,23,Satara,FAQ,Karad,1200,1000,1100,Maharashtra,Other
05/10/2005,Onion,23,Satara,FAQ,Karad,1000,700,850,Maharashtra,Other
06/10/2005,Onion,23,Satara,FAQ,Karad,1400,600,1000,Maharashtra,Other
22/10/2005,Onion,23,Satara,FAQ,Karad,2000,1500,1800,Maharashtra,Other
24/10/2005,Onion,23,Satara,FAQ,Karad,2000,1400,1900,Maharashtra,Other
25/10/2005,Onion,23,Satara,FAQ,Karad,1800,1000,1500,Maharashtra,Other
26/10/2005,Onion,23,Satara,FAQ,Karad,1300,800,1000,Maharashtra,Other
29/10/2005,Onion,23,Satara,FAQ,Karad,1200,500,1000,Maharashtra,Other
12/11/2005,Onion,23,Satara,FAQ,Karad,1300,500,1100,Maharashtra,Other
17/11/2005,Onion,23,Satara,FAQ,Karad,1200,800,1000,Maharashtra,Other
21/11/2005,Onion,23,Satara,FAQ,Karad,1200,700,1000,Maharashtra,Other
23/11/2005,Onion,23,Satara,FAQ,Karad,900,300,700,Maharashtra,Other
01/12/2005,Onion,23,Satara,FAQ,Karad,1200,700,1000,Maharashtra,Other
15/12/2005,Onion,23,Satara,FAQ,Karad,800,200,800,Maharashtra,Other
18/12/2005,Onion,23,Satara,FAQ,Karad,900,800,850,Maharashtra,Other
03/01/2017,Onion,23,Satara,FAQ,Karad,1000,500,1000,Maharashtra,Other
09/01/2017,Onion,23,Satara,FAQ,Karad,1000,500,1000,Maharashtra,Other
10/01/2017,Onion,23,Satara,FAQ,Karad,1000,500,1000,Maharashtra,Other
12/01/2017,Onion,23,Satara,FAQ,Karad,1000,500,1000,Maharashtra,Other
15/01/2017,Onion,23,Satara,FAQ,Karad,1000,500,1000,Maharashtra,Other
28/01/2017,Onion,23,Satara,FAQ,Karad,1000,600,1000,Maharashtra,Other
02/02/2017,Onion,23,Satara,FAQ,Karad,1000,800,1000,Maharashtra,Other
04/02/2017,Onion,23,Satara,FAQ,Karad,1000,600,1000,Maharashtra,Other
13/02/2017,Onion,23,Satara,FAQ,Karad,900,600,900,Maharashtra,Other
08/03/2017,Onion,23,Satara,FAQ,Karad,1000,500,1000,Maharashtra,Other
13/03/2017,Onion,23,Satara,FAQ,Karad,800,700,800,Maharashtra,Other
18/03/2017,Onion,23,Satara,FAQ,Karad,1000,500,1000,Maharashtra,Other
02/04/2017,Onion,23,Satara,FAQ,Karad,1000,500,1000,Maharashtra,Other
12/04/2017,Onion,23,Satara,FAQ,Karad,800,500,800,Maharashtra,Other
15/04/2017,Onion,23,Satara,FAQ,Karad,1000,500,1000,Maharashtra,Other
20/04/2017,Onion,23,Satara,FAQ,Karad,800,300,800,Maharashtra,Other
26/04/2017,Onion,23,Satara,FAQ,Karad,800,400,800,Maharashtra,Other
07/05/2017,Onion,23,Satara,FAQ,Karad,800,400,800,Maharashtra,Other
09/05/2017,Onion,23,Satara,FAQ,Karad,800,400,800,Maharashtra,Other
10/05/2017,Onion,23,Satara,FAQ,Karad,800,500,800,Maharashtra,Other
27/05/2017,Onion,23,Satara,FAQ,Karad,700,500,700,Maharashtra,Other
15/06/2017,Onion,23,Satara,FAQ,Karad,1000,700,1000,Maharashtra,Other
17/06/2017,Onion,23,Satara,FAQ,Karad,1000,500,1000,Maharashtra,Other
20/06/2017,Onion,23,Satara,FAQ,Karad,1000,500,1000,Maharashtra,Other
22/06/2017,Onion,23,Satara,FAQ,Karad,1000,700,1000,Maharashtra,Other
02/07/2017,Onion,23,Satara,FAQ,Karad,800,500,800,Maharashtra,Other
05/07/2017,Onion,23,Satara,FAQ,Karad,900,600,900,Maharashtra,Other
15/07/2017,Onion,23,Satara,FAQ,Karad,900,600,900,Maharashtra,Other
17/07/2017,Onion,23,Satara,FAQ,Karad,1000,600,1000,Maharashtra,Other
25/07/2017,Onion,23,Satara,FAQ,Karad,900,600,900,Maharashtra,Other
01/08/2017,Onion,23,Satara,FAQ,Karad,1400,800,1400,Maharashtra,Other
06/08/2017,Onion,23,Satara,FAQ,Karad,2400,1500,2400,Maharashtra,Other
20/08/2017,Onion,23,Satara,FAQ,Karad,2200,1600,2200,Maharashtra,Other
23/08/2017,Onion,23,Satara,FAQ,Karad,2000,1500,2000,Maharashtra,Other
24/08/2017,Onion,23,Satara,FAQ,Karad,2000,1500,2000,Maharashtra,Other
26/08/2017,Onion,23,Satara,FAQ,Karad,2500,1500,2500,Maharashtra,Other
27/08/2017,Onion,23,Satara,FAQ,Karad,2400,1500,2400,Maharashtra,Other
07/09/2017,Onion,23,Satara,FAQ,Karad,2000,1500,2000,Maharashtra,Other
10/09/2017,Onion,23,Satara,FAQ,Karad,2200,1400,2200,Maharashtra,Other
26/09/2017,Onion,23,Satara,FAQ,Karad,1800,1000,1800,Maharashtra,Other
27/09/2017,Onion,23,Satara,FAQ,Karad,2000,1000,2000,Maharashtra,Other
03/10/2017,Onion,23,Satara,FAQ,Karad,1600,1000,1600,Maharashtra,Other
14/10/2017,Onion,23,Satara,FAQ,Karad,2000,1200,2000,Maharashtra,Other
16/10/2017,Onion,23,Satara,FAQ,Karad,2500,1000,2500,Maharashtra,Other
30/10/2017,Onion,23,Satara,FAQ,Karad,3500,2000,3500,Maharashtra,Other
09/11/2017,Onion,23,Satara,FAQ,Karad,3000,2000,3000,Maharashtra,Other
16/11/2017,Onion,23,Satara,FAQ,Karad,3000,2000,3000,Maharashtra,Other
18/11/2017,Onion,23,Satara,FAQ,Karad,3500,2000,3500,Maharashtra,Other
19/11/2017,Onion,23,Satara,FAQ,Karad,3500,2000,3500,Maharashtra,Other
20/11/2017,Onion,23,Satara,FAQ,Karad,4500,2000,4500,Maharashtra,Other
22/11/2017,Onion,23,Satara,FAQ,Karad,3400,2000,3400,Maharashtra,Other
06/12/2017,Onion,23,Satara,FAQ,Karad,3000,2000,3000,Maharashtra,Other
12/12/2017,Onion,23,Satara,FAQ,Karad,3500,2000,3500,Maharashtra,Other
14/12/2017,Onion,23,Satara,FAQ,Karad,3000,2500,3000,Maharashtra,Other
18/12/2017,Onion,23,Satara,FAQ,Karad,4200,2200,4200,Maharashtra,Other
21/12/2017,Onion,23,Satara,FAQ,Karad,3500,2500,3500,Maharashtra,Other
26/12/2017,Onion,23,Satara,FAQ,Karad,3400,2000,3400,Maharashtra,Other
27/12/2017,Onion,23,Satara,FAQ,Karad,3500,2000,3500,Maharashtra,Other
31/12/2017,Onion,23,Satara,FAQ,Karad,3500,2000,3500,Maharashtra,Other
03/01/2012,Onion,23,Satara,FAQ,Karad,800,500,650,Maharashtra,Other
17/01/2012,Onion,23,Satara,FAQ,Karad,500,400,450,Maharashtra,Other
23/01/2012,Onion,23,Satara,FAQ,Karad,700,200,450,Maharashtra,Other
11/02/2012,Onion,23,Satara,FAQ,Karad,600,200,400,Maharashtra,Other
12/02/2012,Onion,23,Satara,FAQ,Karad,500,200,350,Maharashtra,Other
13/02/2012,Onion,23,Satara,FAQ,Karad,500,200,350,Maharashtra,Other
14/02/2012,Onion,23,Satara,FAQ,Karad,400,200,300,Maharashtra,Other
15/02/2012,Onion,23,Satara,FAQ,Karad,600,300,450,Maharashtra,Other
26/02/2012,Onion,23,Satara,FAQ,Karad,500,100,300,Maharashtra,Other
28/02/2012,Onion,23,Satara,FAQ,Karad,600,300,450,Maharashtra,Other
04/03/2012,Onion,23,Satara,FAQ,Karad,700,400,550,Maharashtra,Other
06/03/2012,Onion,23,Satara,FAQ,Karad,700,300,500,Maharashtra,Other
28/03/2012,Onion,23,Satara,FAQ,Karad,800,500,650,Maharashtra,Other
07/04/2012,Onion,23,Satara,FAQ,Karad,800,400,600,Maharashtra,Other
21/04/2012,Onion,23,Satara,FAQ,Karad,800,400,600,Maharashtra,Other
22/04/2012,Onion,23,Satara,FAQ,Karad,600,300,400,Maharashtra,Other
23/04/2012,Onion,23,Satara,FAQ,Karad,700,300,500,Maharashtra,Other
25/04/2012,Onion,23,Satara,FAQ,Karad,700,400,550,Maharashtra,Other
07/05/2012,Onion,23,Satara,FAQ,Karad,700,500,600,Maharashtra,Other
12/05/2012,Onion,23,Satara,FAQ,Karad,700,300,500,Maharashtra,Other
14/05/2012,Onion,23,Satara,FAQ,Karad,600,400,550,Maharashtra,Other
20/05/2012,Onion,23,Satara,FAQ,Karad,700,400,550,Maharashtra,Other
21/05/2012,Onion,23,Satara,FAQ,Karad,700,500,600,Maharashtra,Other
29/05/2012,Onion,23,Satara,FAQ,Karad,700,300,500,Maharashtra,Other
30/05/2012,Onion,23,Satara,FAQ,Karad,700,400,550,Maharashtra,Other
12/06/2012,Onion,23,Satara,FAQ,Karad,700,300,500,Maharashtra,Other
23/06/2012,Onion,23,Satara,FAQ,Karad,600,400,500,Maharashtra,Other
02/07/2012,Onion,23,Satara,FAQ,Karad,700,300,500,Maharashtra,Other
14/07/2012,Onion,23,Satara,FAQ,Karad,700,400,550,Maharashtra,Other
23/07/2012,Onion,23,Satara,FAQ,Karad,800,400,600,Maharashtra,Other
24/07/2012,Onion,23,Satara,FAQ,Karad,700,500,600,Maharashtra,Other
07/08/2012,Onion,23,Satara,FAQ,Karad,900,500,700,Maharashtra,Other
12/08/2012,Onion,23,Satara,FAQ,Karad,1100,900,1000,Maharashtra,Other
25/08/2012,Onion,23,Satara,FAQ,Karad,900,700,850,Maharashtra,Other
10/09/2012,Onion,23,Satara,FAQ,Karad,800,400,600,Maharashtra,Other
11/09/2012,Onion,23,Satara,FAQ,Karad,800,400,600,Maharashtra,Other
15/09/2012,Onion,23,Satara,FAQ,Karad,800,600,700,Maharashtra,Other
08/10/2012,Onion,23,Satara,FAQ,Karad,800,400,600,Maharashtra,Other
16/10/2012,Onion,23,Satara,FAQ,Karad,800,300,550,Maharashtra,Other
08/01/2011,Onion,23,Satara,FAQ,Karad,5000,3000,4000,Maharashtra,Other
13/01/2011,Onion,23,Satara,FAQ,Karad,5000,1000,3000,Maharashtra,Other
23/01/2011,Onion,23,Satara,FAQ,Karad,3000,1000,2000,Maharashtra,Other
24/01/2011,Onion,23,Satara,FAQ,Karad,2800,500,1600,Maharashtra,Other
01/02/2011,Onion,23,Satara,FAQ,Karad,2000,1000,1500,Maharashtra,Other
05/02/2011,Onion,23,Satara,FAQ,Karad,2000,1500,1750,Maharashtra,Other
13/02/2011,Onion,23,Satara,FAQ,Karad,1000,300,650,Maharashtra,Other
15/02/2011,Onion,23,Satara,FAQ,Karad,1000,400,700,Maharashtra,Other
02/04/2011,Onion,23,Satara,FAQ,Karad,600,400,500,Maharashtra,Other
25/05/2011,Onion,23,Satara,FAQ,Karad,650,300,450,Maharashtra,Other
31/05/2011,Onion,23,Satara,FAQ,Karad,700,200,450,Maharashtra,Other
06/06/2011,Onion,23,Satara,FAQ,Karad,700,300,500,Maharashtra,Other
11/06/2011,Onion,23,Satara,FAQ,Karad,1000,400,700,Maharashtra,Other
18/06/2011,Onion,23,Satara,FAQ,Karad,900,200,550,Maharashtra,Other
20/06/2011,Onion,23,Satara,FAQ,Karad,900,200,550,Maharashtra,Other
20/07/2011,Onion,23,Satara,FAQ,Karad,900,400,650,Maharashtra,Other
27/07/2011,Onion,23,Satara,FAQ,Karad,1000,600,800,Maharashtra,Other
30/07/2011,Onion,23,Satara,FAQ,Karad,1000,400,700,Maharashtra,Other
01/08/2011,Onion,23,Satara,FAQ,Karad,1000,600,800,Maharashtra,Other
06/08/2011,Onion,23,Satara,FAQ,Karad,1000,500,750,Maharashtra,Other
09/08/2011,Onion,23,Satara,FAQ,Karad,1200,600,900,Maharashtra,Other
27/08/2011,Onion,23,Satara,FAQ,Karad,1000,500,750,Maharashtra,Other
15/10/2011,Onion,23,Satara,FAQ,Karad,700,500,600,Maharashtra,Other
17/11/2011,Onion,23,Satara,FAQ,Karad,1000,600,800,Maharashtra,Other
05/12/2011,Onion,23,Satara,FAQ,Karad,800,200,500,Maharashtra,Other
06/12/2011,Onion,23,Satara,FAQ,Karad,700,200,450,Maharashtra,Other
12/12/2011,Onion,23,Satara,FAQ,Karad,1000,500,750,Maharashtra,Other
27/12/2011,Onion,23,Satara,FAQ,Karad,800,300,550,Maharashtra,Other
30/01/2010,Onion,23,Satara,FAQ,Karad,1400,500,1000,Maharashtra,Other
02/02/2010,Onion,23,Satara,FAQ,Karad,700,100,500,Maharashtra,Other
17/02/2010,Onion,23,Satara,FAQ,Karad,1000,600,800,Maharashtra,Other
18/02/2010,Onion,23,Satara,FAQ,Karad,950,500,750,Maharashtra,Other
03/03/2010,Onion,23,Satara,FAQ,Karad,750,500,625,Maharashtra,Other
06/03/2010,Onion,23,Satara,FAQ,Karad,900,300,600,Maharashtra,Other
30/03/2010,Onion,23,Satara,FAQ,Karad,850,600,725,Maharashtra,Other
11/05/2010,Onion,23,Satara,FAQ,Karad,700,300,500,Maharashtra,Other
20/05/2010,Onion,23,Satara,FAQ,Karad,700,400,550,Maharashtra,Other
07/06/2010,Onion,23,Satara,FAQ,Karad,800,300,550,Maharashtra,Other
12/06/2010,Onion,23,Satara,FAQ,Karad,800,500,650,Maharashtra,Other
03/07/2010,Onion,23,Satara,FAQ,Karad,800,300,550,Maharashtra,Other
12/07/2010,Onion,23,Satara,FAQ,Karad,900,200,550,Maharashtra,Other
19/07/2010,Onion,23,Satara,FAQ,Karad,900,600,750,Maharashtra,Other
26/07/2010,Onion,23,Satara,FAQ,Karad,1000,400,700,Maharashtra,Other
04/08/2010,Onion,23,Satara,FAQ,Karad,1000,600,800,Maharashtra,Other
14/08/2010,Onion,23,Satara,FAQ,Karad,900,200,550,Maharashtra,Other
28/08/2010,Onion,23,Satara,FAQ,Karad,1000,500,750,Maharashtra,Other
06/09/2010,Onion,23,Satara,FAQ,Karad,1000,600,800,Maharashtra,Other
13/09/2010,Onion,23,Satara,FAQ,Karad,1200,500,850,Maharashtra,Other
05/10/2010,Onion,23,Satara,FAQ,Karad,1200,500,850,Maharashtra,Other
14/10/2010,Onion,23,Satara,FAQ,Karad,2500,1500,2000,Maharashtra,Other
28/10/2010,Onion,23,Satara,FAQ,Karad,1100,600,900,Maharashtra,Other
02/12/2010,Onion,23,Satara,FAQ,Karad,500,200,350,Maharashtra,Other
29/12/2010,Onion,23,Satara,FAQ,Karad,4050,2000,3000,Maharashtra,Other
28/02/2009,Onion,23,Satara,FAQ,Karad,1200,800,1000,Maharashtra,Other
10/03/2009,Onion,23,Satara,FAQ,Karad,700,500,600,Maharashtra,Other
11/03/2009,Onion,23,Satara,FAQ,Karad,750,600,700,Maharashtra,Other
02/04/2009,Onion,23,Satara,FAQ,Karad,750,500,675,Maharashtra,Other
15/04/2009,Onion,23,Satara,FAQ,Karad,700,300,500,Maharashtra,Other
25/05/2009,Onion,23,Satara,FAQ,Karad,700,550,625,Maharashtra,Other
07/07/2009,Onion,23,Satara,FAQ,Karad,800,500,700,Maharashtra,Other
13/07/2009,Onion,23,Satara,FAQ,Karad,800,500,650,Maharashtra,Other
22/08/2009,Onion,23,Satara,FAQ,Karad,800,500,650,Maharashtra,Other
26/08/2009,Onion,23,Satara,FAQ,Karad,800,400,600,Maharashtra,Other
31/08/2009,Onion,23,Satara,FAQ,Karad,800,500,650,Maharashtra,Other
07/09/2009,Onion,23,Satara,FAQ,Karad,700,200,500,Maharashtra,Other
26/09/2009,Onion,23,Satara,FAQ,Karad,500,100,400,Maharashtra,Other
27/09/2009,Onion,23,Satara,FAQ,Karad,550,200,400,Maharashtra,Other
20/10/2009,Onion,23,Satara,FAQ,Karad,1500,1000,1250,Maharashtra,Other
28/10/2009,Onion,23,Satara,FAQ,Karad,1500,500,1000,Maharashtra,Other
08/11/2009,Onion,23,Satara,FAQ,Karad,1650,1200,1450,Maharashtra,Other
12/11/2009,Onion,23,Satara,FAQ,Karad,1400,900,1150,Maharashtra,Other
08/01/2008,Onion,23,Satara,FAQ,Karad,650,400,500,Maharashtra,Other
28/01/2008,Onion,23,Satara,FAQ,Karad,400,200,350,Maharashtra,Other
16/02/2008,Onion,23,Satara,FAQ,Karad,400,200,300,Maharashtra,Other
28/02/2008,Onion,23,Satara,FAQ,Karad,430,200,300,Maharashtra,Other
03/04/2008,Onion,23,Satara,FAQ,Karad,350,200,300,Maharashtra,Other
01/05/2008,Onion,23,Satara,FAQ,Karad,400,200,300,Maharashtra,Other
19/06/2008,Onion,23,Satara,FAQ,Karad,550,300,450,Maharashtra,Other
26/06/2008,Onion,23,Satara,FAQ,Karad,550,350,450,Maharashtra,Other
03/07/2008,Onion,23,Satara,FAQ,Karad,500,200,350,Maharashtra,Other
07/07/2008,Onion,23,Satara,FAQ,Karad,550,500,520,Maharashtra,Other
09/07/2008,Onion,23,Satara,FAQ,Karad,550,350,450,Maharashtra,Other
16/07/2008,Onion,23,Satara,FAQ,Karad,700,500,600,Maharashtra,Other
21/07/2008,Onion,23,Satara,FAQ,Karad,900,700,800,Maharashtra,Other
07/08/2008,Onion,23,Satara,FAQ,Karad,1000,700,850,Maharashtra,Other
10/08/2008,Onion,23,Satara,FAQ,Karad,950,650,900,Maharashtra,Other
20/08/2008,Onion,23,Satara,FAQ,Karad,950,600,900,Maharashtra,Other
30/08/2008,Onion,23,Satara,FAQ,Karad,800,300,500,Maharashtra,Other
02/09/2008,Onion,23,Satara,FAQ,Karad,750,300,525,Maharashtra,Other
09/09/2008,Onion,23,Satara,FAQ,Karad,800,400,600,Maharashtra,Other
10/09/2008,Onion,23,Satara,FAQ,Karad,800,500,650,Maharashtra,Other
22/09/2008,Onion,23,Satara,FAQ,Karad,700,300,500,Maharashtra,Other
11/10/2008,Onion,23,Satara,FAQ,Karad,800,200,650,Maharashtra,Other
15/11/2008,Onion,23,Satara,FAQ,Karad,1200,400,1000,Maharashtra,Other
20/11/2008,Onion,23,Satara,FAQ,Karad,1200,1000,1100,Maharashtra,Other
27/12/2008,Onion,23,Satara,FAQ,Karad,1400,800,1200,Maharashtra,Other
04/01/2007,Onion,23,Satara,FAQ,Karad,800,500,700,Maharashtra,Other
07/03/2007,Onion,23,Satara,FAQ,Karad,600,300,500,Maharashtra,Other
13/03/2007,Onion,23,Satara,FAQ,Karad,800,300,700,Maharashtra,Other
28/03/2007,Onion,23,Satara,FAQ,Karad,800,500,650,Maharashtra,Other
02/04/2007,Onion,23,Satara,FAQ,Karad,650,400,550,Maharashtra,Other
21/04/2007,Onion,23,Satara,FAQ,Karad,550,350,450,Maharashtra,Other
28/04/2007,Onion,23,Satara,FAQ,Karad,700,500,600,Maharashtra,Other
03/05/2007,Onion,23,Satara,FAQ,Karad,700,600,650,Maharashtra,Other
15/05/2007,Onion,23,Satara,FAQ,Karad,750,400,600,Maharashtra,Other
21/05/2007,Onion,23,Satara,FAQ,Karad,700,400,600,Maharashtra,Other
31/05/2007,Onion,23,Satara,FAQ,Karad,750,500,650,Maharashtra,Other
07/06/2007,Onion,23,Satara,FAQ,Karad,800,500,700,Maharashtra,Other
13/06/2007,Onion,23,Satara,FAQ,Karad,900,400,700,Maharashtra,Other
11/07/2007,Onion,23,Satara,FAQ,Karad,1200,900,1100,Maharashtra,Other
14/07/2007,Onion,23,Satara,FAQ,Karad,1100,400,1000,Maharashtra,Other
21/07/2007,Onion,23,Satara,FAQ,Karad,1000,500,900,Maharashtra,Other
23/07/2007,Onion,23,Satara,FAQ,Karad,1100,600,1000,Maharashtra,Other
23/08/2007,Onion,23,Satara,FAQ,Karad,1500,1000,1200,Maharashtra,Other
06/09/2007,Onion,23,Satara,FAQ,Karad,1650,1000,1400,Maharashtra,Other
04/10/2007,Onion,23,Satara,FAQ,Karad,1700,1500,1600,Maharashtra,Other
08/10/2007,Onion,23,Satara,FAQ,Karad,2000,1300,1800,Maharashtra,Other
20/11/2007,Onion,23,Satara,FAQ,Karad,900,800,850,Maharashtra,Other
29/11/2007,Onion,23,Satara,FAQ,Karad,700,600,650,Maharashtra,Other
04/12/2007,Onion,23,Satara,FAQ,Karad,850,500,800,Maharashtra,Other
18/12/2007,Onion,23,Satara,FAQ,Karad,700,300,600,Maharashtra,Other
24/12/2007,Onion,23,Satara,FAQ,Karad,700,400,550,Maharashtra,Other
09/07/2023,Onion,23,Satara,FAQ,Karad,1700,500,1700,Maharashtra,Other
16/07/2023,Onion,23,Satara,FAQ,Karad,1800,500,1800,Maharashtra,Other
18/07/2023,Onion,23,Satara,FAQ,Karad,1700,1000,1700,Maharashtra,Other
19/07/2023,Onion,23,Satara,FAQ,Karad,1700,500,1700,Maharashtra,Other
23/07/2023,Onion,23,Satara,FAQ,Karad,1800,1500,1800,Maharashtra,Other
02/08/2023,Onion,23,Satara,FAQ,Karad,1600,1200,1600,Maharashtra,Other
05/08/2023,Onion,23,Satara,FAQ,Karad,2000,1000,2000,Maharashtra,Other
08/08/2023,Onion,23,Satara,FAQ,Karad,2000,1000,2000,Maharashtra,Other
17/08/2023,Onion,23,Satara,FAQ,Karad,2500,2000,2500,Maharashtra,Other
19/08/2023,Onion,23,Satara,FAQ,Karad,2500,2000,2500,Maharashtra,Other
27/08/2023,Onion,23,Satara,FAQ,Karad,2500,1500,2500,Maharashtra,Other
29/08/2023,Onion,23,Satara,FAQ,Karad,2500,1800,2500,Maharashtra,Other
14/09/2023,Onion,23,Satara,FAQ,Karad,2400,1200,2400,Maharashtra,Other
20/09/2023,Onion,23,Satara,FAQ,Karad,2200,500,2200,Maharashtra,Other
25/09/2023,Onion,23,Satara,FAQ,Karad,2200,1000,2200,Maharashtra,Other
03/10/2023,Onion,23,Satara,FAQ,Karad,2300,1500,2300,Maharashtra,Other
16/10/2023,Onion,23,Satara,FAQ,Karad,2300,1000,2300,Maharashtra,Other
22/10/2023,Onion,23,Satara,FAQ,Karad,3000,2000,3000,Maharashtra,Other
30/10/2023,Onion,23,Satara,FAQ,Karad,5500,5000,5500,Maharashtra,Other
07/11/2023,Onion,23,Satara,FAQ,Karad,4300,2500,4300,Maharashtra,Other
29/11/2023,Onion,23,Satara,FAQ,Karad,4500,2000,4500,Maharashtra,Other
30/11/2023,Onion,23,Satara,FAQ,Karad,4500,3000,4500,Maharashtra,Other
11/12/2023,Onion,23,Satara,FAQ,Karad,3000,2500,3000,Maharashtra,Other
27/12/2023,Onion,23,Satara,FAQ,Karad,2300,1500,2300,Maharashtra,Other
02/01/2023,Onion,23,Satara,FAQ,Karad,1800,500,1800,Maharashtra,Other
12/01/2023,Onion,23,Satara,FAQ,Karad,1800,500,1800,Maharashtra,Other
14/01/2023,Onion,23,Satara,FAQ,Karad,1800,500,1800,Maharashtra,Other
05/02/2023,Onion,23,Satara,FAQ,Karad,1700,500,1700,Maharashtra,Other
06/02/2023,Onion,23,Satara,FAQ,Karad,2000,1000,2000,Maharashtra,Other
20/02/2023,Onion,23,Satara,FAQ,Karad,1500,500,1500,Maharashtra,Other
21/02/2023,Onion,23,Satara,FAQ,Karad,1500,500,1500,Maharashtra,Other
28/02/2023,Onion,23,Satara,FAQ,Karad,1200,500,1200,Maharashtra,Other
09/03/2023,Onion,23,Satara,FAQ,Karad,1400,800,1400,Maharashtra,Other
11/03/2023,Onion,23,Satara,FAQ,Karad,1400,800,1400,Maharashtra,Other
13/03/2023,Onion,23,Satara,FAQ,Karad,1100,800,1100,Maharashtra,Other
27/03/2023,Onion,23,Satara,FAQ,Karad,1500,1000,1500,Maharashtra,Other
28/03/2023,Onion,23,Satara,FAQ,Karad,1500,1000,1500,Maharashtra,Other
03/04/2023,Onion,23,Satara,FAQ,Karad,1400,500,1400,Maharashtra,Other
08/04/2023,Onion,23,Satara,FAQ,Karad,1000,200,1000,Maharashtra,Other
10/04/2023,Onion,23,Satara,FAQ,Karad,1100,500,1100,Maharashtra,Other
17/04/2023,Onion,23,Satara,FAQ,Karad,1200,300,1200,Maharashtra,Other
26/04/2023,Onion,23,Satara,FAQ,Karad,1000,500,1000,Maharashtra,Other
07/05/2023,Onion,23,Satara,FAQ,Karad,1000,300,1000,Maharashtra,Other
11/05/2023,Onion,23,Satara,FAQ,Karad,1000,800,1000,Maharashtra,Other
16/05/2023,Onion,23,Satara,FAQ,Karad,1300,300,1300,Maharashtra,Other
17/05/2023,Onion,23,Satara,FAQ,Karad,1200,200,1200,Maharashtra,Other
22/05/2023,Onion,23,Satara,FAQ,Karad,1000,200,1000,Maharashtra,Other
30/05/2023,Onion,23,Satara,FAQ,Karad,1000,300,1000,Maharashtra,Other
01/06/2023,Onion,23,Satara,FAQ,Karad,1200,500,1200,Maharashtra,Other
04/06/2023,Onion,23,Satara,FAQ,Karad,1300,800,1300,Maharashtra,Other
03/07/2023,Onion,23,Satara,FAQ,Karad,1500,500,1500,Maharashtra,Other
08/07/2023,Onion,23,Satara,FAQ,Karad,1800,800,1800,Maharashtra,Other
05/01/2022,Onion,23,Satara,FAQ,Karad,2800,1000,2800,Maharashtra,Other
17/01/2022,Onion,23,Satara,FAQ,Karad,3000,500,3000,Maharashtra,Other
23/01/2022,Onion,23,Satara,FAQ,Karad,2500,500,2500,Maharashtra,Other
27/01/2022,Onion,23,Satara,FAQ,Karad,2500,1500,2500,Maharashtra,Other
07/02/2022,Onion,23,Satara,FAQ,Karad,3000,500,3000,Maharashtra,Other
08/02/2022,Onion,23,Satara,FAQ,Karad,2500,400,2500,Maharashtra,Other
13/02/2022,Onion,23,Satara,FAQ,Karad,2500,1500,2500,Maharashtra,Other
15/02/2022,Onion,23,Satara,FAQ,Karad,2000,1000,2000,Maharashtra,Other
17/02/2022,Onion,23,Satara,FAQ,Karad,2500,2000,2500,Maharashtra,Other
20/02/2022,Onion,23,Satara,FAQ,Karad,2230,1700,2230,Maharashtra,Other
21/02/2022,Onion,23,Satara,FAQ,Karad,3000,500,3000,Maharashtra,Other
24/02/2022,Onion,23,Satara,FAQ,Karad,3000,2500,3000,Maharashtra,Other
28/02/2022,Onion,23,Satara,FAQ,Karad,2000,500,2000,Maharashtra,Other
05/03/2022,Onion,23,Satara,FAQ,Karad,1700,1500,1700,Maharashtra,Other
28/03/2022,Onion,23,Satara,FAQ,Karad,1200,1000,1200,Maharashtra,Other
05/04/2022,Onion,23,Satara,FAQ,Karad,1300,500,1300,Maharashtra,Other
07/04/2022,Onion,23,Satara,FAQ,Karad,1200,500,1200,Maharashtra,Other
23/04/2022,Onion,23,Satara,FAQ,Karad,1100,200,1100,Maharashtra,Other
10/05/2022,Onion,23,Satara,FAQ,Karad,1400,500,1400,Maharashtra,Other
21/05/2022,Onion,23,Satara,FAQ,Karad,1400,500,1400,Maharashtra,Other
23/05/2022,Onion,23,Satara,FAQ,Karad,1200,200,1200,Maharashtra,Other
24/05/2022,Onion,23,Satara,FAQ,Karad,1200,500,1200,Maharashtra,Other
26/05/2022,Onion,23,Satara,FAQ,Karad,1400,500,1400,Maharashtra,Other
15/06/2022,Onion,23,Satara,FAQ,Karad,1500,200,1500,Maharashtra,Other
27/06/2022,Onion,23,Satara,FAQ,Karad,1600,500,1600,Maharashtra,Other
30/06/2022,Onion,23,Satara,FAQ,Karad,1700,1000,1700,Maharashtra,Other
13/07/2022,Onion,23,Satara,FAQ,Karad,1600,1500,1600,Maharashtra,Other
19/07/2022,Onion,23,Satara,FAQ,Karad,1500,300,1500,Maharashtra,Other
23/07/2022,Onion,23,Satara,FAQ,Karad,1700,500,1700,Maharashtra,Other
26/07/2022,Onion,23,Satara,FAQ,Karad,1400,300,1400,Maharashtra,Other
31/07/2022,Onion,23,Satara,FAQ,Karad,1700,500,1700,Maharashtra,Other
03/08/2022,Onion,23,Satara,FAQ,Karad,1500,300,1500,Maharashtra,Other
06/08/2022,Onion,23,Satara,FAQ,Karad,1800,600,1800,Maharashtra,Other
09/08/2022,Onion,23,Satara,FAQ,Karad,1500,800,1500,Maharashtra,Other
22/08/2022,Onion,23,Satara,FAQ,Karad,1800,500,1800,Maharashtra,Other
28/08/2022,Onion,23,Satara,FAQ,Karad,1300,800,1300,Maharashtra,Other
05/09/2022,Onion,23,Satara,FAQ,Karad,1400,200,1400,Maharashtra,Other
08/09/2022,Onion,23,Satara,FAQ,Karad,1400,200,1400,Maharashtra,Other
17/09/2022,Onion,23,Satara,FAQ,Karad,1400,200,1400,Maharashtra,Other
06/10/2022,Onion,23,Satara,FAQ,Karad,1400,1200,1400,Maharashtra,Other
13/10/2022,Onion,23,Satara,FAQ,Karad,1700,500,1700,Maharashtra,Other
03/11/2022,Onion,23,Satara,FAQ,Karad,3200,500,3200,Maharashtra,Other
20/11/2022,Onion,23,Satara,FAQ,Karad,2000,500,2000,Maharashtra,Other
21/11/2022,Onion,23,Satara,FAQ,Karad,2200,1000,2200,Maharashtra,Other
24/11/2022,Onion,23,Satara,FAQ,Karad,2000,1000,2000,Maharashtra,Other
03/12/2022,Onion,23,Satara,FAQ,Karad,1800,500,1800,Maharashtra,Other
12/12/2022,Onion,23,Satara,FAQ,Karad,1500,1000,1500,Maharashtra,Other
27/10/2024,Onion,23,Satara,FAQ,Karad,5000,2000,5000,Maharashtra,Other
12/10/2024,Onion,23,Satara,FAQ,Karad,4500,1000,4500,Maharashtra,Other
20/10/2024,Onion,23,Satara,FAQ,Karad,3500,2500,3500,Maharashtra,Other
19/10/2024,Onion,23,Satara,FAQ,Karad,3500,2800,3500,Maharashtra,Other
14/10/2024,Onion,23,Satara,FAQ,Karad,3500,2000,3500,Maharashtra,Other
18/02/2019,Onion,23,Satara,FAQ,Karad,900,500,900,Maharashtra,Other
13/03/2019,Onion,23,Satara,FAQ,Karad,800,400,600,Maharashtra,Other
17/03/2019,Onion,23,Satara,FAQ,Karad,800,400,600,Maharashtra,Other
04/04/2019,Onion,23,Satara,FAQ,Karad,800,500,600,Maharashtra,Other
07/04/2019,Onion,23,Satara,FAQ,Karad,900,500,700,Maharashtra,Other
27/04/2019,Onion,23,Satara,FAQ,Karad,1000,600,800,Maharashtra,Other
06/05/2019,Onion,23,Satara,FAQ,Karad,1000,500,800,Maharashtra,Other
07/05/2019,Onion,23,Satara,FAQ,Karad,1100,500,1100,Maharashtra,Other
09/05/2019,Onion,23,Satara,FAQ,Karad,1000,500,800,Maharashtra,Other
14/05/2019,Onion,23,Satara,FAQ,Karad,1100,500,900,Maharashtra,Other
29/05/2019,Onion,23,Satara,FAQ,Karad,1300,700,1100,Maharashtra,Other
30/05/2019,Onion,23,Satara,FAQ,Karad,1200,800,1000,Maharashtra,Other
08/06/2019,Onion,23,Satara,FAQ,Karad,1400,800,1200,Maharashtra,Other
10/06/2019,Onion,23,Satara,FAQ,Karad,1500,700,1500,Maharashtra,Other
13/06/2019,Onion,23,Satara,FAQ,Karad,1500,800,1000,Maharashtra,Other
23/06/2019,Onion,23,Satara,FAQ,Karad,1600,800,1600,Maharashtra,Other
27/06/2019,Onion,23,Satara,FAQ,Karad,1400,900,1200,Maharashtra,Other
29/06/2019,Onion,23,Satara,FAQ,Karad,1600,1000,1200,Maharashtra,Other
03/07/2019,Onion,23,Satara,FAQ,Karad,1700,1000,1200,Maharashtra,Other
06/07/2019,Onion,23,Satara,FAQ,Karad,1600,1000,1300,Maharashtra,Other
18/07/2019,Onion,23,Satara,FAQ,Karad,1300,1000,1100,Maharashtra,Other
21/07/2019,Onion,23,Satara,FAQ,Karad,1600,1300,1400,Maharashtra,Other
23/07/2019,Onion,23,Satara,FAQ,Karad,1600,1000,1200,Maharashtra,Other
25/07/2019,Onion,23,Satara,FAQ,Karad,1500,800,1000,Maharashtra,Other
30/07/2019,Onion,23,Satara,FAQ,Karad,1500,1000,1500,Maharashtra,Other
04/08/2019,Onion,23,Satara,FAQ,Karad,1500,1000,1500,Maharashtra,Other
06/08/2019,Onion,23,Satara,FAQ,Karad,1500,1200,1500,Maharashtra,Other
08/08/2019,Onion,23,Satara,FAQ,Karad,1500,1000,1500,Maharashtra,Other
14/08/2019,Onion,23,Satara,FAQ,Karad,2000,1500,2000,Maharashtra,Other
18/08/2019,Onion,23,Satara,FAQ,Karad,2200,1500,2200,Maharashtra,Other
19/08/2019,Onion,23,Satara,FAQ,Karad,2500,1500,2500,Maharashtra,Other
04/09/2019,Onion,23,Satara,FAQ,Karad,2600,2000,2600,Maharashtra,Other
05/09/2019,Onion,23,Satara,FAQ,Karad,2800,2000,2800,Maharashtra,Other
14/09/2019,Onion,23,Satara,FAQ,Karad,2800,2000,2800,Maharashtra,Other
18/09/2019,Onion,23,Satara,FAQ,Karad,3500,2500,3500,Maharashtra,Other
24/09/2019,Onion,23,Satara,FAQ,Karad,4800,3500,4800,Maharashtra,Other
28/09/2019,Onion,23,Satara,FAQ,Karad,3500,1500,3500,Maharashtra,Other
29/09/2019,Onion,23,Satara,FAQ,Karad,3500,2800,3500,Maharashtra,Other
05/10/2019,Onion,23,Satara,FAQ,Karad,3000,2500,3000,Maharashtra,Other
06/10/2019,Onion,23,Satara,FAQ,Karad,3500,2500,3500,Maharashtra,Other
14/10/2019,Onion,23,Satara,FAQ,Karad,3200,2500,3200,Maharashtra,Other
06/11/2019,Onion,23,Satara,FAQ,Karad,5000,4000,5000,Maharashtra,Other
18/11/2019,Onion,23,Satara,FAQ,Karad,5000,4000,5000,Maharashtra,Other
23/11/2019,Onion,23,Satara,FAQ,Karad,5000,4500,5000,Maharashtra,Other
30/11/2019,Onion,23,Satara,FAQ,Karad,9500,8000,9500,Maharashtra,Other
09/12/2019,Onion,23,Satara,FAQ,Karad,13000,8000,13000,Maharashtra,Other
10/12/2019,Onion,23,Satara,FAQ,Karad,9000,6000,9000,Maharashtra,Other
15/12/2019,Onion,23,Satara,FAQ,Karad,9000,5000,9000,Maharashtra,Other
31/12/2019,Onion,23,Satara,FAQ,Karad,7500,5000,7500,Maharashtra,Other
09/01/2019,Onion,23,Satara,FAQ,Karad,1000,500,1000,Maharashtra,Other
14/01/2019,Onion,23,Satara,FAQ,Karad,700,500,700,Maharashtra,Other
20/01/2019,Onion,23,Satara,FAQ,Karad,700,500,700,Maharashtra,Other
24/01/2019,Onion,23,Satara,FAQ,Karad,700,500,700,Maharashtra,Other
29/01/2019,Onion,23,Satara,FAQ,Karad,1000,500,1000,Maharashtra,Other
31/01/2019,Onion,23,Satara,FAQ,Karad,1000,500,1000,Maharashtra,Other
04/02/2019,Onion,23,Satara,FAQ,Karad,1000,500,1000,Maharashtra,Other
06/02/2019,Onion,23,Satara,FAQ,Karad,1000,500,1000,Maharashtra,Other
13/02/2019,Onion,23,Satara,FAQ,Karad,1000,400,1000,Maharashtra,Other
06/05/2024,Onion,23,Satara,FAQ,Karad,1800,1000,1800,Maharashtra,Other
12/05/2024,Onion,23,Satara,FAQ,Karad,2000,500,2000,Maharashtra,Other
14/05/2024,Onion,23,Satara,FAQ,Karad,2200,1400,2200,Maharashtra,Other
16/05/2024,Onion,23,Satara,FAQ,Karad,1800,500,1800,Maharashtra,Other
23/05/2024,Onion,23,Satara,FAQ,Karad,2000,1500,2000,Maharashtra,Other
30/05/2024,Onion,23,Satara,FAQ,Karad,2500,500,2500,Maharashtra,Other
02/01/2024,Onion,23,Satara,FAQ,Karad,2500,1500,2500,Maharashtra,Other
29/01/2024,Onion,23,Satara,FAQ,Karad,1400,300,1400,Maharashtra,Other
02/03/2024,Onion,23,Satara,FAQ,Karad,2000,400,2000,Maharashtra,Other
16/03/2024,Onion,23,Satara,FAQ,Karad,1800,500,1800,Maharashtra,Other
20/03/2024,Onion,23,Satara,FAQ,Karad,1600,1500,1600,Maharashtra,Other
30/03/2024,Onion,23,Satara,FAQ,Karad,1800,500,1800,Maharashtra,Other
02/04/2024,Onion,23,Satara,FAQ,Karad,1200,500,1200,Maharashtra,Other
03/04/2024,Onion,23,Satara,FAQ,Karad,1700,1000,1700,Maharashtra,Other
06/04/2024,Onion,23,Satara,FAQ,Karad,1700,1000,1700,Maharashtra,Other
15/04/2024,Onion,23,Satara,FAQ,Karad,1300,500,1300,Maharashtra,Other
04/11/2018,Onion,23,Satara,FAQ,Karad,1700,600,1700,Maharashtra,Other
05/11/2018,Onion,23,Satara,FAQ,Karad,1600,500,1600,Maharashtra,Other
08/11/2018,Onion,23,Satara,FAQ,Karad,1800,1000,1800,Maharashtra,Other
12/11/2018,Onion,23,Satara,FAQ,Karad,1500,500,1500,Maharashtra,Other
17/11/2018,Onion,23,Satara,FAQ,Karad,1500,500,1500,Maharashtra,Other
20/11/2018,Onion,23,Satara,FAQ,Karad,1500,500,1500,Maharashtra,Other
28/11/2018,Onion,23,Satara,FAQ,Karad,1500,1000,1500,Maharashtra,Other
11/12/2018,Onion,23,Satara,FAQ,Karad,1000,500,1000,Maharashtra,Other
16/12/2018,Onion,23,Satara,FAQ,Karad,1000,400,1000,Maharashtra,Other
18/12/2018,Onion,23,Satara,FAQ,Karad,1000,400,1000,Maharashtra,Other
30/12/2018,Onion,23,Satara,FAQ,Karad,1000,500,1000,Maharashtra,Other
02/06/2024,Onion,23,Satara,FAQ,Karad,2000,1500,2000,Maharashtra,Other
05/06/2024,Onion,23,Satara,FAQ,Karad,2500,500,2500,Maharashtra,Other
18/06/2024,Onion,23,Satara,FAQ,Karad,3000,500,3000,Maharashtra,Other
26/06/2024,Onion,23,Satara,FAQ,Karad,3000,1000,3000,Maharashtra,Other
01/07/2024,Onion,23,Satara,FAQ,Karad,3000,1000,3000,Maharashtra,Other
06/07/2024,Onion,23,Satara,FAQ,Karad,3000,500,3000,Maharashtra,Other
13/07/2024,Onion,23,Satara,FAQ,Karad,4000,2500,4000,Maharashtra,Other
29/07/2024,Onion,23,Satara,FAQ,Karad,3000,1000,3000,Maharashtra,Other
30/07/2024,Onion,23,Satara,FAQ,Karad,3000,1500,3000,Maharashtra,Other
14/01/2018,Onion,23,Satara,FAQ,Karad,4000,2500,4000,Maharashtra,Other
20/01/2018,Onion,23,Satara,FAQ,Karad,3700,2500,3700,Maharashtra,Other
29/01/2018,Onion,23,Satara,FAQ,Karad,2800,1500,2800,Maharashtra,Other
30/01/2018,Onion,23,Satara,FAQ,Karad,2500,1500,2500,Maharashtra,Other
31/01/2018,Onion,23,Satara,FAQ,Karad,2500,1500,2500,Maharashtra,Other
03/02/2018,Onion,23,Satara,FAQ,Karad,3000,1500,3000,Maharashtra,Other
04/02/2018,Onion,23,Satara,FAQ,Karad,2700,1400,2700,Maharashtra,Other
05/02/2018,Onion,23,Satara,FAQ,Karad,2800,1500,2800,Maharashtra,Other
06/02/2018,Onion,23,Satara,FAQ,Karad,2500,1500,2500,Maharashtra,Other
08/02/2018,Onion,23,Satara,FAQ,Karad,2500,2000,2500,Maharashtra,Other
18/02/2018,Onion,23,Satara,FAQ,Karad,2000,1500,2000,Maharashtra,Other
19/02/2018,Onion,23,Satara,FAQ,Karad,1800,1500,1800,Maharashtra,Other
20/02/2018,Onion,23,Satara,FAQ,Karad,1800,1500,1800,Maharashtra,Other
25/02/2018,Onion,23,Satara,FAQ,Karad,2000,1500,2000,Maharashtra,Other
05/03/2018,Onion,23,Satara,FAQ,Karad,1500,1000,1500,Maharashtra,Other
06/03/2018,Onion,23,Satara,FAQ,Karad,1500,1000,1500,Maharashtra,Other
11/03/2018,Onion,23,Satara,FAQ,Karad,1300,800,1300,Maharashtra,Other
13/03/2018,Onion,23,Satara,FAQ,Karad,1200,800,1200,Maharashtra,Other
19/03/2018,Onion,23,Satara,FAQ,Karad,1200,500,1200,Maharashtra,Other
21/03/2018,Onion,23,Satara,FAQ,Karad,1200,500,1200,Maharashtra,Other
24/03/2018,Onion,23,Satara,FAQ,Karad,1200,500,1200,Maharashtra,Other
27/03/2018,Onion,23,Satara,FAQ,Karad,1000,500,1000,Maharashtra,Other
28/03/2018,Onion,23,Satara,FAQ,Karad,1000,500,1000,Maharashtra,Other
29/03/2018,Onion,23,Satara,FAQ,Karad,1000,700,1000,Maharashtra,Other
08/04/2018,Onion,23,Satara,FAQ,Karad,1000,500,1000,Maharashtra,Other
11/04/2018,Onion,23,Satara,FAQ,Karad,1000,500,1000,Maharashtra,Other
08/05/2018,Onion,23,Satara,FAQ,Karad,900,500,900,Maharashtra,Other
10/05/2018,Onion,23,Satara,FAQ,Karad,1000,700,1000,Maharashtra,Other
15/05/2018,Onion,23,Satara,FAQ,Karad,800,500,800,Maharashtra,Other
29/05/2018,Onion,23,Satara,FAQ,Karad,900,400,900,Maharashtra,Other
02/06/2018,Onion,23,Satara,FAQ,Karad,1000,700,1000,Maharashtra,Other
10/06/2018,Onion,23,Satara,FAQ,Karad,1200,600,1200,Maharashtra,Other
12/06/2018,Onion,23,Satara,FAQ,Karad,1200,600,1200,Maharashtra,Other
13/06/2018,Onion,23,Satara,FAQ,Karad,1200,500,1200,Maharashtra,Other
25/06/2018,Onion,23,Satara,FAQ,Karad,1400,800,1400,Maharashtra,Other
03/07/2018,Onion,23,Satara,FAQ,Karad,1400,800,1400,Maharashtra,Other
04/07/2018,Onion,23,Satara,FAQ,Karad,1400,700,1400,Maharashtra,Other
26/07/2018,Onion,23,Satara,FAQ,Karad,1400,1300,1400,Maharashtra,Other
01/08/2018,Onion,23,Satara,FAQ,Karad,1500,800,1500,Maharashtra,Other
05/08/2018,Onion,23,Satara,FAQ,Karad,1400,1000,1400,Maharashtra,Other
21/08/2018,Onion,23,Satara,FAQ,Karad,1300,700,1300,Maharashtra,Other
06/09/2018,Onion,23,Satara,FAQ,Karad,1300,700,1300,Maharashtra,Other
16/09/2018,Onion,23,Satara,FAQ,Karad,1200,700,1200,Maharashtra,Other
19/09/2018,Onion,23,Satara,FAQ,Karad,1200,600,1200,Maharashtra,Other
29/09/2018,Onion,23,Satara,FAQ,Karad,1200,800,1200,Maharashtra,Other
06/10/2018,Onion,23,Satara,FAQ,Karad,1100,700,1100,Maharashtra,Other
08/10/2018,Onion,23,Satara,FAQ,Karad,1200,700,1200,Maharashtra,Other
20/10/2018,Onion,23,Satara,FAQ,Karad,1800,1200,1800,Maharashtra,Other
22/10/2018,Onion,23,Satara,FAQ,Karad,1700,1000,1700,Maharashtra,Other
01/01/2025,Onion,23,Satara,FAQ,Karad,3000,2000,3000,Maharashtra,Other
22/01/2025,Onion,23,Satara,FAQ,Karad,3000,1500,3000,Maharashtra,Other
29/01/2025,Onion,23,Satara,Local,Karad,2500,2000,2500,Maharashtra,Other
03/12/2024,Onion,23,Satara,FAQ,Karad,4000,3000,4000,Maharashtra,Other
17/12/2024,Onion,23,Satara,FAQ,Karad,3200,2700,3200,Maharashtra,Other
20/12/2024,Onion,23,Satara,FAQ,Karad,3500,2500,3500,Maharashtra,Other
22/12/2024,Onion,23,Satara,FAQ,Karad,3200,1000,3200,Maharashtra,Other
26/12/2024,Onion,23,Satara,FAQ,Karad,3500,2500,3500,Maharashtra,Other
05/11/2024,Onion,23,Satara,FAQ,Karad,5000,3000,5000,Maharashtra,Other
26/11/2024,Onion,23,Satara,FAQ,Karad,5000,3500,5000,Maharashtra,Other
11/11/2024,Onion,23,Satara,FAQ,Karad,6500,5000,6500,Maharashtra,Other
05/04/2025,Onion,23,Satara,Local,Karad,1800,1000,1800,Maharashtra,Other
10/04/2025,Onion,23,Satara,Local,Karad,1300,500,1300,Maharashtra,Other
27/04/2025,Onion,23,Satara,Local,Karad,1300,500,1300,Maharashtra,Other
26/05/2025,Onion,23,Satara,Local,Karad,1700,500,1700,Maharashtra,Other
27/05/2025,Onion,23,Satara,Local,Karad,1600,500,1600,Maharashtra,Other
27/08/2024,Onion,23,Satara,FAQ,Karad,4200,1500,4200,Maharashtra,Other
01/02/2025,Onion,23,Satara,Local,Karad,3000,1000,3000,Maharashtra,Other
03/02/2025,Onion,23,Satara,Local,Karad,2400,1000,2400,Maharashtra,Other
17/02/2025,Onion,23,Satara,Local,Karad,2400,2000,2400,Maharashtra,Other
16/09/2024,Onion,23,Satara,FAQ,Karad,4000,3000,4000,Maharashtra,Other
24/09/2024,Onion,23,Satara,FAQ,Karad,4500,3000,4500,Maharashtra,Other
21/09/2024,Onion,23,Satara,FAQ,Karad,3500,3000,3500,Maharashtra,Other
19/09/2024,Onion,23,Satara,FAQ,Karad,3500,2000,3500,Maharashtra,Other
01/03/2025,Onion,23,Satara,Local,Karad,2500,1500,2500,Maharashtra,Other
22/03/2025,Onion,23,Satara,Local,Karad,1800,1000,1800,Maharashtra,Other
03/03/2025,Onion,23,Satara,Local,Karad,2000,1500,2000,Maharashtra,Other
18/03/2025,Onion,23,Satara,Local,Karad,2000,1500,2000,Maharashtra,Other
26/03/2025,Onion,23,Satara,Local,Karad,1800,500,1800,Maharashtra,Other
30/03/2025,Onion,23,Satara,Local,Karad,1800,1000,1800,Maharashtra,Other
07/07/2025,Onion,23,Satara,Local,Karad,1400,500,1400,Maharashtra,Other
22/07/2025,Onion,23,Satara,Local,Karad,1600,500,1600,Maharashtra,Other
24/07/2025,Onion,23,Satara,Local,Karad,1700,1500,1700,Maharashtra,Other
28/07/2025,Onion,23,Satara,Local,Karad,1700,500,1700,Maharashtra,Other
29/07/2025,Onion,23,Satara,Local,Karad,1600,500,1600,Maharashtra,Other
08/06/2025,Onion,23,Satara,Local,Karad,1500,500,1500,Maharashtra,Other
28/06/2025,Onion,23,Satara,Local,Karad,1700,1400,1700,Maharashtra,Other
08/09/2025,Onion,23,Satara,Local,Karad,1700,300,1700,Maharashtra,Other
30/09/2025,Onion,23,Satara,Local,Karad,1700,500,1700,Maharashtra,Other
11/08/2025,Onion,23,Satara,Local,Karad,1300,400,1300,Maharashtra,Other
12/08/2025,Onion,23,Satara,Local,Karad,1600,1000,1600,Maharashtra,Other
23/08/2025,Onion,23,Satara,Local,Karad,1300,500,1300,Maharashtra,Other
05/10/2025,Onion,23,Satara,Local,Karad,1700,500,1700,Maharashtra,Other
08/10/2025,Onion,23,Satara,Local,Karad,1600,300,1600,Maharashtra,Other
15/10/2025,Onion,23,Satara,Local,Karad,1600,1000,1600,Maharashtra,Other
26/10/2025,Onion,23,Satara,Local,Karad,1500,500,1500,Maharashtra,Other
30/10/2025,Onion,23,Satara,Local,Karad,1600,400,1600,Maharashtra,Other
16/01/2010,Onion,23,Satara,FAQ,Karad,1200,500,1000,Maharashtra,Other
20/01/2010,Onion,23,Satara,FAQ,Karad,900,200,700,Maharashtra,Other
27/01/2010,Onion,23,Satara,FAQ,Karad,1300,500,900,Maharashtra,Other
08/02/2010,Onion,23,Satara,FAQ,Karad,1200,500,900,Maharashtra,Other
09/02/2010,Onion,23,Satara,FAQ,Karad,1400,500,1000,Maharashtra,Other
11/02/2010,Onion,23,Satara,FAQ,Karad,1300,700,1000,Maharashtra,Other
21/02/2010,Onion,23,Satara,FAQ,Karad,1000,300,700,Maharashtra,Other
22/02/2010,Onion,23,Satara,FAQ,Karad,1100,500,800,Maharashtra,Other
24/02/2010,Onion,23,Satara,FAQ,Karad,700,400,550,Maharashtra,Other
01/03/2010,Onion,23,Satara,FAQ,Karad,600,500,550,Maharashtra,Other
02/03/2010,Onion,23,Satara,FAQ,Karad,700,300,500,Maharashtra,Other
12/04/2010,Onion,23,Satara,FAQ,Karad,900,600,750,Maharashtra,Other
17/04/2010,Onion,23,Satara,FAQ,Karad,700,300,500,Maharashtra,Other
06/05/2010,Onion,23,Satara,FAQ,Karad,600,400,500,Maharashtra,Other
18/05/2010,Onion,23,Satara,FAQ,Karad,750,400,550,Maharashtra,Other
24/05/2010,Onion,23,Satara,FAQ,Karad,800,300,550,Maharashtra,Other
05/06/2010,Onion,23,Satara,FAQ,Karad,800,500,650,Maharashtra,Other
15/06/2010,Onion,23,Satara,FAQ,Karad,800,400,600,Maharashtra,Other
29/06/2010,Onion,23,Satara,FAQ,Karad,850,300,600,Maharashtra,Other
05/07/2010,Onion,23,Satara,FAQ,Karad,850,500,700,Maharashtra,Other
10/07/2010,Onion,23,Satara,FAQ,Karad,900,500,700,Maharashtra,Other
13/07/2010,Onion,23,Satara,FAQ,Karad,800,400,600,Maharashtra,Other
14/07/2010,Onion,23,Satara,FAQ,Karad,850,200,500,Maharashtra,Other
10/08/2010,Onion,23,Satara,FAQ,Karad,900,700,800,Maharashtra,Other
11/08/2010,Onion,23,Satara,FAQ,Karad,900,600,750,Maharashtra,Other
12/08/2010,Onion,23,Satara,FAQ,Karad,1000,500,750,Maharashtra,Other
19/08/2010,Onion,23,Satara,FAQ,Karad,850,500,650,Maharashtra,Other
21/08/2010,Onion,23,Satara,FAQ,Karad,1000,700,800,Maharashtra,Other
26/08/2010,Onion,23,Satara,FAQ,Karad,1000,500,750,Maharashtra,Other
31/08/2010,Onion,23,Satara,FAQ,Karad,1000,500,750,Maharashtra,Other
05/09/2010,Onion,23,Satara,FAQ,Karad,1000,500,750,Maharashtra,Other
27/09/2010,Onion,23,Satara,FAQ,Karad,1800,900,1350,Maharashtra,Other
28/09/2010,Onion,23,Satara,FAQ,Karad,1100,800,950,Maharashtra,Other
29/09/2010,Onion,23,Satara,FAQ,Karad,1000,700,850,Maharashtra,Other
11/10/2010,Onion,23,Satara,FAQ,Karad,1000,700,850,Maharashtra,Other
01/11/2010,Onion,23,Satara,FAQ,Karad,1000,400,800,Maharashtra,Other
15/12/2010,Onion,23,Satara,FAQ,Karad,2000,1600,1800,Maharashtra,Other
06/02/2007,Onion,23,Satara,FAQ,Karad,1100,800,1000,Maharashtra,Other
10/02/2007,Onion,23,Satara,FAQ,Karad,1200,800,1000,Maharashtra,Other
09/04/2007,Onion,23,Satara,FAQ,Karad,550,400,500,Maharashtra,Other
18/04/2007,Onion,23,Satara,FAQ,Karad,500,300,400,Maharashtra,Other
14/05/2007,Onion,23,Satara,FAQ,Karad,700,300,500,Maharashtra,Other
22/05/2007,Onion,23,Satara,FAQ,Karad,700,400,650,Maharashtra,Other
26/05/2007,Onion,23,Satara,FAQ,Karad,700,500,600,Maharashtra,Other
25/06/2007,Onion,23,Satara,FAQ,Karad,1000,700,850,Maharashtra,Other
17/07/2007,Onion,23,Satara,FAQ,Karad,1000,500,900,Maharashtra,Other
06/08/2007,Onion,23,Satara,FAQ,Karad,1000,700,950,Maharashtra,Other
09/08/2007,Onion,23,Satara,FAQ,Karad,1000,500,700,Maharashtra,Other
17/09/2007,Onion,23,Satara,FAQ,Karad,1200,900,1000,Maharashtra,Other
22/09/2007,Onion,23,Satara,FAQ,Karad,1500,1300,1400,Maharashtra,Other
03/10/2007,Onion,23,Satara,FAQ,Karad,1750,1600,1650,Maharashtra,Other
15/10/2007,Onion,23,Satara,FAQ,Karad,1600,800,1500,Maharashtra,Other
16/10/2007,Onion,23,Satara,FAQ,Karad,1800,1300,1550,Maharashtra,Other
24/10/2007,Onion,23,Satara,FAQ,Karad,1200,500,1000,Maharashtra,Other
31/10/2007,Onion,23,Satara,FAQ,Karad,1250,800,1000,Maharashtra,Other
13/11/2007,Onion,23,Satara,FAQ,Karad,1000,600,900,Maharashtra,Other
17/11/2007,Onion,23,Satara,FAQ,Karad,1100,1000,1050,Maharashtra,Other
20/12/2007,Onion,23,Satara,FAQ,Karad,700,300,550,Maharashtra,Other
31/12/2007,Onion,23,Satara,FAQ,Karad,700,200,500,Maharashtra,Other
21/12/2004,Onion,23,Satara,FAQ,Karad,500,300,450,Maharashtra,Other
07/10/2004,Onion,23,Satara,FAQ,Karad,400,200,350,Maharashtra,Red
10/10/2004,Onion,23,Satara,FAQ,Karad,600,400,550,Maharashtra,Red
21/10/2004,Onion,23,Satara,FAQ,Karad,600,400,500,Maharashtra,Red
04/11/2004,Onion,23,Satara,FAQ,Karad,400,100,350,Maharashtra,Red
06/11/2004,Onion,23,Satara,FAQ,Karad,400,100,350,Maharashtra,Red
22/11/2004,Onion,23,Satara,FAQ,Karad,500,300,400,Maharashtra,Red
09/12/2004,Onion,23,Satara,FAQ,Karad,400,100,300,Maharashtra,Red
11/12/2004,Onion,23,Satara,FAQ,Karad,500,200,400,Maharashtra,Red
05/01/2015,Onion,23,Satara,FAQ,Karad,1500,1000,1250,Maharashtra,Other
16/02/2015,Onion,23,Satara,FAQ,Karad,2000,1500,1750,Maharashtra,Other
17/03/2015,Onion,23,Satara,FAQ,Karad,2000,1000,1500,Maharashtra,Other
07/04/2015,Onion,23,Satara,FAQ,Karad,1700,1000,1350,Maharashtra,Other
11/04/2015,Onion,23,Satara,FAQ,Karad,1600,1000,1300,Maharashtra,Other
21/04/2015,Onion,23,Satara,FAQ,Karad,1300,1000,1150,Maharashtra,Other
26/04/2015,Onion,23,Satara,FAQ,Karad,1500,1000,1250,Maharashtra,Other
05/05/2015,Onion,23,Satara,FAQ,Karad,1400,1000,1200,Maharashtra,Other
06/05/2015,Onion,23,Satara,FAQ,Karad,1400,1000,1200,Maharashtra,Other
28/05/2015,Onion,23,Satara,FAQ,Karad,1500,1300,1400,Maharashtra,Other
22/06/2015,Onion,23,Satara,FAQ,Karad,2300,1500,2300,Maharashtra,Other
30/06/2015,Onion,23,Satara,FAQ,Karad,2200,1300,2200,Maharashtra,Other
20/09/2015,Onion,23,Satara,FAQ,Karad,4000,3000,4000,Maharashtra,Other
04/11/2015,Onion,23,Satara,FAQ,Karad,2200,1500,2200,Maharashtra,Other
08/12/2015,Onion,23,Satara,FAQ,Karad,2500,1500,2500,Maharashtra,Other
09/12/2015,Onion,23,Satara,FAQ,Karad,2500,1500,2500,Maharashtra,Other
11/12/2015,Onion,23,Satara,FAQ,Karad,2200,1700,2200,Maharashtra,Other
23/12/2015,Onion,23,Satara,FAQ,Karad,2200,1600,2200,Maharashtra,Other
05/12/2024,Onion,23,Satara,FAQ,Karad,3500,2500,3500,Maharashtra,Other
16/12/2024,Onion,23,Satara,FAQ,Karad,3200,1000,3200,Maharashtra,Other
24/12/2024,Onion,23,Satara,FAQ,Karad,3200,2500,3200,Maharashtra,Other
30/12/2024,Onion,23,Satara,FAQ,Karad,3200,2000,3200,Maharashtra,Other
01/01/2017,Onion,23,Satara,FAQ,Karad,1000,600,1000,Maharashtra,Other
08/01/2017,Onion,23,Satara,FAQ,Karad,1000,500,1000,Maharashtra,Other
14/01/2017,Onion,23,Satara,FAQ,Karad,1000,500,1000,Maharashtra,Other
17/01/2017,Onion,23,Satara,FAQ,Karad,1000,500,1000,Maharashtra,Other
01/02/2017,Onion,23,Satara,FAQ,Karad,1000,500,1000,Maharashtra,Other
11/02/2017,Onion,23,Satara,FAQ,Karad,1000,500,1000,Maharashtra,Other
14/02/2017,Onion,23,Satara,FAQ,Karad,1000,500,1000,Maharashtra,Other
22/02/2017,Onion,23,Satara,FAQ,Karad,1000,500,1000,Maharashtra,Other
02/03/2017,Onion,23,Satara,FAQ,Karad,1000,700,1000,Maharashtra,Other
05/03/2017,Onion,23,Satara,FAQ,Karad,1000,600,1000,Maharashtra,Other
06/03/2017,Onion,23,Satara,FAQ,Karad,1000,500,1000,Maharashtra,Other
12/03/2017,Onion,23,Satara,FAQ,Karad,1000,500,1000,Maharashtra,Other
19/03/2017,Onion,23,Satara,FAQ,Karad,1000,500,1000,Maharashtra,Other
22/03/2017,Onion,23,Satara,FAQ,Karad,800,500,800,Maharashtra,Other
26/03/2017,Onion,23,Satara,FAQ,Karad,1000,600,1000,Maharashtra,Other
30/03/2017,Onion,23,Satara,FAQ,Karad,1000,500,1000,Maharashtra,Other
06/04/2017,Onion,23,Satara,FAQ,Karad,1200,500,1200,Maharashtra,Other
16/04/2017,Onion,23,Satara,FAQ,Karad,1000,500,1000,Maharashtra,Other
19/04/2017,Onion,23,Satara,FAQ,Karad,1000,500,1000,Maharashtra,Other
24/04/2017,Onion,23,Satara,FAQ,Karad,1000,500,1000,Maharashtra,Other
03/05/2017,Onion,23,Satara,FAQ,Karad,800,400,800,Maharashtra,Other
08/05/2017,Onion,23,Satara,FAQ,Karad,800,400,800,Maharashtra,Other
16/05/2017,Onion,23,Satara,FAQ,Karad,800,400,800,Maharashtra,Other
18/05/2017,Onion,23,Satara,FAQ,Karad,700,500,700,Maharashtra,Other
20/05/2017,Onion,23,Satara,FAQ,Karad,700,500,700,Maharashtra,Other
22/05/2017,Onion,23,Satara,FAQ,Karad,700,400,700,Maharashtra,Other
23/05/2017,Onion,23,Satara,FAQ,Karad,700,400,700,Maharashtra,Other
04/06/2017,Onion,23,Satara,FAQ,Karad,1000,700,1000,Maharashtra,Other
08/06/2017,Onion,23,Satara,FAQ,Karad,1000,500,1000,Maharashtra,Other
13/06/2017,Onion,23,Satara,FAQ,Karad,900,700,900,Maharashtra,Other
27/06/2017,Onion,23,Satara,FAQ,Karad,1000,500,1000,Maharashtra,Other
01/07/2017,Onion,23,Satara,FAQ,Karad,1000,600,1000,Maharashtra,Other
19/07/2017,Onion,23,Satara,FAQ,Karad,1000,600,1000,Maharashtra,Other
07/08/2017,Onion,23,Satara,FAQ,Karad,2500,1500,2500,Maharashtra,Other
09/08/2017,Onion,23,Satara,FAQ,Karad,2300,1500,2300,Maharashtra,Other
10/08/2017,Onion,23,Satara,FAQ,Karad,2000,1500,2000,Maharashtra,Other
12/08/2017,Onion,23,Satara,FAQ,Karad,2200,1500,2200,Maharashtra,Other
22/08/2017,Onion,23,Satara,FAQ,Karad,2000,1600,2000,Maharashtra,Other
05/09/2017,Onion,23,Satara,FAQ,Karad,2200,1500,2200,Maharashtra,Other
13/09/2017,Onion,23,Satara,FAQ,Karad,2200,1400,2200,Maharashtra,Other
17/09/2017,Onion,23,Satara,FAQ,Karad,1700,1000,1700,Maharashtra,Other
18/09/2017,Onion,23,Satara,FAQ,Karad,1500,1000,1500,Maharashtra,Other
21/09/2017,Onion,23,Satara,FAQ,Karad,1500,1000,1500,Maharashtra,Other
24/09/2017,Onion,23,Satara,FAQ,Karad,2000,1000,2000,Maharashtra,Other
08/10/2017,Onion,23,Satara,FAQ,Karad,1500,1000,1500,Maharashtra,Other
10/10/2017,Onion,23,Satara,FAQ,Karad,1800,1000,1800,Maharashtra,Other
22/10/2017,Onion,23,Satara,FAQ,Karad,3000,1700,3000,Maharashtra,Other
06/11/2017,Onion,23,Satara,FAQ,Karad,3500,1800,3500,Maharashtra,Other
11/11/2017,Onion,23,Satara,FAQ,Karad,3500,1800,3500,Maharashtra,Other
04/12/2017,Onion,23,Satara,FAQ,Karad,3500,2500,3500,Maharashtra,Other
09/12/2017,Onion,23,Satara,FAQ,Karad,4000,2500,4000,Maharashtra,Other
13/12/2017,Onion,23,Satara,FAQ,Karad,3700,2000,3700,Maharashtra,Other
16/12/2017,Onion,23,Satara,FAQ,Karad,4200,2500,4200,Maharashtra,Other
20/12/2017,Onion,23,Satara,FAQ,Karad,3500,2000,3500,Maharashtra,Other
30/12/2017,Onion,23,Satara,FAQ,Karad,3600,2500,3600,Maharashtra,Other
08/01/2018,Onion,23,Satara,FAQ,Karad,4000,2500,4000,Maharashtra,Other
27/01/2018,Onion,23,Satara,FAQ,Karad,3000,1500,3000,Maharashtra,Other
12/02/2018,Onion,23,Satara,FAQ,Karad,2000,1500,2000,Maharashtra,Other
21/02/2018,Onion,23,Satara,FAQ,Karad,2000,1500,2000,Maharashtra,Other
07/03/2018,Onion,23,Satara,FAQ,Karad,1500,1000,1500,Maharashtra,Other
17/03/2018,Onion,23,Satara,FAQ,Karad,1300,700,1300,Maharashtra,Other
26/03/2018,Onion,23,Satara,FAQ,Karad,1000,500,1000,Maharashtra,Other
14/04/2018,Onion,23,Satara,FAQ,Karad,1000,500,1000,Maharashtra,Other
18/04/2018,Onion,23,Satara,FAQ,Karad,900,500,900,Maharashtra,Other
24/04/2018,Onion,23,Satara,FAQ,Karad,1000,500,1000,Maharashtra,Other
30/04/2018,Onion,23,Satara,FAQ,Karad,1000,500,1000,Maharashtra,Other
03/05/2018,Onion,23,Satara,FAQ,Karad,1000,700,1000,Maharashtra,Other
05/05/2018,Onion,23,Satara,FAQ,Karad,1000,500,1000,Maharashtra,Other
06/05/2018,Onion,23,Satara,FAQ,Karad,1000,500,1000,Maharashtra,Other
17/05/2018,Onion,23,Satara,FAQ,Karad,800,500,800,Maharashtra,Other
23/05/2018,Onion,23,Satara,FAQ,Karad,900,500,900,Maharashtra,Other
24/05/2018,Onion,23,Satara,FAQ,Karad,800,500,800,Maharashtra,Other
26/05/2018,Onion,23,Satara,FAQ,Karad,900,500,900,Maharashtra,Other
04/06/2018,Onion,23,Satara,FAQ,Karad,1200,700,1200,Maharashtra,Other
11/06/2018,Onion,23,Satara,FAQ,Karad,1200,700,1200,Maharashtra,Other
17/06/2018,Onion,23,Satara,FAQ,Karad,1000,600,1000,Maharashtra,Other
28/06/2018,Onion,23,Satara,FAQ,Karad,1200,700,1200,Maharashtra,Other
16/07/2018,Onion,23,Satara,FAQ,Karad,1400,1000,1400,Maharashtra,Other
18/07/2018,Onion,23,Satara,FAQ,Karad,1400,1000,1400,Maharashtra,Other
29/07/2018,Onion,23,Satara,FAQ,Karad,1400,800,1400,Maharashtra,Other
30/07/2018,Onion,23,Satara,FAQ,Karad,1400,800,1400,Maharashtra,Other
08/08/2018,Onion,23,Satara,FAQ,Karad,1300,700,1300,Maharashtra,Other
11/08/2018,Onion,23,Satara,FAQ,Karad,1300,800,1300,Maharashtra,Other
14/08/2018,Onion,23,Satara,FAQ,Karad,1300,800,1300,Maharashtra,Other
16/08/2018,Onion,23,Satara,FAQ,Karad,1200,800,1200,Maharashtra,Other
27/08/2018,Onion,23,Satara,FAQ,Karad,1200,800,1200,Maharashtra,Other
01/09/2018,Onion,23,Satara,FAQ,Karad,1300,800,1300,Maharashtra,Other
12/09/2018,Onion,23,Satara,FAQ,Karad,1200,700,1200,Maharashtra,Other
22/09/2018,Onion,23,Satara,FAQ,Karad,1500,600,1500,Maharashtra,Other
26/09/2018,Onion,23,Satara,FAQ,Karad,1200,600,1200,Maharashtra,Other
30/09/2018,Onion,23,Satara,FAQ,Karad,1200,700,1200,Maharashtra,Other
01/10/2018,Onion,23,Satara,FAQ,Karad,1100,700,1100,Maharashtra,Other
13/10/2018,Onion,23,Satara,FAQ,Karad,1100,600,1100,Maharashtra,Other
16/10/2018,Onion,23,Satara,FAQ,Karad,1500,800,1500,Maharashtra,Other
25/10/2018,Onion,23,Satara,FAQ,Karad,2000,1000,2000,Maharashtra,Other
31/10/2018,Onion,23,Satara,FAQ,Karad,1600,700,1600,Maharashtra,Other
11/11/2018,Onion,23,Satara,FAQ,Karad,1500,500,1500,Maharashtra,Other
15/11/2018,Onion,23,Satara,FAQ,Karad,1500,500,1500,Maharashtra,Other
21/11/2018,Onion,23,Satara,FAQ,Karad,1400,500,1400,Maharashtra,Other
22/11/2018,Onion,23,Satara,FAQ,Karad,1500,500,1500,Maharashtra,Other
27/11/2018,Onion,23,Satara,FAQ,Karad,1200,500,1200,Maharashtra,Other
01/12/2018,Onion,23,Satara,FAQ,Karad,1000,700,1000,Maharashtra,Other
03/12/2018,Onion,23,Satara,FAQ,Karad,1000,500,1000,Maharashtra,Other
12/12/2018,Onion,23,Satara,FAQ,Karad,1000,400,1000,Maharashtra,Other
22/12/2018,Onion,23,Satara,FAQ,Karad,1000,500,1000,Maharashtra,Other
24/12/2018,Onion,23,Satara,FAQ,Karad,800,500,800,Maharashtra,Other
03/02/2020,Onion,23,Satara,FAQ,Karad,2500,2000,2500,Maharashtra,Other
15/02/2020,Onion,23,Satara,FAQ,Karad,2000,1500,2000,Maharashtra,Other
26/02/2020,Onion,23,Satara,FAQ,Karad,1700,1200,1700,Maharashtra,Other
09/03/2020,Onion,23,Satara,FAQ,Karad,2000,1000,2000,Maharashtra,Other
31/03/2020,Onion,23,Satara,FAQ,Karad,1700,1000,1700,Maharashtra,Other
23/05/2020,Onion,23,Satara,FAQ,Karad,1200,1000,1200,Maharashtra,Other
26/05/2020,Onion,23,Satara,FAQ,Karad,1000,800,1000,Maharashtra,Other
08/06/2020,Onion,23,Satara,FAQ,Karad,1200,600,1200,Maharashtra,Other
09/06/2020,Onion,23,Satara,FAQ,Karad,1000,500,1000,Maharashtra,Other
11/06/2020,Onion,23,Satara,FAQ,Karad,1000,800,1000,Maharashtra,Other
14/06/2020,Onion,23,Satara,FAQ,Karad,1300,800,1300,Maharashtra,Other
23/06/2020,Onion,23,Satara,FAQ,Karad,1200,500,1200,Maharashtra,Other
29/06/2020,Onion,23,Satara,FAQ,Karad,1200,700,1200,Maharashtra,Other
12/07/2020,Onion,23,Satara,FAQ,Karad,1300,500,1300,Maharashtra,Other
14/07/2020,Onion,23,Satara,FAQ,Karad,1000,400,1000,Maharashtra,Other
15/07/2020,Onion,23,Satara,FAQ,Karad,1200,500,1200,Maharashtra,Other
27/07/2020,Onion,23,Satara,FAQ,Karad,1200,800,1200,Maharashtra,Other
29/07/2020,Onion,23,Satara,FAQ,Karad,1000,500,1000,Maharashtra,Other
02/08/2020,Onion,23,Satara,FAQ,Karad,1200,500,1200,Maharashtra,Other
04/08/2020,Onion,23,Satara,FAQ,Karad,1200,700,1200,Maharashtra,Other
11/08/2020,Onion,23,Satara,FAQ,Karad,1300,500,1300,Maharashtra,Other
07/09/2020,Onion,23,Satara,FAQ,Karad,1800,1000,1800,Maharashtra,Other
09/09/2020,Onion,23,Satara,FAQ,Karad,2000,1000,2000,Maharashtra,Other
15/09/2020,Onion,23,Satara,FAQ,Karad,2000,1000,2000,Maharashtra,Other
26/09/2020,Onion,23,Satara,FAQ,Karad,3500,2000,3500,Maharashtra,Other
05/10/2020,Onion,23,Satara,FAQ,Karad,3500,2000,3500,Maharashtra,Other
06/10/2020,Onion,23,Satara,FAQ,Karad,3500,2000,3500,Maharashtra,Other
07/10/2020,Onion,23,Satara,FAQ,Karad,3500,2000,3500,Maharashtra,Other
11/10/2020,Onion,23,Satara,FAQ,Karad,3700,2000,3700,Maharashtra,Other
14/10/2020,Onion,23,Satara,FAQ,Karad,3800,2000,3800,Maharashtra,Other
31/10/2020,Onion,23,Satara,FAQ,Karad,5500,3000,5500,Maharashtra,Other
01/11/2020,Onion,23,Satara,FAQ,Karad,7000,5000,7000,Maharashtra,Other
09/11/2020,Onion,23,Satara,FAQ,Karad,5000,2500,5000,Maharashtra,Other
17/11/2020,Onion,23,Satara,FAQ,Karad,5000,3000,5000,Maharashtra,Other
23/11/2020,Onion,23,Satara,FAQ,Karad,5000,3000,5000,Maharashtra,Other
07/12/2020,Onion,23,Satara,FAQ,Karad,3500,2000,3500,Maharashtra,Other
15/12/2020,Onion,23,Satara,FAQ,Karad,4000,2000,4000,Maharashtra,Other
23/12/2020,Onion,23,Satara,FAQ,Karad,2500,1000,2500,Maharashtra,Other
29/12/2020,Onion,23,Satara,FAQ,Karad,2700,1500,2700,Maharashtra,Other
10/01/2009,Onion,23,Satara,FAQ,Karad,1700,1500,1600,Maharashtra,Other
15/01/2009,Onion,23,Satara,FAQ,Karad,1600,1000,1300,Maharashtra,Other
05/02/2009,Onion,23,Satara,FAQ,Karad,1300,600,950,Maharashtra,Other
13/02/2009,Onion,23,Satara,FAQ,Karad,1100,500,800,Maharashtra,Other
17/02/2009,Onion,23,Satara,FAQ,Karad,1300,600,1000,Maharashtra,Other
25/02/2009,Onion,23,Satara,FAQ,Karad,1200,700,1000,Maharashtra,Other
09/03/2009,Onion,23,Satara,FAQ,Karad,900,400,650,Maharashtra,Other
12/03/2009,Onion,23,Satara,FAQ,Karad,700,500,600,Maharashtra,Other
20/06/2009,Onion,23,Satara,FAQ,Karad,850,600,725,Maharashtra,Other
24/06/2009,Onion,23,Satara,FAQ,Karad,850,500,700,Maharashtra,Other
02/08/2009,Onion,23,Satara,FAQ,Karad,850,500,700,Maharashtra,Other
25/08/2009,Onion,23,Satara,FAQ,Karad,850,600,750,Maharashtra,Other
29/08/2009,Onion,23,Satara,FAQ,Karad,800,500,650,Maharashtra,Other
02/09/2009,Onion,23,Satara,FAQ,Karad,800,500,650,Maharashtra,Other
17/09/2009,Onion,23,Satara,FAQ,Karad,600,300,450,Maharashtra,Other
22/09/2009,Onion,23,Satara,FAQ,Karad,750,300,500,Maharashtra,Other
15/10/2009,Onion,23,Satara,FAQ,Karad,800,700,750,Maharashtra,Other
19/10/2009,Onion,23,Satara,FAQ,Karad,1600,1000,1300,Maharashtra,Other
24/10/2009,Onion,23,Satara,FAQ,Karad,1300,500,900,Maharashtra,Other
26/10/2009,Onion,23,Satara,FAQ,Karad,1000,400,800,Maharashtra,Other
27/10/2009,Onion,23,Satara,FAQ,Karad,1800,800,1400,Maharashtra,Other
02/11/2009,Onion,23,Satara,FAQ,Karad,1500,1200,1350,Maharashtra,Other
11/11/2009,Onion,23,Satara,FAQ,Karad,1300,1000,1150,Maharashtra,Other
10/01/2008,Onion,23,Satara,FAQ,Karad,550,400,500,Maharashtra,Other
13/01/2008,Onion,23,Satara,FAQ,Karad,500,200,350,Maharashtra,Other
21/01/2008,Onion,23,Satara,FAQ,Karad,750,200,600,Maharashtra,Other
09/02/2008,Onion,23,Satara,FAQ,Karad,350,200,300,Maharashtra,Other
19/02/2008,Onion,23,Satara,FAQ,Karad,350,300,325,Maharashtra,Other
02/04/2008,Onion,23,Satara,FAQ,Karad,450,300,350,Maharashtra,Other
05/06/2008,Onion,23,Satara,FAQ,Karad,400,250,350,Maharashtra,Other
16/06/2008,Onion,23,Satara,FAQ,Karad,500,200,400,Maharashtra,Other
28/06/2008,Onion,23,Satara,FAQ,Karad,550,200,400,Maharashtra,Other
06/07/2008,Onion,23,Satara,FAQ,Karad,650,300,500,Maharashtra,Other
08/07/2008,Onion,23,Satara,FAQ,Karad,500,300,400,Maharashtra,Other
10/07/2008,Onion,23,Satara,FAQ,Karad,500,300,400,Maharashtra,Other
17/07/2008,Onion,23,Satara,FAQ,Karad,700,400,550,Maharashtra,Other
26/07/2008,Onion,23,Satara,FAQ,Karad,1000,800,900,Maharashtra,Other
29/07/2008,Onion,23,Satara,FAQ,Karad,1000,700,850,Maharashtra,Other
02/08/2008,Onion,23,Satara,FAQ,Karad,950,900,920,Maharashtra,Other
04/08/2008,Onion,23,Satara,FAQ,Karad,800,300,500,Maharashtra,Other
12/08/2008,Onion,23,Satara,FAQ,Karad,800,500,660,Maharashtra,Other
25/09/2008,Onion,23,Satara,FAQ,Karad,650,300,475,Maharashtra,Other
11/12/2008,Onion,23,Satara,FAQ,Karad,1200,700,1000,Maharashtra,Other
04/01/2016,Onion,23,Satara,FAQ,Karad,2100,1500,2100,Maharashtra,Other
12/01/2016,Onion,23,Satara,FAQ,Karad,2000,1500,2000,Maharashtra,Other
14/01/2016,Onion,23,Satara,FAQ,Karad,2000,1500,2000,Maharashtra,Other
16/01/2016,Onion,23,Satara,FAQ,Karad,2100,1600,2100,Maharashtra,Other
23/01/2016,Onion,23,Satara,FAQ,Karad,2000,1500,2000,Maharashtra,Other
27/01/2016,Onion,23,Satara,FAQ,Karad,1700,1000,1700,Maharashtra,Other
02/02/2016,Onion,23,Satara,FAQ,Karad,1600,1000,1600,Maharashtra,Other
07/02/2016,Onion,23,Satara,FAQ,Karad,1200,500,1200,Maharashtra,Other
16/02/2016,Onion,23,Satara,FAQ,Karad,1500,700,1500,Maharashtra,Other
20/02/2016,Onion,23,Satara,FAQ,Karad,1500,700,1500,Maharashtra,Other
27/02/2016,Onion,23,Satara,FAQ,Karad,1400,900,1400,Maharashtra,Other
05/03/2016,Onion,23,Satara,FAQ,Karad,1100,500,1100,Maharashtra,Other
06/03/2016,Onion,23,Satara,FAQ,Karad,1100,500,1100,Maharashtra,Other
08/03/2016,Onion,23,Satara,FAQ,Karad,1000,500,1000,Maharashtra,Other
13/03/2016,Onion,23,Satara,FAQ,Karad,1000,500,1000,Maharashtra,Other
16/03/2016,Onion,23,Satara,FAQ,Karad,1200,700,1200,Maharashtra,Other
17/03/2016,Onion,23,Satara,FAQ,Karad,1200,600,1200,Maharashtra,Other
21/03/2016,Onion,23,Satara,FAQ,Karad,1000,500,1000,Maharashtra,Other
23/03/2016,Onion,23,Satara,FAQ,Karad,1000,500,1000,Maharashtra,Other
25/04/2016,Onion,23,Satara,FAQ,Karad,1000,500,1000,Maharashtra,Other
26/04/2016,Onion,23,Satara,FAQ,Karad,1000,600,1000,Maharashtra,Other
30/04/2016,Onion,23,Satara,FAQ,Karad,900,600,900,Maharashtra,Other
09/05/2016,Onion,23,Satara,FAQ,Karad,1000,700,1000,Maharashtra,Other
10/05/2016,Onion,23,Satara,FAQ,Karad,1000,700,1000,Maharashtra,Other
18/05/2016,Onion,23,Satara,FAQ,Karad,1000,500,1000,Maharashtra,Other
21/05/2016,Onion,23,Satara,FAQ,Karad,1000,500,1000,Maharashtra,Other
25/05/2016,Onion,23,Satara,FAQ,Karad,1000,500,1000,Maharashtra,Other
04/06/2016,Onion,23,Satara,FAQ,Karad,1000,600,1000,Maharashtra,Other
16/06/2016,Onion,23,Satara,FAQ,Karad,1000,500,1000,Maharashtra,Other
26/06/2016,Onion,23,Satara,FAQ,Karad,1000,500,1000,Maharashtra,Other
02/07/2016,Onion,23,Satara,FAQ,Karad,1000,500,1000,Maharashtra,Other
09/07/2016,Onion,23,Satara,FAQ,Karad,1000,800,1000,Maharashtra,Other
18/07/2016,Onion,23,Satara,FAQ,Karad,1000,500,1000,Maharashtra,Other
19/07/2016,Onion,23,Satara,FAQ,Karad,1100,600,1100,Maharashtra,Other
21/07/2016,Onion,23,Satara,FAQ,Karad,1000,800,1000,Maharashtra,Other
25/07/2016,Onion,23,Satara,FAQ,Karad,1200,900,1200,Maharashtra,Other
26/07/2016,Onion,23,Satara,FAQ,Karad,1000,800,1000,Maharashtra,Other
30/07/2016,Onion,23,Satara,FAQ,Karad,1000,700,1000,Maharashtra,Other
06/08/2016,Onion,23,Satara,FAQ,Karad,1000,700,1000,Maharashtra,Other
09/08/2016,Onion,23,Satara,FAQ,Karad,1000,800,1000,Maharashtra,Other
16/08/2016,Onion,23,Satara,FAQ,Karad,1000,800,1000,Maharashtra,Other
21/08/2016,Onion,23,Satara,FAQ,Karad,1000,700,1000,Maharashtra,Other
20/09/2016,Onion,23,Satara,FAQ,Karad,1000,500,1000,Maharashtra,Other
22/09/2016,Onion,23,Satara,FAQ,Karad,1000,500,1000,Maharashtra,Other
12/10/2016,Onion,23,Satara,FAQ,Karad,800,500,800,Maharashtra,Other
24/10/2016,Onion,23,Satara,FAQ,Karad,1000,500,1000,Maharashtra,Other
25/10/2016,Onion,23,Satara,FAQ,Karad,1000,500,1000,Maharashtra,Other
27/10/2016,Onion,23,Satara,FAQ,Karad,1000,500,1000,Maharashtra,Other
30/10/2016,Onion,23,Satara,FAQ,Karad,1000,500,1000,Maharashtra,Other
01/11/2016,Onion,23,Satara,FAQ,Karad,1000,600,1000,Maharashtra,Other
02/11/2016,Onion,23,Satara,FAQ,Karad,1000,500,1000,Maharashtra,Other
03/11/2016,Onion,23,Satara,FAQ,Karad,1000,500,1000,Maharashtra,Other
15/11/2016,Onion,23,Satara,FAQ,Karad,1000,500,1000,Maharashtra,Other
24/11/2016,Onion,23,Satara,FAQ,Karad,1000,700,1000,Maharashtra,Other
26/11/2016,Onion,23,Satara,FAQ,Karad,1000,800,1000,Maharashtra,Other
05/12/2016,Onion,23,Satara,FAQ,Karad,1000,500,1000,Maharashtra,Other
11/12/2016,Onion,23,Satara,FAQ,Karad,1000,600,1000,Maharashtra,Other
20/12/2016,Onion,23,Satara,FAQ,Karad,1000,500,1000,Maharashtra,Other
21/12/2016,Onion,23,Satara,FAQ,Karad,1000,500,1000,Maharashtra,Other
24/12/2016,Onion,23,Satara,FAQ,Karad,1000,500,1000,Maharashtra,Other
31/12/2016,Onion,23,Satara,FAQ,Karad,1000,500,1000,Maharashtra,Other
08/06/2024,Onion,23,Satara,FAQ,Karad,3000,1500,3000,Maharashtra,Other
10/06/2024,Onion,23,Satara,FAQ,Karad,3000,500,3000,Maharashtra,Other
20/06/2024,Onion,23,Satara,FAQ,Karad,3000,500,3000,Maharashtra,Other
25/06/2024,Onion,23,Satara,FAQ,Karad,3000,1000,3000,Maharashtra,Other
07/07/2024,Onion,23,Satara,FAQ,Karad,3000,2000,3000,Maharashtra,Other
20/07/2024,Onion,23,Satara,FAQ,Karad,2000,1000,2000,Maharashtra,Other
22/07/2024,Onion,23,Satara,FAQ,Karad,3000,500,3000,Maharashtra,Other
24/07/2024,Onion,23,Satara,FAQ,Karad,3000,500,3000,Maharashtra,Other
07/01/2024,Onion,23,Satara,FAQ,Karad,2400,1500,2400,Maharashtra,Other
27/01/2024,Onion,23,Satara,FAQ,Karad,1300,800,1300,Maharashtra,Other
03/02/2024,Onion,23,Satara,FAQ,Karad,1600,1200,1600,Maharashtra,Other
18/03/2024,Onion,23,Satara,FAQ,Karad,1800,500,1800,Maharashtra,Other
19/03/2024,Onion,23,Satara,FAQ,Karad,1600,1000,1600,Maharashtra,Other
26/03/2024,Onion,23,Satara,FAQ,Karad,1500,500,1500,Maharashtra,Other
31/03/2024,Onion,23,Satara,FAQ,Karad,1800,500,1800,Maharashtra,Other
23/04/2024,Onion,23,Satara,FAQ,Karad,1500,300,1500,Maharashtra,Other
24/04/2024,Onion,23,Satara,FAQ,Karad,1500,500,1500,Maharashtra,Other
18/01/2021,Onion,23,Satara,FAQ,Karad,2500,2000,2500,Maharashtra,Other
20/01/2021,Onion,23,Satara,FAQ,Karad,3000,2000,3000,Maharashtra,Other
28/01/2021,Onion,23,Satara,FAQ,Karad,3000,2500,3000,Maharashtra,Other
02/02/2021,Onion,23,Satara,FAQ,Karad,3200,2000,3200,Maharashtra,Other
04/02/2021,Onion,23,Satara,FAQ,Karad,3200,2500,3200,Maharashtra,Other
06/02/2021,Onion,23,Satara,FAQ,Karad,3500,3000,3500,Maharashtra,Other
14/02/2021,Onion,23,Satara,FAQ,Karad,3500,2500,3500,Maharashtra,Other
16/02/2021,Onion,23,Satara,FAQ,Karad,3500,3000,3500,Maharashtra,Other
23/02/2021,Onion,23,Satara,FAQ,Karad,4500,3000,4500,Maharashtra,Other
27/02/2021,Onion,23,Satara,FAQ,Karad,3000,2200,3000,Maharashtra,Other
07/03/2021,Onion,23,Satara,FAQ,Karad,3000,2000,3000,Maharashtra,Other
11/03/2021,Onion,23,Satara,FAQ,Karad,1800,1500,1800,Maharashtra,Other
23/03/2021,Onion,23,Satara,FAQ,Karad,2100,1000,2100,Maharashtra,Other
24/03/2021,Onion,23,Satara,FAQ,Karad,2000,1000,2000,Maharashtra,Other
25/03/2021,Onion,23,Satara,FAQ,Karad,1500,1000,1500,Maharashtra,Other
01/04/2021,Onion,23,Satara,FAQ,Karad,1600,1200,1600,Maharashtra,Other
06/04/2021,Onion,23,Satara,FAQ,Karad,1400,1100,1400,Maharashtra,Other
08/04/2021,Onion,23,Satara,FAQ,Karad,1300,1200,1300,Maharashtra,Other
12/04/2021,Onion,23,Satara,FAQ,Karad,1400,1000,1400,Maharashtra,Other
22/04/2021,Onion,23,Satara,FAQ,Karad,1300,500,1300,Maharashtra,Other
25/04/2021,Onion,23,Satara,FAQ,Karad,1200,1000,1200,Maharashtra,Other
27/04/2021,Onion,23,Satara,FAQ,Karad,1300,1000,1300,Maharashtra,Other
05/05/2021,Onion,23,Satara,FAQ,Karad,1200,800,1200,Maharashtra,Other
08/05/2021,Onion,23,Satara,FAQ,Karad,1400,700,1400,Maharashtra,Other
09/05/2021,Onion,23,Satara,FAQ,Karad,1300,500,1300,Maharashtra,Other
15/05/2021,Onion,23,Satara,FAQ,Karad,1400,800,1400,Maharashtra,Other
16/05/2021,Onion,23,Satara,FAQ,Karad,1400,700,1400,Maharashtra,Other
17/05/2021,Onion,23,Satara,FAQ,Karad,1300,500,1300,Maharashtra,Other
18/05/2021,Onion,23,Satara,FAQ,Karad,1400,500,1400,Maharashtra,Other
15/06/2021,Onion,23,Satara,FAQ,Karad,2200,1500,2200,Maharashtra,Other
20/06/2021,Onion,23,Satara,FAQ,Karad,2200,1500,2200,Maharashtra,Other
01/07/2021,Onion,23,Satara,FAQ,Karad,2000,1500,2000,Maharashtra,Other
04/07/2021,Onion,23,Satara,FAQ,Karad,1800,1500,1800,Maharashtra,Other
07/07/2021,Onion,23,Satara,FAQ,Karad,2200,1800,2200,Maharashtra,Other
27/07/2021,Onion,23,Satara,FAQ,Karad,2200,1800,2200,Maharashtra,Other
01/08/2021,Onion,23,Satara,FAQ,Karad,2200,1500,2200,Maharashtra,Other
04/08/2021,Onion,23,Satara,FAQ,Karad,2300,2000,2300,Maharashtra,Other
10/08/2021,Onion,23,Satara,FAQ,Karad,2200,1800,2200,Maharashtra,Other
11/08/2021,Onion,23,Satara,FAQ,Karad,1800,1200,1800,Maharashtra,Other
19/08/2021,Onion,23,Satara,FAQ,Karad,1800,1000,1800,Maharashtra,Other
31/08/2021,Onion,23,Satara,FAQ,Karad,2000,1300,2000,Maharashtra,Other
09/09/2021,Onion,23,Satara,FAQ,Karad,1800,1400,1800,Maharashtra,Other
18/09/2021,Onion,23,Satara,FAQ,Karad,1800,1500,1800,Maharashtra,Other
23/09/2021,Onion,23,Satara,FAQ,Karad,2000,1500,2000,Maharashtra,Other
27/09/2021,Onion,23,Satara,FAQ,Karad,2000,1000,2000,Maharashtra,Other
29/09/2021,Onion,23,Satara,FAQ,Karad,1800,1000,1800,Maharashtra,Other
06/10/2021,Onion,23,Satara,FAQ,Karad,2000,1500,2000,Maharashtra,Other
09/10/2021,Onion,23,Satara,FAQ,Karad,3000,2000,3000,Maharashtra,Other
10/10/2021,Onion,23,Satara,FAQ,Karad,3500,2000,3500,Maharashtra,Other
13/10/2021,Onion,23,Satara,FAQ,Karad,3500,1000,3500,Maharashtra,Other
20/10/2021,Onion,23,Satara,FAQ,Karad,3500,2000,3500,Maharashtra,Other
30/10/2021,Onion,23,Satara,FAQ,Karad,3000,2000,3000,Maharashtra,Other
11/11/2021,Onion,23,Satara,FAQ,Karad,3200,2800,3200,Maharashtra,Other
14/11/2021,Onion,23,Satara,FAQ,Karad,3200,2000,3200,Maharashtra,Other
29/11/2021,Onion,23,Satara,FAQ,Karad,2700,1200,2700,Maharashtra,Other
30/11/2021,Onion,23,Satara,FAQ,Karad,2500,1500,2500,Maharashtra,Other
06/12/2021,Onion,23,Satara,FAQ,Karad,3000,2000,3000,Maharashtra,Other
08/12/2021,Onion,23,Satara,FAQ,Karad,2800,2000,2800,Maharashtra,Other
15/12/2021,Onion,23,Satara,FAQ,Karad,3000,500,3000,Maharashtra,Other
18/12/2021,Onion,23,Satara,FAQ,Karad,3200,2000,3200,Maharashtra,Other
28/12/2021,Onion,23,Satara,FAQ,Karad,3000,1200,3000,Maharashtra,Other
17/01/2011,Onion,23,Satara,FAQ,Karad,5000,1000,3000,Maharashtra,Other
31/01/2011,Onion,23,Satara,FAQ,Karad,2000,1500,1750,Maharashtra,Other
27/03/2011,Onion,23,Satara,FAQ,Karad,500,300,400,Maharashtra,Other
23/04/2011,Onion,23,Satara,FAQ,Karad,500,100,300,Maharashtra,Other
28/04/2011,Onion,23,Satara,FAQ,Karad,500,200,350,Maharashtra,Other
23/05/2011,Onion,23,Satara,FAQ,Karad,700,300,500,Maharashtra,Other
28/05/2011,Onion,23,Satara,FAQ,Karad,700,300,500,Maharashtra,Other
09/06/2011,Onion,23,Satara,FAQ,Karad,750,200,450,Maharashtra,Other
14/06/2011,Onion,23,Satara,FAQ,Karad,1000,300,650,Maharashtra,Other
25/06/2011,Onion,23,Satara,FAQ,Karad,950,300,800,Maharashtra,Other
12/07/2011,Onion,23,Satara,FAQ,Karad,900,500,700,Maharashtra,Other
21/07/2011,Onion,23,Satara,FAQ,Karad,900,600,750,Maharashtra,Other
24/07/2011,Onion,23,Satara,FAQ,Karad,900,600,750,Maharashtra,Other
28/07/2011,Onion,23,Satara,FAQ,Karad,1000,600,800,Maharashtra,Other
10/08/2011,Onion,23,Satara,FAQ,Karad,1000,700,850,Maharashtra,Other
16/08/2011,Onion,23,Satara,FAQ,Karad,800,500,650,Maharashtra,Other
29/08/2011,Onion,23,Satara,FAQ,Karad,1200,600,900,Maharashtra,Other
14/09/2011,Onion,23,Satara,FAQ,Karad,1200,800,1000,Maharashtra,Other
19/09/2011,Onion,23,Satara,FAQ,Karad,1200,800,1000,Maharashtra,Other
21/09/2011,Onion,23,Satara,FAQ,Karad,1200,800,1000,Maharashtra,Other
27/09/2011,Onion,23,Satara,FAQ,Karad,1200,600,900,Maharashtra,Other
10/10/2011,Onion,23,Satara,FAQ,Karad,800,400,600,Maharashtra,Other
13/10/2011,Onion,23,Satara,FAQ,Karad,800,600,700,Maharashtra,Other
14/11/2011,Onion,23,Satara,FAQ,Karad,1300,1000,1150,Maharashtra,Other
22/11/2011,Onion,23,Satara,FAQ,Karad,1200,400,800,Maharashtra,Other
17/12/2011,Onion,23,Satara,FAQ,Karad,700,500,600,Maharashtra,Other
28/12/2011,Onion,23,Satara,FAQ,Karad,800,300,550,Maharashtra,Other
01/01/2014,Onion,23,Satara,FAQ,Karad,1800,1000,1400,Maharashtra,Other
20/01/2014,Onion,23,Satara,FAQ,Karad,1300,800,1000,Maharashtra,Other
21/01/2014,Onion,23,Satara,FAQ,Karad,1400,800,1000,Maharashtra,Other
27/01/2014,Onion,23,Satara,FAQ,Karad,1200,500,850,Maharashtra,Other
20/02/2014,Onion,23,Satara,FAQ,Karad,1000,500,800,Maharashtra,Other
19/03/2014,Onion,23,Satara,FAQ,Karad,1100,700,900,Maharashtra,Other
24/03/2014,Onion,23,Satara,FAQ,Karad,1100,600,850,Maharashtra,Other
13/05/2014,Onion,23,Satara,FAQ,Karad,1200,400,800,Maharashtra,Other
14/05/2014,Onion,23,Satara,FAQ,Karad,1200,600,900,Maharashtra,Other
10/06/2014,Onion,23,Satara,FAQ,Karad,1700,1000,1350,Maharashtra,Other
09/08/2014,Onion,23,Satara,FAQ,Karad,2100,1200,1650,Maharashtra,Other
27/09/2014,Onion,23,Satara,FAQ,Karad,2300,1500,1900,Maharashtra,Other
30/09/2014,Onion,23,Satara,FAQ,Karad,2000,1000,1500,Maharashtra,Other
08/10/2014,Onion,23,Satara,FAQ,Karad,1700,1200,1450,Maharashtra,Other
01/11/2014,Onion,23,Satara,FAQ,Karad,2100,1500,1800,Maharashtra,Other
02/12/2014,Onion,23,Satara,FAQ,Karad,2300,1000,1650,Maharashtra,Other
07/01/2013,Onion,23,Satara,FAQ,Karad,1600,1000,1300,Maharashtra,Other
02/02/2013,Onion,23,Satara,FAQ,Karad,2400,1600,2000,Maharashtra,Other
12/02/2013,Onion,23,Satara,FAQ,Karad,1500,1000,1250,Maharashtra,Other
18/02/2013,Onion,23,Satara,FAQ,Karad,1500,1000,1250,Maharashtra,Other
23/02/2013,Onion,23,Satara,FAQ,Karad,1500,1000,1250,Maharashtra,Other
05/03/2013,Onion,23,Satara,FAQ,Karad,1400,1000,1200,Maharashtra,Other
16/03/2013,Onion,23,Satara,FAQ,Karad,1400,800,1100,Maharashtra,Other
24/04/2013,Onion,23,Satara,FAQ,Karad,1300,1000,1150,Maharashtra,Other
06/05/2013,Onion,23,Satara,FAQ,Karad,1200,900,1050,Maharashtra,Other
08/06/2013,Onion,23,Satara,FAQ,Karad,1400,700,1050,Maharashtra,Other
22/06/2013,Onion,23,Satara,FAQ,Karad,1700,700,1250,Maharashtra,Other
03/07/2013,Onion,23,Satara,FAQ,Karad,2000,1500,1750,Maharashtra,Other
24/08/2013,Onion,23,Satara,FAQ,Karad,4000,3000,3500,Maharashtra,Other
27/08/2013,Onion,23,Satara,FAQ,Karad,1600,1000,1300,Maharashtra,Other
07/09/2013,Onion,23,Satara,FAQ,Karad,4500,4000,4250,Maharashtra,Other
26/09/2013,Onion,23,Satara,FAQ,Karad,3000,2000,2500,Maharashtra,Other
03/10/2013,Onion,23,Satara,FAQ,Karad,2500,2000,2250,Maharashtra,Other
09/10/2013,Onion,23,Satara,FAQ,Karad,3200,1500,2350,Maharashtra,Other
26/10/2013,Onion,23,Satara,FAQ,Karad,4500,2500,3500,Maharashtra,Other
09/11/2013,Onion,23,Satara,FAQ,Karad,5000,3000,4000,Maharashtra,Other
14/12/2013,Onion,23,Satara,FAQ,Karad,2600,2000,2300,Maharashtra,Other
28/12/2013,Onion,23,Satara,FAQ,Karad,1400,1000,1200,Maharashtra,Other
24/01/2012,Onion,23,Satara,FAQ,Karad,600,400,500,Maharashtra,Other
25/01/2012,Onion,23,Satara,FAQ,Karad,700,300,500,Maharashtra,Other
29/01/2012,Onion,23,Satara,FAQ,Karad,500,300,400,Maharashtra,Other
27/02/2012,Onion,23,Satara,FAQ,Karad,1000,500,750,Maharashtra,Other
13/03/2012,Onion,23,Satara,FAQ,Karad,500,300,350,Maharashtra,Other
14/03/2012,Onion,23,Satara,FAQ,Karad,500,300,400,Maharashtra,Other
17/03/2012,Onion,23,Satara,FAQ,Karad,700,400,500,Maharashtra,Other
20/03/2012,Onion,23,Satara,FAQ,Karad,700,300,500,Maharashtra,Other
31/03/2012,Onion,23,Satara,FAQ,Karad,700,500,600,Maharashtra,Other
03/04/2012,Onion,23,Satara,FAQ,Karad,700,300,500,Maharashtra,Other
30/04/2012,Onion,23,Satara,FAQ,Karad,600,200,400,Maharashtra,Other
06/05/2012,Onion,23,Satara,FAQ,Karad,700,100,400,Maharashtra,Other
15/05/2012,Onion,23,Satara,FAQ,Karad,700,400,550,Maharashtra,Other
22/05/2012,Onion,23,Satara,FAQ,Karad,700,500,600,Maharashtra,Other
26/05/2012,Onion,23,Satara,FAQ,Karad,600,400,550,Maharashtra,Other
11/06/2012,Onion,23,Satara,FAQ,Karad,600,300,450,Maharashtra,Other
13/06/2012,Onion,23,Satara,FAQ,Karad,700,400,550,Maharashtra,Other
17/06/2012,Onion,23,Satara,FAQ,Karad,700,400,500,Maharashtra,Other
19/06/2012,Onion,23,Satara,FAQ,Karad,700,500,600,Maharashtra,Other
24/06/2012,Onion,23,Satara,FAQ,Karad,700,500,600,Maharashtra,Other
03/07/2012,Onion,23,Satara,FAQ,Karad,700,400,550,Maharashtra,Other
16/07/2012,Onion,23,Satara,FAQ,Karad,700,500,600,Maharashtra,Other
25/07/2012,Onion,23,Satara,FAQ,Karad,800,500,650,Maharashtra,Other
28/07/2012,Onion,23,Satara,FAQ,Karad,800,500,650,Maharashtra,Other
29/07/2012,Onion,23,Satara,FAQ,Karad,800,500,650,Maharashtra,Other
30/07/2012,Onion,23,Satara,FAQ,Karad,800,500,650,Maharashtra,Other
06/08/2012,Onion,23,Satara,FAQ,Karad,900,600,700,Maharashtra,Other
13/08/2012,Onion,23,Satara,FAQ,Karad,900,700,800,Maharashtra,Other
01/10/2012,Onion,23,Satara,FAQ,Karad,800,500,650,Maharashtra,Other
09/10/2012,Onion,23,Satara,FAQ,Karad,800,400,600,Maharashtra,Other
10/11/2012,Onion,23,Satara,FAQ,Karad,1500,1200,1350,Maharashtra,Other
01/12/2012,Onion,23,Satara,FAQ,Karad,1500,700,1100,Maharashtra,Other
08/12/2012,Onion,23,Satara,FAQ,Karad,1500,1200,1350,Maharashtra,Other
12/12/2012,Onion,23,Satara,FAQ,Karad,1600,800,1200,Maharashtra,Other
15/12/2012,Onion,23,Satara,FAQ,Karad,1700,1300,1500,Maharashtra,Other
19/12/2012,Onion,23,Satara,FAQ,Karad,1800,1400,1600,Maharashtra,Other
10/01/2005,Onion,23,Satara,FAQ,Karad,400,100,300,Maharashtra,Other
24/01/2005,Onion,23,Satara,FAQ,Karad,500,200,400,Maharashtra,Other
29/01/2005,Onion,23,Satara,FAQ,Karad,500,200,450,Maharashtra,Other
05/02/2005,Onion,23,Satara,FAQ,Karad,450,300,400,Maharashtra,Other
06/02/2005,Onion,23,Satara,FAQ,Karad,400,200,400,Maharashtra,Other
26/02/2005,Onion,23,Satara,FAQ,Karad,400,200,300,Maharashtra,Other
03/03/2005,Onion,23,Satara,FAQ,Karad,350,200,300,Maharashtra,Other
05/03/2005,Onion,23,Satara,FAQ,Karad,350,200,300,Maharashtra,Other
20/03/2005,Onion,23,Satara,FAQ,Karad,300,200,252,Maharashtra,Other
29/03/2005,Onion,23,Satara,FAQ,Karad,350,200,300,Maharashtra,Other
10/04/2005,Onion,23,Satara,FAQ,Karad,300,200,250,Maharashtra,Other
12/04/2005,Onion,23,Satara,FAQ,Karad,300,200,250,Maharashtra,Other
20/04/2005,Onion,23,Satara,FAQ,Karad,300,200,250,Maharashtra,Other
09/05/2005,Onion,23,Satara,FAQ,Karad,400,200,300,Maharashtra,Other
16/05/2005,Onion,23,Satara,FAQ,Karad,350,200,300,Maharashtra,Other
18/05/2005,Onion,23,Satara,FAQ,Karad,350,200,300,Maharashtra,Other
31/05/2005,Onion,23,Satara,FAQ,Karad,350,300,300,Maharashtra,Other
05/06/2005,Onion,23,Satara,FAQ,Karad,300,200,250,Maharashtra,Other
06/06/2005,Onion,23,Satara,FAQ,Karad,300,200,250,Maharashtra,Other
07/06/2005,Onion,23,Satara,FAQ,Karad,400,300,300,Maharashtra,Other
08/06/2005,Onion,23,Satara,FAQ,Karad,400,200,300,Maharashtra,Other
13/06/2005,Onion,23,Satara,FAQ,Karad,400,200,300,Maharashtra,Other
15/06/2005,Onion,23,Satara,FAQ,Karad,400,300,350,Maharashtra,Other
23/06/2005,Onion,23,Satara,FAQ,Karad,400,200,300,Maharashtra,Other
27/06/2005,Onion,23,Satara,FAQ,Karad,400,300,350,Maharashtra,Other
06/07/2005,Onion,23,Satara,FAQ,Karad,600,300,450,Maharashtra,Other
12/07/2005,Onion,23,Satara,FAQ,Karad,500,300,400,Maharashtra,Other
14/07/2005,Onion,23,Satara,FAQ,Karad,500,300,350,Maharashtra,Other
08/08/2005,Onion,23,Satara,FAQ,Karad,500,300,400,Maharashtra,Other
09/08/2005,Onion,23,Satara,FAQ,Karad,500,300,400,Maharashtra,Other
13/08/2005,Onion,23,Satara,FAQ,Karad,700,500,650,Maharashtra,Other
20/08/2005,Onion,23,Satara,FAQ,Karad,800,300,700,Maharashtra,Other
27/08/2005,Onion,23,Satara,FAQ,Karad,800,400,650,Maharashtra,Other
08/09/2005,Onion,23,Satara,FAQ,Karad,1200,800,1000,Maharashtra,Other
28/09/2005,Onion,23,Satara,FAQ,Karad,1200,700,1000,Maharashtra,Other
04/10/2005,Onion,23,Satara,FAQ,Karad,1200,500,850,Maharashtra,Other
08/10/2005,Onion,23,Satara,FAQ,Karad,1200,900,1100,Maharashtra,Other
10/10/2005,Onion,23,Satara,FAQ,Karad,1100,300,800,Maharashtra,Other
11/10/2005,Onion,23,Satara,FAQ,Karad,1000,700,850,Maharashtra,Other
15/10/2005,Onion,23,Satara,FAQ,Karad,1200,600,1000,Maharashtra,Other
18/10/2005,Onion,23,Satara,FAQ,Karad,1200,1100,1100,Maharashtra,Other
20/10/2005,Onion,23,Satara,FAQ,Karad,1800,1200,1600,Maharashtra,Other
27/10/2005,Onion,23,Satara,FAQ,Karad,1800,1700,1750,Maharashtra,Other
10/11/2005,Onion,23,Satara,FAQ,Karad,1500,700,1200,Maharashtra,Other
16/11/2005,Onion,23,Satara,FAQ,Karad,1200,500,1000,Maharashtra,Other
19/11/2005,Onion,23,Satara,FAQ,Karad,1200,700,1050,Maharashtra,Other
28/11/2005,Onion,23,Satara,FAQ,Karad,1000,700,850,Maharashtra,Other
29/11/2005,Onion,23,Satara,FAQ,Karad,1000,800,900,Maharashtra,Other
13/12/2005,Onion,23,Satara,FAQ,Karad,1000,700,900,Maharashtra,Other
17/12/2005,Onion,23,Satara,FAQ,Karad,900,400,700,Maharashtra,Other
26/12/2005,Onion,23,Satara,FAQ,Karad,500,200,400,Maharashtra,Other
03/01/2006,Onion,23,Satara,FAQ,Karad,600,300,400,Maharashtra,Other
08/02/2006,Onion,23,Satara,FAQ,Karad,400,200,300,Maharashtra,Other
16/02/2006,Onion,23,Satara,FAQ,Karad,350,200,250,Maharashtra,Other
01/04/2006,Onion,23,Satara,FAQ,Karad,300,200,250,Maharashtra,Other
05/04/2006,Onion,23,Satara,FAQ,Karad,300,200,250,Maharashtra,Other
22/05/2006,Onion,23,Satara,FAQ,Karad,300,200,250,Maharashtra,Other
21/06/2006,Onion,23,Satara,FAQ,Karad,400,250,300,Maharashtra,Other
27/07/2006,Onion,23,Satara,FAQ,Karad,400,250,350,Maharashtra,Other
02/08/2006,Onion,23,Satara,FAQ,Karad,350,200,300,Maharashtra,Other
05/08/2006,Onion,23,Satara,FAQ,Karad,350,250,300,Maharashtra,Other
12/08/2006,Onion,23,Satara,FAQ,Karad,400,200,350,Maharashtra,Other
21/08/2006,Onion,23,Satara,FAQ,Karad,400,250,300,Maharashtra,Other
23/08/2006,Onion,23,Satara,FAQ,Karad,400,300,360,Maharashtra,Other
11/09/2006,Onion,23,Satara,FAQ,Karad,450,200,350,Maharashtra,Other
30/10/2006,Onion,23,Satara,FAQ,Karad,650,200,450,Maharashtra,Other
15/11/2006,Onion,23,Satara,FAQ,Karad,700,500,600,Maharashtra,Other
11/12/2006,Onion,23,Satara,FAQ,Karad,500,300,450,Maharashtra,Other
19/12/2006,Onion,23,Satara,FAQ,Karad,900,500,800,Maharashtra,Other
20/12/2006,Onion,23,Satara,FAQ,Karad,700,200,600,Maharashtra,Other
04/01/2023,Onion,23,Satara,FAQ,Karad,2000,1000,2000,Maharashtra,Other
21/01/2023,Onion,23,Satara,FAQ,Karad,2500,500,2500,Maharashtra,Other
01/02/2023,Onion,23,Satara,FAQ,Karad,1500,500,1500,Maharashtra,Other
07/02/2023,Onion,23,Satara,FAQ,Karad,1500,500,1500,Maharashtra,Other
13/02/2023,Onion,23,Satara,FAQ,Karad,1300,500,1300,Maharashtra,Other
01/03/2023,Onion,23,Satara,FAQ,Karad,1100,200,1100,Maharashtra,Other
07/03/2023,Onion,23,Satara,FAQ,Karad,1300,500,1300,Maharashtra,Other
14/03/2023,Onion,23,Satara,FAQ,Karad,1000,500,1000,Maharashtra,Other
18/03/2023,Onion,23,Satara,FAQ,Karad,1500,500,1500,Maharashtra,Other
19/03/2023,Onion,23,Satara,FAQ,Karad,1500,1000,1500,Maharashtra,Other
20/03/2023,Onion,23,Satara,FAQ,Karad,1300,500,1300,Maharashtra,Other
25/03/2023,Onion,23,Satara,FAQ,Karad,1300,1000,1300,Maharashtra,Other
30/03/2023,Onion,23,Satara,FAQ,Karad,1500,1000,1500,Maharashtra,Other
02/04/2023,Onion,23,Satara,FAQ,Karad,1500,500,1500,Maharashtra,Other
04/04/2023,Onion,23,Satara,FAQ,Karad,1200,700,1200,Maharashtra,Other
15/04/2023,Onion,23,Satara,FAQ,Karad,1300,1000,1300,Maharashtra,Other
29/04/2023,Onion,23,Satara,FAQ,Karad,1000,500,1000,Maharashtra,Other
30/04/2023,Onion,23,Satara,FAQ,Karad,1000,800,1000,Maharashtra,Other
04/05/2023,Onion,23,Satara,FAQ,Karad,1000,800,1000,Maharashtra,Other
15/05/2023,Onion,23,Satara,FAQ,Karad,1200,500,1200,Maharashtra,Other
21/05/2023,Onion,23,Satara,FAQ,Karad,1000,200,1000,Maharashtra,Other
24/05/2023,Onion,23,Satara,FAQ,Karad,1000,200,1000,Maharashtra,Other
27/05/2023,Onion,23,Satara,FAQ,Karad,1000,200,1000,Maharashtra,Other
28/05/2023,Onion,23,Satara,FAQ,Karad,1000,200,1000,Maharashtra,Other
31/05/2023,Onion,23,Satara,FAQ,Karad,1000,500,1000,Maharashtra,Other
05/06/2023,Onion,23,Satara,FAQ,Karad,1300,500,1300,Maharashtra,Other
20/06/2023,Onion,23,Satara,FAQ,Karad,1400,800,1400,Maharashtra,Other
04/07/2023,Onion,23,Satara,FAQ,Karad,1700,500,1700,Maharashtra,Other
20/07/2023,Onion,23,Satara,FAQ,Karad,1600,500,1600,Maharashtra,Other
22/07/2023,Onion,23,Satara,FAQ,Karad,1600,1000,1600,Maharashtra,Other
24/07/2023,Onion,23,Satara,FAQ,Karad,1700,500,1700,Maharashtra,Other
26/07/2023,Onion,23,Satara,FAQ,Karad,1600,1000,1600,Maharashtra,Other
01/08/2023,Onion,23,Satara,FAQ,Karad,1500,1200,1500,Maharashtra,Other
06/08/2023,Onion,23,Satara,FAQ,Karad,2000,1200,2000,Maharashtra,Other
20/08/2023,Onion,23,Satara,FAQ,Karad,2500,1500,2500,Maharashtra,Other
23/08/2023,Onion,23,Satara,FAQ,Karad,2300,1500,2300,Maharashtra,Other
24/08/2023,Onion,23,Satara,FAQ,Karad,2600,1500,2600,Maharashtra,Other
26/08/2023,Onion,23,Satara,FAQ,Karad,2500,1000,2500,Maharashtra,Other
03/09/2023,Onion,23,Satara,FAQ,Karad,2200,1000,2200,Maharashtra,Other
17/09/2023,Onion,23,Satara,FAQ,Karad,2200,1500,2200,Maharashtra,Other
18/09/2023,Onion,23,Satara,FAQ,Karad,2500,1500,2500,Maharashtra,Other
24/09/2023,Onion,23,Satara,FAQ,Karad,2300,1500,2300,Maharashtra,Other
05/10/2023,Onion,23,Satara,FAQ,Karad,2500,2000,2500,Maharashtra,Other
02/11/2023,Onion,23,Satara,FAQ,Karad,5000,2000,5000,Maharashtra,Other
04/12/2023,Onion,23,Satara,FAQ,Karad,5000,2000,5000,Maharashtra,Other
05/12/2023,Onion,23,Satara,FAQ,Karad,4500,2000,4500,Maharashtra,Other
28/12/2023,Onion,23,Satara,FAQ,Karad,3000,2500,3000,Maharashtra,Other
12/08/2024,Onion,23,Satara,FAQ,Karad,3300,1500,3300,Maharashtra,Other
22/08/2024,Onion,23,Satara,FAQ,Karad,4000,3000,4000,Maharashtra,Other
25/08/2024,Onion,23,Satara,FAQ,Karad,3400,3000,3400,Maharashtra,Other
26/08/2024,Onion,23,Satara,FAQ,Karad,3500,3000,3500,Maharashtra,Other
28/08/2024,Onion,23,Satara,FAQ,Karad,4200,2000,4200,Maharashtra,Other
31/08/2024,Onion,23,Satara,FAQ,Karad,4000,3000,4000,Maharashtra,Other
17/10/2024,Onion,23,Satara,FAQ,Karad,4500,2000,4500,Maharashtra,Other
13/10/2024,Onion,23,Satara,FAQ,Karad,3500,2000,3500,Maharashtra,Other
10/10/2024,Onion,23,Satara,FAQ,Karad,4500,3000,4500,Maharashtra,Other
09/11/2024,Onion,23,Satara,FAQ,Karad,6500,3000,6500,Maharashtra,Other
10/11/2024,Onion,23,Satara,FAQ,Karad,7000,3000,7000,Maharashtra,Other
08/05/2024,Onion,23,Satara,FAQ,Karad,2000,500,2000,Maharashtra,Other
09/05/2024,Onion,23,Satara,FAQ,Karad,2200,1500,2200,Maharashtra,Other
15/05/2024,Onion,23,Satara,FAQ,Karad,2000,200,2000,Maharashtra,Other
10/09/2024,Onion,23,Satara,FAQ,Karad,4000,3000,4000,Maharashtra,Other
26/09/2024,Onion,23,Satara,FAQ,Karad,5000,3000,5000,Maharashtra,Other
01/09/2024,Onion,23,Satara,FAQ,Karad,4000,3000,4000,Maharashtra,Other
14/09/2024,Onion,23,Satara,FAQ,Karad,4500,2000,4500,Maharashtra,Other
28/09/2024,Onion,23,Satara,FAQ,Karad,5000,3000,5000,Maharashtra,Other
30/09/2024,Onion,23,Satara,FAQ,Karad,4000,2000,4000,Maharashtra,Other
02/02/2025,Onion,23,Satara,Local,Karad,2500,500,2500,Maharashtra,Other
18/02/2025,Onion,23,Satara,Local,Karad,3500,500,3500,Maharashtra,Other
25/02/2025,Onion,23,Satara,Local,Karad,1600,1000,1600,Maharashtra,Other
27/02/2025,Onion,23,Satara,Local,Karad,2500,500,2500,Maharashtra,Other
01/04/2025,Onion,23,Satara,Local,Karad,2000,1500,2000,Maharashtra,Other
02/04/2025,Onion,23,Satara,Local,Karad,1800,1000,1800,Maharashtra,Other
14/04/2025,Onion,23,Satara,Local,Karad,1400,800,1400,Maharashtra,Other
24/04/2025,Onion,23,Satara,Local,Karad,1300,500,1300,Maharashtra,Other
26/04/2025,Onion,23,Satara,Local,Karad,1400,500,1400,Maharashtra,Other
01/05/2025,Onion,23,Satara,Local,Karad,1300,500,1300,Maharashtra,Other
06/05/2025,Onion,23,Satara,Local,Karad,1400,500,1400,Maharashtra,Other
18/05/2025,Onion,23,Satara,Local,Karad,1500,1000,1500,Maharashtra,Other
19/05/2025,Onion,23,Satara,Local,Karad,1300,500,1300,Maharashtra,Other
29/05/2025,Onion,23,Satara,Local,Karad,2000,500,2000,Maharashtra,Other
31/05/2025,Onion,23,Satara,Local,Karad,1800,500,1800,Maharashtra,Other
05/03/2025,Onion,23,Satara,Local,Karad,1800,1000,1800,Maharashtra,Other
06/03/2025,Onion,23,Satara,Local,Karad,2300,1500,2300,Maharashtra,Other
15/03/2025,Onion,23,Satara,Local,Karad,1800,500,1800,Maharashtra,Other
20/03/2025,Onion,23,Satara,Local,Karad,1500,1000,1500,Maharashtra,Other
24/03/2025,Onion,23,Satara,Local,Karad,1800,1000,1800,Maharashtra,Other
02/01/2025,Onion,23,Satara,FAQ,Karad,2800,2500,2800,Maharashtra,Other
04/01/2025,Onion,23,Satara,FAQ,Karad,3500,2000,3500,Maharashtra,Other
12/01/2025,Onion,23,Satara,FAQ,Karad,3000,2000,3000,Maharashtra,Other
14/01/2025,Onion,23,Satara,FAQ,Karad,2800,2000,2800,Maharashtra,Other
20/01/2025,Onion,23,Satara,FAQ,Karad,2500,2000,2500,Maharashtra,Other
23/01/2025,Onion,23,Satara,FAQ,Karad,2500,2000,2500,Maharashtra,Other
01/01/2019,Onion,23,Satara,FAQ,Karad,1000,500,1000,Maharashtra,Other
06/01/2019,Onion,23,Satara,FAQ,Karad,1000,500,1000,Maharashtra,Other
07/01/2019,Onion,23,Satara,FAQ,Karad,1000,500,1000,Maharashtra,Other
08/01/2019,Onion,23,Satara,FAQ,Karad,900,500,900,Maharashtra,Other
12/01/2019,Onion,23,Satara,FAQ,Karad,1000,500,1000,Maharashtra,Other
21/01/2019,Onion,23,Satara,FAQ,Karad,800,500,800,Maharashtra,Other
02/02/2019,Onion,23,Satara,FAQ,Karad,900,400,900,Maharashtra,Other
05/02/2019,Onion,23,Satara,FAQ,Karad,900,500,900,Maharashtra,Other
07/02/2019,Onion,23,Satara,FAQ,Karad,1000,600,1000,Maharashtra,Other
09/02/2019,Onion,23,Satara,FAQ,Karad,900,500,900,Maharashtra,Other
14/02/2019,Onion,23,Satara,FAQ,Karad,1000,500,1000,Maharashtra,Other
19/02/2019,Onion,23,Satara,FAQ,Karad,900,500,900,Maharashtra,Other
24/02/2019,Onion,23,Satara,FAQ,Karad,900,500,900,Maharashtra,Other
25/02/2019,Onion,23,Satara,FAQ,Karad,800,500,800,Maharashtra,Other
26/02/2019,Onion,23,Satara,FAQ,Karad,1000,500,1000,Maharashtra,Other
04/03/2019,Onion,23,Satara,FAQ,Karad,800,400,800,Maharashtra,Other
09/03/2019,Onion,23,Satara,FAQ,Karad,1200,800,1200,Maharashtra,Other
11/03/2019,Onion,23,Satara,FAQ,Karad,1200,800,1200,Maharashtra,Other
16/03/2019,Onion,23,Satara,FAQ,Karad,700,400,700,Maharashtra,Other
24/03/2019,Onion,23,Satara,FAQ,Karad,800,500,600,Maharashtra,Other
25/03/2019,Onion,23,Satara,FAQ,Karad,800,500,600,Maharashtra,Other
27/03/2019,Onion,23,Satara,FAQ,Karad,900,500,600,Maharashtra,Other
01/04/2019,Onion,23,Satara,FAQ,Karad,800,500,600,Maharashtra,Other
02/04/2019,Onion,23,Satara,FAQ,Karad,800,500,800,Maharashtra,Other
18/04/2019,Onion,23,Satara,FAQ,Karad,800,500,650,Maharashtra,Other
01/05/2019,Onion,23,Satara,FAQ,Karad,900,500,800,Maharashtra,Other
04/05/2019,Onion,23,Satara,FAQ,Karad,1000,500,800,Maharashtra,Other
05/05/2019,Onion,23,Satara,FAQ,Karad,1100,500,1100,Maharashtra,Other
12/05/2019,Onion,23,Satara,FAQ,Karad,1100,500,900,Maharashtra,Other
25/05/2019,Onion,23,Satara,FAQ,Karad,1200,800,900,Maharashtra,Other
27/05/2019,Onion,23,Satara,FAQ,Karad,1200,700,1200,Maharashtra,Other
28/05/2019,Onion,23,Satara,FAQ,Karad,1200,700,1200,Maharashtra,Other
01/06/2019,Onion,23,Satara,FAQ,Karad,1300,800,1100,Maharashtra,Other
11/06/2019,Onion,23,Satara,FAQ,Karad,1500,800,1200,Maharashtra,Other
02/07/2019,Onion,23,Satara,FAQ,Karad,1400,1000,1200,Maharashtra,Other
04/07/2019,Onion,23,Satara,FAQ,Karad,1600,1000,1200,Maharashtra,Other
08/07/2019,Onion,23,Satara,FAQ,Karad,1600,1000,1200,Maharashtra,Other
09/07/2019,Onion,23,Satara,FAQ,Karad,1600,1000,1200,Maharashtra,Other
14/07/2019,Onion,23,Satara,FAQ,Karad,1600,800,1600,Maharashtra,Other
28/07/2019,Onion,23,Satara,FAQ,Karad,1500,1000,1500,Maharashtra,Other
31/07/2019,Onion,23,Satara,FAQ,Karad,1600,1200,1600,Maharashtra,Other
01/08/2019,Onion,23,Satara,FAQ,Karad,1600,1000,1600,Maharashtra,Other
07/09/2019,Onion,23,Satara,FAQ,Karad,2800,2000,2800,Maharashtra,Other
12/09/2019,Onion,23,Satara,FAQ,Karad,3000,2000,3000,Maharashtra,Other
23/09/2019,Onion,23,Satara,FAQ,Karad,4500,3500,4500,Maharashtra,Other
30/09/2019,Onion,23,Satara,FAQ,Karad,3800,2000,3800,Maharashtra,Other
07/10/2019,Onion,23,Satara,FAQ,Karad,3500,3000,3500,Maharashtra,Other
09/10/2019,Onion,23,Satara,FAQ,Karad,3500,2500,3500,Maharashtra,Other
15/10/2019,Onion,23,Satara,FAQ,Karad,3700,3000,3700,Maharashtra,Other
23/10/2019,Onion,23,Satara,FAQ,Karad,3500,2500,3500,Maharashtra,Other
03/11/2019,Onion,23,Satara,FAQ,Karad,5000,4500,5000,Maharashtra,Other
10/11/2019,Onion,23,Satara,FAQ,Karad,5500,4000,5500,Maharashtra,Other
20/11/2019,Onion,23,Satara,FAQ,Karad,6500,5000,6500,Maharashtra,Other
28/11/2019,Onion,23,Satara,FAQ,Karad,7500,6000,7500,Maharashtra,Other
01/12/2019,Onion,23,Satara,FAQ,Karad,8500,5000,8500,Maharashtra,Other
08/12/2019,Onion,23,Satara,FAQ,Karad,8500,5000,8500,Maharashtra,Other
25/12/2019,Onion,23,Satara,FAQ,Karad,8500,5000,8500,Maharashtra,Other
26/12/2019,Onion,23,Satara,FAQ,Karad,8000,5000,8000,Maharashtra,Other
28/12/2019,Onion,23,Satara,FAQ,Karad,7500,4000,7500,Maharashtra,Other
30/12/2019,Onion,23,Satara,FAQ,Karad,7500,5000,7500,Maharashtra,Other
20/12/2022,Onion,23,Satara,FAQ,Karad,2000,500,2000,Maharashtra,Other
24/12/2022,Onion,23,Satara,FAQ,Karad,2000,500,2000,Maharashtra,Other
03/01/2022,Onion,23,Satara,FAQ,Karad,2300,1000,2300,Maharashtra,Other
08/01/2022,Onion,23,Satara,FAQ,Karad,2500,500,2500,Maharashtra,Other
10/01/2022,Onion,23,Satara,FAQ,Karad,3000,1000,3000,Maharashtra,Other
11/01/2022,Onion,23,Satara,FAQ,Karad,2800,500,2800,Maharashtra,Other
12/01/2022,Onion,23,Satara,FAQ,Karad,2800,500,2800,Maharashtra,Other
30/01/2022,Onion,23,Satara,FAQ,Karad,2500,1000,2500,Maharashtra,Other
02/02/2022,Onion,23,Satara,FAQ,Karad,2500,1500,2500,Maharashtra,Other
03/02/2022,Onion,23,Satara,FAQ,Karad,2000,1000,2000,Maharashtra,Other
06/02/2022,Onion,23,Satara,FAQ,Karad,2500,200,2500,Maharashtra,Other
14/02/2022,Onion,23,Satara,FAQ,Karad,2000,500,2000,Maharashtra,Other
22/02/2022,Onion,23,Satara,FAQ,Karad,2000,500,2000,Maharashtra,Other
03/03/2022,Onion,23,Satara,FAQ,Karad,2500,1500,2500,Maharashtra,Other
07/03/2022,Onion,23,Satara,FAQ,Karad,2000,500,2000,Maharashtra,Other
08/03/2022,Onion,23,Satara,FAQ,Karad,1500,200,1500,Maharashtra,Other
13/03/2022,Onion,23,Satara,FAQ,Karad,1500,1000,1500,Maharashtra,Other
10/04/2022,Onion,23,Satara,FAQ,Karad,1300,500,1300,Maharashtra,Other
11/04/2022,Onion,23,Satara,FAQ,Karad,1200,1000,1200,Maharashtra,Other
14/04/2022,Onion,23,Satara,FAQ,Karad,1000,200,1000,Maharashtra,Other
19/04/2022,Onion,23,Satara,FAQ,Karad,1300,1000,1300,Maharashtra,Other
25/04/2022,Onion,23,Satara,FAQ,Karad,1200,200,1200,Maharashtra,Other
27/04/2022,Onion,23,Satara,FAQ,Karad,1300,800,1300,Maharashtra,Other
02/05/2022,Onion,23,Satara,FAQ,Karad,1300,500,1300,Maharashtra,Other
09/05/2022,Onion,23,Satara,FAQ,Karad,1300,500,1300,Maharashtra,Other
11/05/2022,Onion,23,Satara,FAQ,Karad,1500,400,1500,Maharashtra,Other
19/05/2022,Onion,23,Satara,FAQ,Karad,1300,500,1300,Maharashtra,Other
22/05/2022,Onion,23,Satara,FAQ,Karad,1200,800,1200,Maharashtra,Other
30/05/2022,Onion,23,Satara,FAQ,Karad,1300,200,1300,Maharashtra,Other
07/06/2022,Onion,23,Satara,FAQ,Karad,1300,200,1300,Maharashtra,Other
21/06/2022,Onion,23,Satara,FAQ,Karad,1500,200,1500,Maharashtra,Other
25/06/2022,Onion,23,Satara,FAQ,Karad,1400,500,1400,Maharashtra,Other
28/06/2022,Onion,23,Satara,FAQ,Karad,1800,500,1800,Maharashtra,Other
24/07/2022,Onion,23,Satara,FAQ,Karad,1300,900,1300,Maharashtra,Other
27/07/2022,Onion,23,Satara,FAQ,Karad,1300,500,1300,Maharashtra,Other
28/07/2022,Onion,23,Satara,FAQ,Karad,1700,500,1700,Maharashtra,Other
18/08/2022,Onion,23,Satara,FAQ,Karad,1600,500,1600,Maharashtra,Other
23/08/2022,Onion,23,Satara,FAQ,Karad,1400,200,1400,Maharashtra,Other
29/08/2022,Onion,23,Satara,FAQ,Karad,1400,500,1400,Maharashtra,Other
30/08/2022,Onion,23,Satara,FAQ,Karad,1400,200,1400,Maharashtra,Other
26/09/2022,Onion,23,Satara,FAQ,Karad,1400,200,1400,Maharashtra,Other
04/10/2022,Onion,23,Satara,FAQ,Karad,1500,200,1500,Maharashtra,Other
09/10/2022,Onion,23,Satara,FAQ,Karad,1700,500,1700,Maharashtra,Other
10/10/2022,Onion,23,Satara,FAQ,Karad,1800,300,1800,Maharashtra,Other
01/11/2022,Onion,23,Satara,FAQ,Karad,2000,500,2000,Maharashtra,Other
05/11/2022,Onion,23,Satara,FAQ,Karad,2500,500,2500,Maharashtra,Other
10/11/2022,Onion,23,Satara,FAQ,Karad,2500,1000,2500,Maharashtra,Other
10/12/2022,Onion,23,Satara,FAQ,Karad,1700,500,1700,Maharashtra,Other
15/12/2022,Onion,23,Satara,FAQ,Karad,1600,500,1600,Maharashtra,Other
03/07/2025,Onion,23,Satara,Local,Karad,1600,500,1600,Maharashtra,Other
05/07/2025,Onion,23,Satara,Local,Karad,1400,500,1400,Maharashtra,Other
08/07/2025,Onion,23,Satara,Local,Karad,1800,500,1800,Maharashtra,Other
21/07/2025,Onion,23,Satara,Local,Karad,1600,1000,1600,Maharashtra,Other
23/07/2025,Onion,23,Satara,Local,Karad,1700,800,1700,Maharashtra,Other
17/08/2025,Onion,23,Satara,Local,Karad,1300,500,1300,Maharashtra,Other
18/08/2025,Onion,23,Satara,Local,Karad,1300,500,1300,Maharashtra,Other
20/08/2025,Onion,23,Satara,Local,Karad,1600,400,1600,Maharashtra,Other
23/06/2025,Onion,23,Satara,Local,Karad,1700,500,1700,Maharashtra,Other
14/06/2025,Onion,23,Satara,Local,Karad,1800,1000,1800,Maharashtra,Other
18/06/2025,Onion,23,Satara,Local,Karad,1800,500,1800,Maharashtra,Other
21/06/2025,Onion,23,Satara,Local,Karad,1700,500,1700,Maharashtra,Other
03/11/2025,Onion,23,Satara,Local,Karad,1700,1000,1700,Maharashtra,Other
04/10/2025,Onion,23,Satara,Local,Karad,1600,500,1600,Maharashtra,Other
07/10/2025,Onion,23,Satara,Local,Karad,1300,500,1300,Maharashtra,Other
13/10/2025,Onion,23,Satara,Local,Karad,1600,500,1600,Maharashtra,Other
16/10/2025,Onion,23,Satara,Local,Karad,1500,500,1500,Maharashtra,Other
28/10/2025,Onion,23,Satara,Local,Karad,1300,500,1300,Maharashtra,Other
01/01/2023,Onion,23,Satara,FAQ,Karad,1800,500,1800,Maharashtra,Other
11/01/2023,Onion,23,Satara,FAQ,Karad,1800,500,1800,Maharashtra,Other
16/01/2023,Onion,23,Satara,FAQ,Karad,1500,500,1500,Maharashtra,Other
29/01/2023,Onion,23,Satara,FAQ,Karad,2000,1000,2000,Maharashtra,Other
30/01/2023,Onion,23,Satara,FAQ,Karad,2700,800,2700,Maharashtra,Other
31/01/2023,Onion,23,Satara,FAQ,Karad,1400,500,1400,Maharashtra,Other
04/02/2023,Onion,23,Satara,FAQ,Karad,1500,500,1500,Maharashtra,Other
19/02/2023,Onion,23,Satara,FAQ,Karad,1300,800,1300,Maharashtra,Other
26/02/2023,Onion,23,Satara,FAQ,Karad,1600,1000,1600,Maharashtra,Other
16/03/2023,Onion,23,Satara,FAQ,Karad,1500,700,1500,Maharashtra,Other
05/04/2023,Onion,23,Satara,FAQ,Karad,1400,500,1400,Maharashtra,Other
19/04/2023,Onion,23,Satara,FAQ,Karad,1300,1000,1300,Maharashtra,Other
23/04/2023,Onion,23,Satara,FAQ,Karad,1200,300,1200,Maharashtra,Other
24/04/2023,Onion,23,Satara,FAQ,Karad,1200,500,1200,Maharashtra,Other
25/04/2023,Onion,23,Satara,FAQ,Karad,1100,500,1100,Maharashtra,Other
01/05/2023,Onion,23,Satara,FAQ,Karad,1000,500,1000,Maharashtra,Other
09/05/2023,Onion,23,Satara,FAQ,Karad,1000,700,1000,Maharashtra,Other
03/06/2023,Onion,23,Satara,FAQ,Karad,1400,300,1400,Maharashtra,Other
12/06/2023,Onion,23,Satara,FAQ,Karad,1500,500,1500,Maharashtra,Other
13/06/2023,Onion,23,Satara,FAQ,Karad,1200,800,1200,Maharashtra,Other
21/06/2023,Onion,23,Satara,FAQ,Karad,1400,1000,1400,Maharashtra,Other
26/06/2023,Onion,23,Satara,FAQ,Karad,1400,500,1400,Maharashtra,Other
29/06/2023,Onion,23,Satara,FAQ,Karad,1500,500,1500,Maharashtra,Other
01/07/2023,Onion,23,Satara,FAQ,Karad,1700,500,1700,Maharashtra,Other
12/07/2023,Onion,23,Satara,FAQ,Karad,1500,500,1500,Maharashtra,Other
25/07/2023,Onion,23,Satara,FAQ,Karad,1700,1000,1700,Maharashtra,Other
09/08/2023,Onion,23,Satara,FAQ,Karad,2000,800,2000,Maharashtra,Other
21/08/2023,Onion,23,Satara,FAQ,Karad,2500,2000,2500,Maharashtra,Other
22/08/2023,Onion,23,Satara,FAQ,Karad,2000,1500,2000,Maharashtra,Other
28/08/2023,Onion,23,Satara,FAQ,Karad,2200,1800,2200,Maharashtra,Other
30/08/2023,Onion,23,Satara,FAQ,Karad,2200,2000,2200,Maharashtra,Other
31/08/2023,Onion,23,Satara,FAQ,Karad,2100,500,2100,Maharashtra,Other
02/09/2023,Onion,23,Satara,FAQ,Karad,2400,1500,2400,Maharashtra,Other
04/09/2023,Onion,23,Satara,FAQ,Karad,2500,1000,2500,Maharashtra,Other
26/09/2023,Onion,23,Satara,FAQ,Karad,2300,1000,2300,Maharashtra,Other
04/10/2023,Onion,23,Satara,FAQ,Karad,2200,1500,2200,Maharashtra,Other
18/10/2023,Onion,23,Satara,FAQ,Karad,2200,800,2200,Maharashtra,Other
21/10/2023,Onion,23,Satara,FAQ,Karad,2200,1500,2200,Maharashtra,Other
23/10/2023,Onion,23,Satara,FAQ,Karad,3500,2500,3500,Maharashtra,Other
26/10/2023,Onion,23,Satara,FAQ,Karad,4500,3500,4500,Maharashtra,Other
11/11/2023,Onion,23,Satara,FAQ,Karad,5500,5000,5500,Maharashtra,Other
15/11/2023,Onion,23,Satara,FAQ,Karad,4500,4000,4500,Maharashtra,Other
18/11/2023,Onion,23,Satara,FAQ,Karad,4500,3500,4500,Maharashtra,Other
20/11/2023,Onion,23,Satara,FAQ,Karad,4500,3500,4500,Maharashtra,Other
21/11/2023,Onion,23,Satara,FAQ,Karad,4000,2000,4000,Maharashtra,Other
23/11/2023,Onion,23,Satara,FAQ,Karad,3800,2000,3800,Maharashtra,Other
03/12/2023,Onion,23,Satara,FAQ,Karad,4000,3000,4000,Maharashtra,Other
09/12/2023,Onion,23,Satara,FAQ,Karad,4500,3500,4500,Maharashtra,Other
10/12/2023,Onion,23,Satara,FAQ,Karad,2500,2000,2500,Maharashtra,Other
09/03/2025,Onion,23,Satara,Local,Karad,2200,500,2200,Maharashtra,Other
08/03/2025,Onion,23,Satara,Local,Karad,2000,1000,2000,Maharashtra,Other
10/03/2025,Onion,23,Satara,Local,Karad,2000,500,2000,Maharashtra,Other
11/06/2025,Onion,23,Satara,Local,Karad,1800,500,1800,Maharashtra,Other
17/06/2025,Onion,23,Satara,Local,Karad,1700,500,1700,Maharashtra,Other
22/06/2025,Onion,23,Satara,Local,Karad,1800,500,1800,Maharashtra,Other
04/06/2025,Onion,23,Satara,Local,Karad,1400,600,1400,Maharashtra,Other
01/07/2025,Onion,23,Satara,Local,Karad,1600,1000,1600,Maharashtra,Other
07/01/2025,Onion,23,Satara,FAQ,Karad,3000,2000,3000,Maharashtra,Other
08/01/2025,Onion,23,Satara,FAQ,Karad,3000,1000,3000,Maharashtra,Other
11/01/2025,Onion,23,Satara,FAQ,Karad,2800,2000,2800,Maharashtra,Other
15/01/2025,Onion,23,Satara,FAQ,Karad,3000,1000,3000,Maharashtra,Other
21/01/2025,Onion,23,Satara,FAQ,Karad,2500,2000,2500,Maharashtra,Other
27/01/2025,Onion,23,Satara,Local,Karad,3000,1000,3000,Maharashtra,Other
09/09/2024,Onion,23,Satara,FAQ,Karad,4500,2000,4500,Maharashtra,Other
22/09/2024,Onion,23,Satara,FAQ,Karad,4800,2800,4800,Maharashtra,Other
22/02/2025,Onion,23,Satara,Local,Karad,3000,2000,3000,Maharashtra,Other
24/02/2025,Onion,23,Satara,Local,Karad,2500,1500,2500,Maharashtra,Other
28/10/2024,Onion,23,Satara,FAQ,Karad,5000,2500,5000,Maharashtra,Other
26/10/2024,Onion,23,Satara,FAQ,Karad,3500,2500,3500,Maharashtra,Other
05/10/2024,Onion,23,Satara,FAQ,Karad,4000,3500,4000,Maharashtra,Other
15/10/2024,Onion,23,Satara,FAQ,Karad,4000,3000,4000,Maharashtra,Other
21/10/2024,Onion,23,Satara,FAQ,Karad,3500,2500,3500,Maharashtra,Other
04/08/2025,Onion,23,Satara,Local,Karad,1800,1500,1800,Maharashtra,Other
07/08/2025,Onion,23,Satara,Local,Karad,1600,1000,1600,Maharashtra,Other
13/08/2025,Onion,23,Satara,Local,Karad,1600,1000,1600,Maharashtra,Other
21/08/2025,Onion,23,Satara,Local,Karad,1400,500,1400,Maharashtra,Other
25/08/2025,Onion,23,Satara,Local,Karad,1600,500,1600,Maharashtra,Other
31/08/2025,Onion,23,Satara,Local,Karad,1600,500,1600,Maharashtra,Other
01/09/2025,Onion,23,Satara,Local,Karad,1600,500,1600,Maharashtra,Other
02/09/2025,Onion,23,Satara,Local,Karad,1600,700,1600,Maharashtra,Other
03/09/2025,Onion,23,Satara,Local,Karad,1500,500,1500,Maharashtra,Other
09/09/2025,Onion,23,Satara,Local,Karad,1300,500,1300,Maharashtra,Other
11/09/2025,Onion,23,Satara,Local,Karad,1500,500,1500,Maharashtra,Other
16/09/2025,Onion,23,Satara,Local,Karad,1500,1000,1500,Maharashtra,Other
03/01/2007,Onion,23,Satara,FAQ,Karad,800,600,750,Maharashtra,Other
13/01/2007,Onion,23,Satara,FAQ,Karad,1000,600,800,Maharashtra,Other
15/01/2007,Onion,23,Satara,FAQ,Karad,1000,500,900,Maharashtra,Other
16/01/2007,Onion,23,Satara,FAQ,Karad,1000,700,950,Maharashtra,Other
08/02/2007,Onion,23,Satara,FAQ,Karad,1100,700,1000,Maharashtra,Other
15/02/2007,Onion,23,Satara,FAQ,Karad,1000,700,800,Maharashtra,Other
17/04/2007,Onion,23,Satara,FAQ,Karad,450,300,400,Maharashtra,Other
25/04/2007,Onion,23,Satara,FAQ,Karad,600,400,500,Maharashtra,Other
26/04/2007,Onion,23,Satara,FAQ,Karad,600,500,550,Maharashtra,Other
28/06/2007,Onion,23,Satara,FAQ,Karad,1100,700,1000,Maharashtra,Other
30/06/2007,Onion,23,Satara,FAQ,Karad,1100,700,1000,Maharashtra,Other
04/08/2007,Onion,23,Satara,FAQ,Karad,1000,500,900,Maharashtra,Other
28/08/2007,Onion,23,Satara,FAQ,Karad,1550,1000,1250,Maharashtra,Other
24/09/2007,Onion,23,Satara,FAQ,Karad,1800,1500,1600,Maharashtra,Other
27/09/2007,Onion,23,Satara,FAQ,Karad,1700,1500,1600,Maharashtra,Other
23/10/2007,Onion,23,Satara,FAQ,Karad,2000,1500,1800,Maharashtra,Other
15/12/2007,Onion,23,Satara,FAQ,Karad,800,500,600,Maharashtra,Other
17/12/2007,Onion,23,Satara,FAQ,Karad,750,400,600,Maharashtra,Other
26/12/2007,Onion,23,Satara,FAQ,Karad,650,400,550,Maharashtra,Other
02/01/2021,Onion,23,Satara,FAQ,Karad,4000,2000,4000,Maharashtra,Other
16/01/2021,Onion,23,Satara,FAQ,Karad,3500,2500,3500,Maharashtra,Other
03/02/2021,Onion,23,Satara,FAQ,Karad,3500,3000,3500,Maharashtra,Other
09/02/2021,Onion,23,Satara,FAQ,Karad,3500,2500,3500,Maharashtra,Other
10/02/2021,Onion,23,Satara,FAQ,Karad,3500,2500,3500,Maharashtra,Other
15/02/2021,Onion,23,Satara,FAQ,Karad,4500,4000,4500,Maharashtra,Other
20/02/2021,Onion,23,Satara,FAQ,Karad,4500,3000,4500,Maharashtra,Other
25/02/2021,Onion,23,Satara,FAQ,Karad,5000,4000,5000,Maharashtra,Other
02/03/2021,Onion,23,Satara,FAQ,Karad,2500,2000,2500,Maharashtra,Other
08/03/2021,Onion,23,Satara,FAQ,Karad,3000,2000,3000,Maharashtra,Other
15/03/2021,Onion,23,Satara,FAQ,Karad,2200,1200,2200,Maharashtra,Other
22/03/2021,Onion,23,Satara,FAQ,Karad,2200,1000,2200,Maharashtra,Other
29/03/2021,Onion,23,Satara,FAQ,Karad,1200,800,1200,Maharashtra,Other
04/04/2021,Onion,23,Satara,FAQ,Karad,1500,1000,1500,Maharashtra,Other
17/04/2021,Onion,23,Satara,FAQ,Karad,1400,700,1400,Maharashtra,Other
18/04/2021,Onion,23,Satara,FAQ,Karad,1300,500,1300,Maharashtra,Other
20/04/2021,Onion,23,Satara,FAQ,Karad,1400,500,1400,Maharashtra,Other
26/04/2021,Onion,23,Satara,FAQ,Karad,1300,1000,1300,Maharashtra,Other
29/04/2021,Onion,23,Satara,FAQ,Karad,1200,800,1200,Maharashtra,Other
04/05/2021,Onion,23,Satara,FAQ,Karad,1200,1000,1200,Maharashtra,Other
10/05/2021,Onion,23,Satara,FAQ,Karad,1400,800,1400,Maharashtra,Other
13/05/2021,Onion,23,Satara,FAQ,Karad,1200,800,1200,Maharashtra,Other
02/06/2021,Onion,23,Satara,FAQ,Karad,1800,1300,1800,Maharashtra,Other
03/06/2021,Onion,23,Satara,FAQ,Karad,1500,1200,1500,Maharashtra,Other
08/06/2021,Onion,23,Satara,FAQ,Karad,2200,1400,2200,Maharashtra,Other
23/06/2021,Onion,23,Satara,FAQ,Karad,2200,1500,2200,Maharashtra,Other
28/06/2021,Onion,23,Satara,FAQ,Karad,2000,1500,2000,Maharashtra,Other
29/06/2021,Onion,23,Satara,FAQ,Karad,2200,1500,2200,Maharashtra,Other
03/07/2021,Onion,23,Satara,FAQ,Karad,2000,1300,2000,Maharashtra,Other
05/07/2021,Onion,23,Satara,FAQ,Karad,1800,1500,1800,Maharashtra,Other
08/07/2021,Onion,23,Satara,FAQ,Karad,1800,1300,1800,Maharashtra,Other
10/07/2021,Onion,23,Satara,FAQ,Karad,2100,1500,2100,Maharashtra,Other
12/07/2021,Onion,23,Satara,FAQ,Karad,2100,1500,2100,Maharashtra,Other
14/07/2021,Onion,23,Satara,FAQ,Karad,2200,1500,2200,Maharashtra,Other
15/07/2021,Onion,23,Satara,FAQ,Karad,2000,1300,2000,Maharashtra,Other
23/07/2021,Onion,23,Satara,FAQ,Karad,2200,1500,2200,Maharashtra,Other
09/08/2021,Onion,23,Satara,FAQ,Karad,2000,1800,2000,Maharashtra,Other
14/08/2021,Onion,23,Satara,FAQ,Karad,1800,600,1800,Maharashtra,Other
16/08/2021,Onion,23,Satara,FAQ,Karad,2200,1800,2200,Maharashtra,Other
22/08/2021,Onion,23,Satara,FAQ,Karad,2100,1000,2100,Maharashtra,Other
29/08/2021,Onion,23,Satara,FAQ,Karad,2000,1500,2000,Maharashtra,Other
05/09/2021,Onion,23,Satara,FAQ,Karad,2200,1800,2200,Maharashtra,Other
21/09/2021,Onion,23,Satara,FAQ,Karad,2000,1300,2000,Maharashtra,Other
28/09/2021,Onion,23,Satara,FAQ,Karad,1500,1000,1500,Maharashtra,Other
05/10/2021,Onion,23,Satara,FAQ,Karad,2800,2000,2800,Maharashtra,Other
12/10/2021,Onion,23,Satara,FAQ,Karad,3500,2000,3500,Maharashtra,Other
18/10/2021,Onion,23,Satara,FAQ,Karad,3200,3000,3200,Maharashtra,Other
21/10/2021,Onion,23,Satara,FAQ,Karad,3500,2000,3500,Maharashtra,Other
23/10/2021,Onion,23,Satara,FAQ,Karad,3000,1800,3000,Maharashtra,Other
01/11/2021,Onion,23,Satara,FAQ,Karad,2500,1000,2500,Maharashtra,Other
18/11/2021,Onion,23,Satara,FAQ,Karad,2300,1800,2300,Maharashtra,Other
20/11/2021,Onion,23,Satara,FAQ,Karad,2500,1000,2500,Maharashtra,Other
22/11/2021,Onion,23,Satara,FAQ,Karad,2300,1800,2300,Maharashtra,Other
27/11/2021,Onion,23,Satara,FAQ,Karad,3000,2000,3000,Maharashtra,Other
05/12/2021,Onion,23,Satara,FAQ,Karad,3500,1500,3500,Maharashtra,Other
29/12/2021,Onion,23,Satara,FAQ,Karad,3000,1000,3000,Maharashtra,Other
30/12/2021,Onion,23,Satara,FAQ,Karad,2800,1000,2800,Maharashtra,Other
05/01/2017,Onion,23,Satara,FAQ,Karad,1000,700,1000,Maharashtra,Other
16/01/2017,Onion,23,Satara,FAQ,Karad,1000,500,1000,Maharashtra,Other
25/01/2017,Onion,23,Satara,FAQ,Karad,1000,600,1000,Maharashtra,Other
29/01/2017,Onion,23,Satara,FAQ,Karad,1000,600,1000,Maharashtra,Other
08/02/2017,Onion,23,Satara,FAQ,Karad,1000,500,1000,Maharashtra,Other
12/02/2017,Onion,23,Satara,FAQ,Karad,1000,600,1000,Maharashtra,Other
07/03/2017,Onion,23,Satara,FAQ,Karad,1000,600,1000,Maharashtra,Other
14/03/2017,Onion,23,Satara,FAQ,Karad,1000,500,1000,Maharashtra,Other
29/03/2017,Onion,23,Satara,FAQ,Karad,1000,600,1000,Maharashtra,Other
01/04/2017,Onion,23,Satara,FAQ,Karad,900,500,900,Maharashtra,Other
03/04/2017,Onion,23,Satara,FAQ,Karad,900,500,900,Maharashtra,Other
05/04/2017,Onion,23,Satara,FAQ,Karad,800,400,800,Maharashtra,Other
08/04/2017,Onion,23,Satara,FAQ,Karad,800,500,800,Maharashtra,Other
09/04/2017,Onion,23,Satara,FAQ,Karad,800,500,800,Maharashtra,Other
10/04/2017,Onion,23,Satara,FAQ,Karad,800,500,800,Maharashtra,Other
11/04/2017,Onion,23,Satara,FAQ,Karad,800,500,800,Maharashtra,Other
13/04/2017,Onion,23,Satara,FAQ,Karad,800,600,800,Maharashtra,Other
17/04/2017,Onion,23,Satara,FAQ,Karad,1000,500,1000,Maharashtra,Other
18/04/2017,Onion,23,Satara,FAQ,Karad,1000,600,1000,Maharashtra,Other
29/04/2017,Onion,23,Satara,FAQ,Karad,800,400,800,Maharashtra,Other
30/04/2017,Onion,23,Satara,FAQ,Karad,800,400,800,Maharashtra,Other
01/05/2017,Onion,23,Satara,FAQ,Karad,800,400,800,Maharashtra,Other
02/05/2017,Onion,23,Satara,FAQ,Karad,800,400,800,Maharashtra,Other
06/05/2017,Onion,23,Satara,FAQ,Karad,800,400,800,Maharashtra,Other
11/05/2017,Onion,23,Satara,FAQ,Karad,700,500,700,Maharashtra,Other
28/05/2017,Onion,23,Satara,FAQ,Karad,800,500,800,Maharashtra,Other
10/06/2017,Onion,23,Satara,FAQ,Karad,1000,600,1000,Maharashtra,Other
18/06/2017,Onion,23,Satara,FAQ,Karad,1000,500,1000,Maharashtra,Other
25/06/2017,Onion,23,Satara,FAQ,Karad,1000,500,1000,Maharashtra,Other
03/07/2017,Onion,23,Satara,FAQ,Karad,1000,600,1000,Maharashtra,Other
06/07/2017,Onion,23,Satara,FAQ,Karad,1000,500,1000,Maharashtra,Other
13/07/2017,Onion,23,Satara,FAQ,Karad,1000,500,1000,Maharashtra,Other
27/07/2017,Onion,23,Satara,FAQ,Karad,1000,500,1000,Maharashtra,Other
30/07/2017,Onion,23,Satara,FAQ,Karad,1000,600,1000,Maharashtra,Other
31/07/2017,Onion,23,Satara,FAQ,Karad,1500,1000,1500,Maharashtra,Other
08/08/2017,Onion,23,Satara,FAQ,Karad,2500,1500,2500,Maharashtra,Other
16/08/2017,Onion,23,Satara,FAQ,Karad,2500,1500,2500,Maharashtra,Other
17/08/2017,Onion,23,Satara,FAQ,Karad,2500,2000,2500,Maharashtra,Other
19/08/2017,Onion,23,Satara,FAQ,Karad,2200,1500,2200,Maharashtra,Other
21/08/2017,Onion,23,Satara,FAQ,Karad,2700,1500,2700,Maharashtra,Other
30/08/2017,Onion,23,Satara,FAQ,Karad,2000,1300,2000,Maharashtra,Other
31/08/2017,Onion,23,Satara,FAQ,Karad,1800,1000,1800,Maharashtra,Other
06/09/2017,Onion,23,Satara,FAQ,Karad,2200,1500,2200,Maharashtra,Other
09/09/2017,Onion,23,Satara,FAQ,Karad,2200,1500,2200,Maharashtra,Other
11/09/2017,Onion,23,Satara,FAQ,Karad,2400,1300,2400,Maharashtra,Other
14/09/2017,Onion,23,Satara,FAQ,Karad,2000,1500,2000,Maharashtra,Other
16/09/2017,Onion,23,Satara,FAQ,Karad,1700,1000,1700,Maharashtra,Other
25/09/2017,Onion,23,Satara,FAQ,Karad,1200,1000,1200,Maharashtra,Other
07/10/2017,Onion,23,Satara,FAQ,Karad,1500,1000,1500,Maharashtra,Other
12/10/2017,Onion,23,Satara,FAQ,Karad,1500,1000,1500,Maharashtra,Other
25/10/2017,Onion,23,Satara,FAQ,Karad,4000,3000,4000,Maharashtra,Other
12/11/2017,Onion,23,Satara,FAQ,Karad,3500,1700,3500,Maharashtra,Other
15/11/2017,Onion,23,Satara,FAQ,Karad,3200,1700,3200,Maharashtra,Other
21/11/2017,Onion,23,Satara,FAQ,Karad,4500,2000,4500,Maharashtra,Other
26/11/2017,Onion,23,Satara,FAQ,Karad,4000,3000,4000,Maharashtra,Other
27/11/2017,Onion,23,Satara,FAQ,Karad,4000,3500,4000,Maharashtra,Other
30/11/2017,Onion,23,Satara,FAQ,Karad,3500,2500,3500,Maharashtra,Other
02/12/2017,Onion,23,Satara,FAQ,Karad,4000,2500,4000,Maharashtra,Other
17/12/2017,Onion,23,Satara,FAQ,Karad,4000,2500,4000,Maharashtra,Other
25/12/2017,Onion,23,Satara,FAQ,Karad,3500,2000,3500,Maharashtra,Other
30/01/2024,Onion,23,Satara,FAQ,Karad,1500,500,1500,Maharashtra,Other
06/02/2024,Onion,23,Satara,FAQ,Karad,1400,1000,1400,Maharashtra,Other
12/02/2024,Onion,23,Satara,FAQ,Karad,1300,800,1300,Maharashtra,Other
17/02/2024,Onion,23,Satara,FAQ,Karad,1400,500,1400,Maharashtra,Other
04/03/2024,Onion,23,Satara,FAQ,Karad,2000,1000,2000,Maharashtra,Other
05/03/2024,Onion,23,Satara,FAQ,Karad,2000,500,2000,Maharashtra,Other
27/03/2024,Onion,23,Satara,FAQ,Karad,1500,1000,1500,Maharashtra,Other
01/04/2024,Onion,23,Satara,FAQ,Karad,1300,500,1300,Maharashtra,Other
07/04/2024,Onion,23,Satara,FAQ,Karad,1700,1000,1700,Maharashtra,Other
13/04/2024,Onion,23,Satara,FAQ,Karad,1600,1000,1600,Maharashtra,Other
27/04/2024,Onion,23,Satara,FAQ,Karad,1500,800,1500,Maharashtra,Other
29/04/2024,Onion,23,Satara,FAQ,Karad,1200,1000,1200,Maharashtra,Other
30/04/2024,Onion,23,Satara,FAQ,Karad,1400,600,1400,Maharashtra,Other
03/06/2024,Onion,23,Satara,FAQ,Karad,2500,500,2500,Maharashtra,Other
04/06/2024,Onion,23,Satara,FAQ,Karad,2000,1000,2000,Maharashtra,Other
12/06/2024,Onion,23,Satara,FAQ,Karad,3500,1000,3500,Maharashtra,Other
30/06/2024,Onion,23,Satara,FAQ,Karad,3000,1500,3000,Maharashtra,Other
02/05/2024,Onion,23,Satara,FAQ,Karad,1400,500,1400,Maharashtra,Other
11/05/2024,Onion,23,Satara,FAQ,Karad,1800,500,1800,Maharashtra,Other
27/05/2024,Onion,23,Satara,FAQ,Karad,2200,1800,2200,Maharashtra,Other
04/01/2022,Onion,23,Satara,FAQ,Karad,2800,500,2800,Maharashtra,Other
16/01/2022,Onion,23,Satara,FAQ,Karad,3000,1000,3000,Maharashtra,Other
24/01/2022,Onion,23,Satara,FAQ,Karad,3000,500,3000,Maharashtra,Other
09/02/2022,Onion,23,Satara,FAQ,Karad,2500,500,2500,Maharashtra,Other
12/02/2022,Onion,23,Satara,FAQ,Karad,2000,500,2000,Maharashtra,Other
23/02/2022,Onion,23,Satara,FAQ,Karad,3000,2000,3000,Maharashtra,Other
26/02/2022,Onion,23,Satara,FAQ,Karad,2500,500,2500,Maharashtra,Other
27/02/2022,Onion,23,Satara,FAQ,Karad,2000,1500,2000,Maharashtra,Other
09/03/2022,Onion,23,Satara,FAQ,Karad,1700,1000,1700,Maharashtra,Other
17/03/2022,Onion,23,Satara,FAQ,Karad,2000,500,2000,Maharashtra,Other
19/03/2022,Onion,23,Satara,FAQ,Karad,2000,1500,2000,Maharashtra,Other
21/03/2022,Onion,23,Satara,FAQ,Karad,1500,1000,1500,Maharashtra,Other
24/03/2022,Onion,23,Satara,FAQ,Karad,1300,500,1300,Maharashtra,Other
12/04/2022,Onion,23,Satara,FAQ,Karad,1200,500,1200,Maharashtra,Other
21/04/2022,Onion,23,Satara,FAQ,Karad,1300,1000,1300,Maharashtra,Other
26/04/2022,Onion,23,Satara,FAQ,Karad,1200,800,1200,Maharashtra,Other
30/04/2022,Onion,23,Satara,FAQ,Karad,1300,500,1300,Maharashtra,Other
08/05/2022,Onion,23,Satara,FAQ,Karad,1200,200,1200,Maharashtra,Other
17/05/2022,Onion,23,Satara,FAQ,Karad,1400,500,1400,Maharashtra,Other
25/05/2022,Onion,23,Satara,FAQ,Karad,1300,800,1300,Maharashtra,Other
28/05/2022,Onion,23,Satara,FAQ,Karad,1300,200,1300,Maharashtra,Other
13/06/2022,Onion,23,Satara,FAQ,Karad,1600,200,1600,Maharashtra,Other
19/06/2022,Onion,23,Satara,FAQ,Karad,1400,500,1400,Maharashtra,Other
23/06/2022,Onion,23,Satara,FAQ,Karad,1500,500,1500,Maharashtra,Other
29/06/2022,Onion,23,Satara,FAQ,Karad,1800,1000,1800,Maharashtra,Other
05/07/2022,Onion,23,Satara,FAQ,Karad,1600,200,1600,Maharashtra,Other
06/07/2022,Onion,23,Satara,FAQ,Karad,1600,200,1600,Maharashtra,Other
07/07/2022,Onion,23,Satara,FAQ,Karad,1500,500,1500,Maharashtra,Other
21/07/2022,Onion,23,Satara,FAQ,Karad,1500,300,1500,Maharashtra,Other
25/07/2022,Onion,23,Satara,FAQ,Karad,1700,500,1700,Maharashtra,Other
08/08/2022,Onion,23,Satara,FAQ,Karad,1400,500,1400,Maharashtra,Other
20/08/2022,Onion,23,Satara,FAQ,Karad,1500,500,1500,Maharashtra,Other
24/08/2022,Onion,23,Satara,FAQ,Karad,1700,1000,1700,Maharashtra,Other
10/09/2022,Onion,23,Satara,FAQ,Karad,1700,500,1700,Maharashtra,Other
15/09/2022,Onion,23,Satara,FAQ,Karad,1500,200,1500,Maharashtra,Other
25/09/2022,Onion,23,Satara,FAQ,Karad,1400,500,1400,Maharashtra,Other
28/09/2022,Onion,23,Satara,FAQ,Karad,1800,200,1800,Maharashtra,Other
17/10/2022,Onion,23,Satara,FAQ,Karad,2000,200,2000,Maharashtra,Other
22/10/2022,Onion,23,Satara,FAQ,Karad,2000,200,2000,Maharashtra,Other
25/10/2022,Onion,23,Satara,FAQ,Karad,2000,1000,2000,Maharashtra,Other
31/10/2022,Onion,23,Satara,FAQ,Karad,3000,1000,3000,Maharashtra,Other
02/11/2022,Onion,23,Satara,FAQ,Karad,2800,1000,2800,Maharashtra,Other
15/11/2022,Onion,23,Satara,FAQ,Karad,3000,1000,3000,Maharashtra,Other
17/11/2022,Onion,23,Satara,FAQ,Karad,2500,1000,2500,Maharashtra,Other
23/11/2022,Onion,23,Satara,FAQ,Karad,2200,1000,2200,Maharashtra,Other
28/11/2022,Onion,23,Satara,FAQ,Karad,1700,1000,1700,Maharashtra,Other
14/12/2022,Onion,23,Satara,FAQ,Karad,1600,500,1600,Maharashtra,Other
19/12/2022,Onion,23,Satara,FAQ,Karad,1600,500,1600,Maharashtra,Other
25/12/2022,Onion,23,Satara,FAQ,Karad,1600,500,1600,Maharashtra,Other
26/12/2022,Onion,23,Satara,FAQ,Karad,2000,500,2000,Maharashtra,Other
29/12/2022,Onion,23,Satara,FAQ,Karad,2000,1000,2000,Maharashtra,Other
21/01/2015,Onion,23,Satara,FAQ,Karad,1700,700,1200,Maharashtra,Other
31/01/2015,Onion,23,Satara,FAQ,Karad,2300,1400,1850,Maharashtra,Other
02/02/2015,Onion,23,Satara,FAQ,Karad,1800,1000,1400,Maharashtra,Other
09/02/2015,Onion,23,Satara,FAQ,Karad,1800,1000,1400,Maharashtra,Other
13/06/2015,Onion,23,Satara,FAQ,Karad,1800,1000,1400,Maharashtra,Other
16/06/2015,Onion,23,Satara,FAQ,Karad,1800,1000,1800,Maharashtra,Other
20/06/2015,Onion,23,Satara,FAQ,Karad,1500,1000,1500,Maharashtra,Other
13/07/2015,Onion,23,Satara,FAQ,Karad,2400,1800,2400,Maharashtra,Other
03/08/2015,Onion,23,Satara,FAQ,Karad,4500,3000,4500,Maharashtra,Other
08/08/2015,Onion,23,Satara,FAQ,Karad,4000,3500,4000,Maharashtra,Other
09/09/2015,Onion,23,Satara,FAQ,Karad,5000,3000,5000,Maharashtra,Other
14/09/2015,Onion,23,Satara,FAQ,Karad,3000,2500,3000,Maharashtra,Other
06/10/2015,Onion,23,Satara,FAQ,Karad,2000,1500,2000,Maharashtra,Other
10/10/2015,Onion,23,Satara,FAQ,Karad,2200,1500,2200,Maharashtra,Other
11/10/2015,Onion,23,Satara,FAQ,Karad,2100,1500,2100,Maharashtra,Other
13/10/2015,Onion,23,Satara,FAQ,Karad,2200,1300,2200,Maharashtra,Other
20/10/2015,Onion,23,Satara,FAQ,Karad,2400,1000,2400,Maharashtra,Other
27/10/2015,Onion,23,Satara,FAQ,Karad,2700,1000,2700,Maharashtra,Other
05/12/2015,Onion,23,Satara,FAQ,Karad,2000,1500,2000,Maharashtra,Other
06/12/2015,Onion,23,Satara,FAQ,Karad,2000,1500,2000,Maharashtra,Other
13/12/2015,Onion,23,Satara,FAQ,Karad,2200,1500,2200,Maharashtra,Other
20/12/2015,Onion,23,Satara,FAQ,Karad,2200,1500,2200,Maharashtra,Other
27/12/2015,Onion,23,Satara,FAQ,Karad,2000,1500,2000,Maharashtra,Other
22/12/2004,Onion,23,Satara,FAQ,Karad,400,200,300,Maharashtra,Other
04/10/2004,Onion,23,Satara,FAQ,Karad,400,200,300,Maharashtra,Red
06/10/2004,Onion,23,Satara,FAQ,Karad,400,200,350,Maharashtra,Red
18/10/2004,Onion,23,Satara,FAQ,Karad,500,300,400,Maharashtra,Red
20/10/2004,Onion,23,Satara,FAQ,Karad,500,300,400,Maharashtra,Red
20/11/2004,Onion,23,Satara,FAQ,Karad,450,200,300,Maharashtra,Red
23/11/2004,Onion,23,Satara,FAQ,Karad,450,350,400,Maharashtra,Red
24/11/2004,Onion,23,Satara,FAQ,Karad,500,200,400,Maharashtra,Red
04/12/2004,Onion,23,Satara,FAQ,Karad,500,350,400,Maharashtra,Red
07/12/2004,Onion,23,Satara,FAQ,Karad,400,200,350,Maharashtra,Red
09/01/2012,Onion,23,Satara,FAQ,Karad,900,400,650,Maharashtra,Other
16/01/2012,Onion,23,Satara,FAQ,Karad,700,300,500,Maharashtra,Other
21/01/2012,Onion,23,Satara,FAQ,Karad,600,300,450,Maharashtra,Other
05/02/2012,Onion,23,Satara,FAQ,Karad,500,300,400,Maharashtra,Other
19/02/2012,Onion,23,Satara,FAQ,Karad,600,200,400,Maharashtra,Other
01/03/2012,Onion,23,Satara,FAQ,Karad,600,300,450,Maharashtra,Other
21/03/2012,Onion,23,Satara,FAQ,Karad,700,400,550,Maharashtra,Other
11/04/2012,Onion,23,Satara,FAQ,Karad,700,200,450,Maharashtra,Other
29/04/2012,Onion,23,Satara,FAQ,Karad,700,300,500,Maharashtra,Other
28/05/2012,Onion,23,Satara,FAQ,Karad,600,400,500,Maharashtra,Other
02/06/2012,Onion,23,Satara,FAQ,Karad,600,400,500,Maharashtra,Other
18/06/2012,Onion,23,Satara,FAQ,Karad,800,500,650,Maharashtra,Other
18/07/2012,Onion,23,Satara,FAQ,Karad,700,500,600,Maharashtra,Other
11/08/2012,Onion,23,Satara,FAQ,Karad,700,300,500,Maharashtra,Other
17/09/2012,Onion,23,Satara,FAQ,Karad,700,500,600,Maharashtra,Other
24/09/2012,Onion,23,Satara,FAQ,Karad,800,500,650,Maharashtra,Other
26/09/2012,Onion,23,Satara,FAQ,Karad,800,500,650,Maharashtra,Other
15/10/2012,Onion,23,Satara,FAQ,Karad,800,400,600,Maharashtra,Other
24/12/2012,Onion,23,Satara,FAQ,Karad,1800,1200,1500,Maharashtra,Other
18/01/2010,Onion,23,Satara,FAQ,Karad,1600,500,1100,Maharashtra,Other
06/02/2010,Onion,23,Satara,FAQ,Karad,1400,800,1100,Maharashtra,Other
10/02/2010,Onion,23,Satara,FAQ,Karad,1200,500,900,Maharashtra,Other
13/02/2010,Onion,23,Satara,FAQ,Karad,1000,500,700,Maharashtra,Other
14/02/2010,Onion,23,Satara,FAQ,Karad,1000,500,800,Maharashtra,Other
16/02/2010,Onion,23,Satara,FAQ,Karad,1200,400,800,Maharashtra,Other
23/02/2010,Onion,23,Satara,FAQ,Karad,900,200,700,Maharashtra,Other
10/03/2010,Onion,23,Satara,FAQ,Karad,1000,400,700,Maharashtra,Other
14/03/2010,Onion,23,Satara,FAQ,Karad,700,400,550,Maharashtra,Other
21/03/2010,Onion,23,Satara,FAQ,Karad,600,300,450,Maharashtra,Other
29/03/2010,Onion,23,Satara,FAQ,Karad,700,400,550,Maharashtra,Other
10/04/2010,Onion,23,Satara,FAQ,Karad,600,200,400,Maharashtra,Other
22/04/2010,Onion,23,Satara,FAQ,Karad,700,400,550,Maharashtra,Other
04/05/2010,Onion,23,Satara,FAQ,Karad,600,300,450,Maharashtra,Other
19/05/2010,Onion,23,Satara,FAQ,Karad,700,500,600,Maharashtra,Other
22/05/2010,Onion,23,Satara,FAQ,Karad,800,400,600,Maharashtra,Other
29/05/2010,Onion,23,Satara,FAQ,Karad,800,500,650,Maharashtra,Other
06/06/2010,Onion,23,Satara,FAQ,Karad,850,400,600,Maharashtra,Other
23/06/2010,Onion,23,Satara,FAQ,Karad,800,500,650,Maharashtra,Other
06/07/2010,Onion,23,Satara,FAQ,Karad,800,400,600,Maharashtra,Other
08/07/2010,Onion,23,Satara,FAQ,Karad,800,400,600,Maharashtra,Other
22/07/2010,Onion,23,Satara,FAQ,Karad,850,400,650,Maharashtra,Other
24/07/2010,Onion,23,Satara,FAQ,Karad,900,300,600,Maharashtra,Other
25/07/2010,Onion,23,Satara,FAQ,Karad,1000,800,900,Maharashtra,Other
31/07/2010,Onion,23,Satara,FAQ,Karad,600,400,500,Maharashtra,Other
05/08/2010,Onion,23,Satara,FAQ,Karad,1000,600,800,Maharashtra,Other
30/08/2010,Onion,23,Satara,FAQ,Karad,1100,900,1000,Maharashtra,Other
01/09/2010,Onion,23,Satara,FAQ,Karad,1000,600,800,Maharashtra,Other
07/09/2010,Onion,23,Satara,FAQ,Karad,900,500,700,Maharashtra,Other
08/09/2010,Onion,23,Satara,FAQ,Karad,1100,500,800,Maharashtra,Other
14/09/2010,Onion,23,Satara,FAQ,Karad,1000,500,750,Maharashtra,Other
23/09/2010,Onion,23,Satara,FAQ,Karad,1000,500,750,Maharashtra,Other
25/09/2010,Onion,23,Satara,FAQ,Karad,1800,1400,1600,Maharashtra,Other
26/09/2010,Onion,23,Satara,FAQ,Karad,1700,1300,1500,Maharashtra,Other
06/10/2010,Onion,23,Satara,FAQ,Karad,1100,600,850,Maharashtra,Other
10/10/2010,Onion,23,Satara,FAQ,Karad,1800,1000,1400,Maharashtra,Other
31/10/2010,Onion,23,Satara,FAQ,Karad,1300,300,800,Maharashtra,Other
04/12/2010,Onion,23,Satara,FAQ,Karad,4000,2500,3200,Maharashtra,Other
09/12/2010,Onion,23,Satara,FAQ,Karad,1000,300,650,Maharashtra,Other
11/12/2010,Onion,23,Satara,FAQ,Karad,2000,1500,1750,Maharashtra,Other
13/12/2010,Onion,23,Satara,FAQ,Karad,2000,1500,1800,Maharashtra,Other
19/12/2010,Onion,23,Satara,FAQ,Karad,2000,1500,1700,Maharashtra,Other
25/12/2010,Onion,23,Satara,FAQ,Karad,4050,1500,2500,Maharashtra,Other
22/01/2014,Onion,23,Satara,FAQ,Karad,1300,800,1000,Maharashtra,Other
23/01/2014,Onion,23,Satara,FAQ,Karad,1200,700,1000,Maharashtra,Other
02/02/2014,Onion,23,Satara,FAQ,Karad,1100,600,850,Maharashtra,Other
04/02/2014,Onion,23,Satara,FAQ,Karad,1200,700,1000,Maharashtra,Other
10/03/2014,Onion,23,Satara,FAQ,Karad,1000,500,750,Maharashtra,Other
15/03/2014,Onion,23,Satara,FAQ,Karad,1000,800,900,Maharashtra,Other
23/04/2014,Onion,23,Satara,FAQ,Karad,1000,300,650,Maharashtra,Other
30/06/2014,Onion,23,Satara,FAQ,Karad,2200,1500,1850,Maharashtra,Other
27/08/2014,Onion,23,Satara,FAQ,Karad,2500,1500,2000,Maharashtra,Other
30/08/2014,Onion,23,Satara,FAQ,Karad,2300,1800,2050,Maharashtra,Other
02/09/2014,Onion,23,Satara,FAQ,Karad,2300,1800,2000,Maharashtra,Other
22/09/2014,Onion,23,Satara,FAQ,Karad,2200,1100,1650,Maharashtra,Other
23/09/2014,Onion,23,Satara,FAQ,Karad,2200,1000,1600,Maharashtra,Other
29/09/2014,Onion,23,Satara,FAQ,Karad,2000,1200,1600,Maharashtra,Other
01/10/2014,Onion,23,Satara,FAQ,Karad,1800,1200,1500,Maharashtra,Other
28/10/2014,Onion,23,Satara,FAQ,Karad,2400,1800,2100,Maharashtra,Other
10/12/2014,Onion,23,Satara,FAQ,Karad,1800,1400,1600,Maharashtra,Other
13/12/2014,Onion,23,Satara,FAQ,Karad,1800,1400,1600,Maharashtra,Other
24/12/2014,Onion,23,Satara,FAQ,Karad,2500,1500,2000,Maharashtra,Other
11/01/2018,Onion,23,Satara,FAQ,Karad,4000,3000,4000,Maharashtra,Other
15/01/2018,Onion,23,Satara,FAQ,Karad,3500,2500,3500,Maharashtra,Other
22/01/2018,Onion,23,Satara,FAQ,Karad,3500,2500,3500,Maharashtra,Other
10/02/2018,Onion,23,Satara,FAQ,Karad,2000,1700,2000,Maharashtra,Other
15/02/2018,Onion,23,Satara,FAQ,Karad,2200,1800,2200,Maharashtra,Other
17/02/2018,Onion,23,Satara,FAQ,Karad,1800,1500,1800,Maharashtra,Other
22/02/2018,Onion,23,Satara,FAQ,Karad,1800,1500,1800,Maharashtra,Other
27/02/2018,Onion,23,Satara,FAQ,Karad,2000,1400,2000,Maharashtra,Other
03/03/2018,Onion,23,Satara,FAQ,Karad,1800,1500,1800,Maharashtra,Other
04/03/2018,Onion,23,Satara,FAQ,Karad,1500,800,1500,Maharashtra,Other
08/03/2018,Onion,23,Satara,FAQ,Karad,1500,1000,1500,Maharashtra,Other
15/03/2018,Onion,23,Satara,FAQ,Karad,1200,1000,1200,Maharashtra,Other
22/03/2018,Onion,23,Satara,FAQ,Karad,1200,800,1200,Maharashtra,Other
01/04/2018,Onion,23,Satara,FAQ,Karad,1000,700,1000,Maharashtra,Other
07/04/2018,Onion,23,Satara,FAQ,Karad,1000,600,1000,Maharashtra,Other
12/04/2018,Onion,23,Satara,FAQ,Karad,1000,600,1000,Maharashtra,Other
17/04/2018,Onion,23,Satara,FAQ,Karad,900,500,900,Maharashtra,Other
23/04/2018,Onion,23,Satara,FAQ,Karad,900,500,900,Maharashtra,Other
25/04/2018,Onion,23,Satara,FAQ,Karad,1000,500,1000,Maharashtra,Other
02/05/2018,Onion,23,Satara,FAQ,Karad,1000,500,1000,Maharashtra,Other
09/05/2018,Onion,23,Satara,FAQ,Karad,900,500,900,Maharashtra,Other
13/05/2018,Onion,23,Satara,FAQ,Karad,900,500,900,Maharashtra,Other
27/05/2018,Onion,23,Satara,FAQ,Karad,900,400,900,Maharashtra,Other
05/06/2018,Onion,23,Satara,FAQ,Karad,1200,70,1200,Maharashtra,Other
07/06/2018,Onion,23,Satara,FAQ,Karad,1200,700,1200,Maharashtra,Other
19/06/2018,Onion,23,Satara,FAQ,Karad,1000,500,1000,Maharashtra,Other
27/06/2018,Onion,23,Satara,FAQ,Karad,1200,800,1200,Maharashtra,Other
15/07/2018,Onion,23,Satara,FAQ,Karad,1400,1000,1400,Maharashtra,Other
19/07/2018,Onion,23,Satara,FAQ,Karad,1500,1000,1500,Maharashtra,Other
28/07/2018,Onion,23,Satara,FAQ,Karad,1300,700,1300,Maharashtra,Other
12/08/2018,Onion,23,Satara,FAQ,Karad,1300,700,1300,Maharashtra,Other
18/08/2018,Onion,23,Satara,FAQ,Karad,1200,800,1200,Maharashtra,Other
23/08/2018,Onion,23,Satara,FAQ,Karad,1200,800,1200,Maharashtra,Other
26/08/2018,Onion,23,Satara,FAQ,Karad,1200,700,1200,Maharashtra,Other
08/09/2018,Onion,23,Satara,FAQ,Karad,1300,700,1300,Maharashtra,Other
11/09/2018,Onion,23,Satara,FAQ,Karad,1300,700,1300,Maharashtra,Other
15/09/2018,Onion,23,Satara,FAQ,Karad,1300,700,1300,Maharashtra,Other
20/09/2018,Onion,23,Satara,FAQ,Karad,1200,600,1200,Maharashtra,Other
23/09/2018,Onion,23,Satara,FAQ,Karad,1500,700,1500,Maharashtra,Other
09/10/2018,Onion,23,Satara,FAQ,Karad,1100,700,1100,Maharashtra,Other
18/10/2018,Onion,23,Satara,FAQ,Karad,1500,1000,1500,Maharashtra,Other
24/10/2018,Onion,23,Satara,FAQ,Karad,2000,1000,2000,Maharashtra,Other
30/10/2018,Onion,23,Satara,FAQ,Karad,1000,800,1000,Maharashtra,Other
25/11/2018,Onion,23,Satara,FAQ,Karad,1500,1000,1500,Maharashtra,Other
04/12/2018,Onion,23,Satara,FAQ,Karad,1000,500,1000,Maharashtra,Other
06/12/2018,Onion,23,Satara,FAQ,Karad,1000,500,1000,Maharashtra,Other
08/12/2018,Onion,23,Satara,FAQ,Karad,1000,500,1000,Maharashtra,Other
13/12/2018,Onion,23,Satara,FAQ,Karad,1000,500,1000,Maharashtra,Other
15/12/2018,Onion,23,Satara,FAQ,Karad,1000,400,1000,Maharashtra,Other
19/12/2018,Onion,23,Satara,FAQ,Karad,1000,400,1000,Maharashtra,Other
17/01/2016,Onion,23,Satara,FAQ,Karad,1500,1000,1500,Maharashtra,Other
01/02/2016,Onion,23,Satara,FAQ,Karad,1700,1000,1700,Maharashtra,Other
13/02/2016,Onion,23,Satara,FAQ,Karad,1500,700,1500,Maharashtra,Other
18/02/2016,Onion,23,Satara,FAQ,Karad,1500,1000,1500,Maharashtra,Other
24/02/2016,Onion,23,Satara,FAQ,Karad,1500,600,1500,Maharashtra,Other
01/03/2016,Onion,23,Satara,FAQ,Karad,1000,600,1000,Maharashtra,Other
03/03/2016,Onion,23,Satara,FAQ,Karad,1000,500,1000,Maharashtra,Other
07/03/2016,Onion,23,Satara,FAQ,Karad,1000,500,1000,Maharashtra,Other
14/03/2016,Onion,23,Satara,FAQ,Karad,1000,500,1000,Maharashtra,Other
20/03/2016,Onion,23,Satara,FAQ,Karad,1000,500,1000,Maharashtra,Other
07/04/2016,Onion,23,Satara,FAQ,Karad,800,500,800,Maharashtra,Other
09/04/2016,Onion,23,Satara,FAQ,Karad,1000,500,1000,Maharashtra,Other
10/04/2016,Onion,23,Satara,FAQ,Karad,1000,500,1000,Maharashtra,Other
04/05/2016,Onion,23,Satara,FAQ,Karad,1000,700,1000,Maharashtra,Other
05/05/2016,Onion,23,Satara,FAQ,Karad,1000,700,1000,Maharashtra,Other
11/05/2016,Onion,23,Satara,FAQ,Karad,1000,700,1000,Maharashtra,Other
14/05/2016,Onion,23,Satara,FAQ,Karad,1000,500,1000,Maharashtra,Other
15/05/2016,Onion,23,Satara,FAQ,Karad,1000,600,1000,Maharashtra,Other
17/05/2016,Onion,23,Satara,FAQ,Karad,1000,600,1000,Maharashtra,Other
08/06/2016,Onion,23,Satara,FAQ,Karad,1000,600,1000,Maharashtra,Other
12/06/2016,Onion,23,Satara,FAQ,Karad,1000,600,1000,Maharashtra,Other
21/06/2016,Onion,23,Satara,FAQ,Karad,1000,500,1000,Maharashtra,Other
27/06/2016,Onion,23,Satara,FAQ,Karad,1000,600,1000,Maharashtra,Other
05/07/2016,Onion,23,Satara,FAQ,Karad,1000,500,1000,Maharashtra,Other
10/07/2016,Onion,23,Satara,FAQ,Karad,1000,500,1000,Maharashtra,Other
16/07/2016,Onion,23,Satara,FAQ,Karad,1000,600,1000,Maharashtra,Other
17/07/2016,Onion,23,Satara,FAQ,Karad,1100,600,1100,Maharashtra,Other
24/07/2016,Onion,23,Satara,FAQ,Karad,1200,900,1200,Maharashtra,Other
31/07/2016,Onion,23,Satara,FAQ,Karad,1000,700,1000,Maharashtra,Other
03/08/2016,Onion,23,Satara,FAQ,Karad,1000,700,1000,Maharashtra,Other
11/08/2016,Onion,23,Satara,FAQ,Karad,1000,800,1000,Maharashtra,Other
18/08/2016,Onion,23,Satara,FAQ,Karad,1000,700,1000,Maharashtra,Other
20/08/2016,Onion,23,Satara,FAQ,Karad,1000,700,1000,Maharashtra,Other
29/08/2016,Onion,23,Satara,FAQ,Karad,1000,500,1000,Maharashtra,Other
01/09/2016,Onion,23,Satara,FAQ,Karad,1000,800,1000,Maharashtra,Other
12/09/2016,Onion,23,Satara,FAQ,Karad,1000,500,1000,Maharashtra,Other
18/09/2016,Onion,23,Satara,FAQ,Karad,1000,500,1000,Maharashtra,Other
19/09/2016,Onion,23,Satara,FAQ,Karad,1000,600,1000,Maharashtra,Other
21/09/2016,Onion,23,Satara,FAQ,Karad,1000,600,1000,Maharashtra,Other
27/09/2016,Onion,23,Satara,FAQ,Karad,800,400,800,Maharashtra,Other
06/10/2016,Onion,23,Satara,FAQ,Karad,700,400,700,Maharashtra,Other
16/10/2016,Onion,23,Satara,FAQ,Karad,800,500,800,Maharashtra,Other
17/10/2016,Onion,23,Satara,FAQ,Karad,900,400,900,Maharashtra,Other
22/10/2016,Onion,23,Satara,FAQ,Karad,800,400,800,Maharashtra,Other
05/11/2016,Onion,23,Satara,FAQ,Karad,1000,500,1000,Maharashtra,Other
08/11/2016,Onion,23,Satara,FAQ,Karad,1000,500,1000,Maharashtra,Other
13/11/2016,Onion,23,Satara,FAQ,Karad,1000,500,1000,Maharashtra,Other
29/11/2016,Onion,23,Satara,FAQ,Karad,1000,700,1000,Maharashtra,Other
30/11/2016,Onion,23,Satara,FAQ,Karad,1000,700,1000,Maharashtra,Other
12/12/2016,Onion,23,Satara,FAQ,Karad,1000,600,1000,Maharashtra,Other
13/12/2016,Onion,23,Satara,FAQ,Karad,1000,500,1000,Maharashtra,Other
26/12/2016,Onion,23,Satara,FAQ,Karad,900,500,900,Maharashtra,Other
27/12/2016,Onion,23,Satara,FAQ,Karad,1000,500,1000,Maharashtra,Other
28/12/2016,Onion,23,Satara,FAQ,Karad,1000,500,1000,Maharashtra,Other
29/12/2016,Onion,23,Satara,FAQ,Karad,1000,600,1000,Maharashtra,Other
02/01/2019,Onion,23,Satara,FAQ,Karad,1000,500,1000,Maharashtra,Other
03/01/2019,Onion,23,Satara,FAQ,Karad,1000,700,1000,Maharashtra,Other
16/01/2019,Onion,23,Satara,FAQ,Karad,1000,600,1000,Maharashtra,Other
22/01/2019,Onion,23,Satara,FAQ,Karad,800,500,800,Maharashtra,Other
23/01/2019,Onion,23,Satara,FAQ,Karad,800,400,800,Maharashtra,Other
10/02/2019,Onion,23,Satara,FAQ,Karad,1000,500,1000,Maharashtra,Other
11/02/2019,Onion,23,Satara,FAQ,Karad,900,500,900,Maharashtra,Other
12/02/2019,Onion,23,Satara,FAQ,Karad,1000,500,1000,Maharashtra,Other
17/02/2019,Onion,23,Satara,FAQ,Karad,900,500,900,Maharashtra,Other
27/02/2019,Onion,23,Satara,FAQ,Karad,900,400,900,Maharashtra,Other
28/02/2019,Onion,23,Satara,FAQ,Karad,650,400,650,Maharashtra,Other
02/03/2019,Onion,23,Satara,FAQ,Karad,900,400,900,Maharashtra,Other
05/03/2019,Onion,23,Satara,FAQ,Karad,800,400,800,Maharashtra,Other
10/03/2019,Onion,23,Satara,FAQ,Karad,1200,800,1200,Maharashtra,Other
12/03/2019,Onion,23,Satara,FAQ,Karad,1200,800,1200,Maharashtra,Other
19/03/2019,Onion,23,Satara,FAQ,Karad,700,400,600,Maharashtra,Other
30/03/2019,Onion,23,Satara,FAQ,Karad,800,500,700,Maharashtra,Other
31/03/2019,Onion,23,Satara,FAQ,Karad,800,500,800,Maharashtra,Other
17/04/2019,Onion,23,Satara,FAQ,Karad,900,400,900,Maharashtra,Other
25/04/2019,Onion,23,Satara,FAQ,Karad,1000,700,850,Maharashtra,Other
28/04/2019,Onion,23,Satara,FAQ,Karad,900,500,900,Maharashtra,Other
30/04/2019,Onion,23,Satara,FAQ,Karad,900,500,800,Maharashtra,Other
08/05/2019,Onion,23,Satara,FAQ,Karad,1000,500,800,Maharashtra,Other
11/05/2019,Onion,23,Satara,FAQ,Karad,1000,500,800,Maharashtra,Other
13/05/2019,Onion,23,Satara,FAQ,Karad,1100,500,900,Maharashtra,Other
21/05/2019,Onion,23,Satara,FAQ,Karad,1200,600,1000,Maharashtra,Other
06/06/2019,Onion,23,Satara,FAQ,Karad,1400,800,1100,Maharashtra,Other
16/06/2019,Onion,23,Satara,FAQ,Karad,1600,800,1200,Maharashtra,Other
30/06/2019,Onion,23,Satara,FAQ,Karad,1400,1000,1100,Maharashtra,Other
07/07/2019,Onion,23,Satara,FAQ,Karad,1600,1000,1600,Maharashtra,Other
13/07/2019,Onion,23,Satara,FAQ,Karad,1600,800,1300,Maharashtra,Other
16/07/2019,Onion,23,Satara,FAQ,Karad,1600,1000,1600,Maharashtra,Other
20/07/2019,Onion,23,Satara,FAQ,Karad,1600,1400,1500,Maharashtra,Other
22/07/2019,Onion,23,Satara,FAQ,Karad,1600,1200,1300,Maharashtra,Other
27/07/2019,Onion,23,Satara,FAQ,Karad,1500,1200,1500,Maharashtra,Other
03/08/2019,Onion,23,Satara,FAQ,Karad,1800,1300,1800,Maharashtra,Other
10/08/2019,Onion,23,Satara,FAQ,Karad,2000,1500,2000,Maharashtra,Other
26/08/2019,Onion,23,Satara,FAQ,Karad,2500,2000,2500,Maharashtra,Other
27/08/2019,Onion,23,Satara,FAQ,Karad,2200,1500,2200,Maharashtra,Other
08/09/2019,Onion,23,Satara,FAQ,Karad,2800,2000,2800,Maharashtra,Other
16/09/2019,Onion,23,Satara,FAQ,Karad,3000,2500,3000,Maharashtra,Other
19/09/2019,Onion,23,Satara,FAQ,Karad,3500,2500,3500,Maharashtra,Other
21/09/2019,Onion,23,Satara,FAQ,Karad,4500,4000,4500,Maharashtra,Other
22/09/2019,Onion,23,Satara,FAQ,Karad,5000,4000,5000,Maharashtra,Other
25/09/2019,Onion,23,Satara,FAQ,Karad,4500,4000,4500,Maharashtra,Other
12/10/2019,Onion,23,Satara,FAQ,Karad,3200,2800,3200,Maharashtra,Other
17/10/2019,Onion,23,Satara,FAQ,Karad,3500,2500,3500,Maharashtra,Other
20/10/2019,Onion,23,Satara,FAQ,Karad,3500,2500,3500,Maharashtra,Other
12/11/2019,Onion,23,Satara,FAQ,Karad,5000,4000,5000,Maharashtra,Other
21/11/2019,Onion,23,Satara,FAQ,Karad,5500,4000,5500,Maharashtra,Other
02/12/2019,Onion,23,Satara,FAQ,Karad,9000,6000,9000,Maharashtra,Other
03/12/2019,Onion,23,Satara,FAQ,Karad,10000,5000,10000,Maharashtra,Other
04/12/2019,Onion,23,Satara,FAQ,Karad,8500,5000,8500,Maharashtra,Other
05/12/2019,Onion,23,Satara,FAQ,Karad,10000,5000,10000,Maharashtra,Other
11/12/2019,Onion,23,Satara,FAQ,Karad,8000,3000,8000,Maharashtra,Other
14/12/2019,Onion,23,Satara,FAQ,Karad,10000,6000,10000,Maharashtra,Other
16/12/2019,Onion,23,Satara,FAQ,Karad,8500,5000,8500,Maharashtra,Other
24/12/2019,Onion,23,Satara,FAQ,Karad,7000,4000,7000,Maharashtra,Other
22/01/2020,Onion,23,Satara,FAQ,Karad,4500,3000,4500,Maharashtra,Other
31/01/2020,Onion,23,Satara,FAQ,Karad,4000,2000,4000,Maharashtra,Other
01/02/2020,Onion,23,Satara,FAQ,Karad,4000,2500,4000,Maharashtra,Other
04/02/2020,Onion,23,Satara,FAQ,Karad,2500,1500,2500,Maharashtra,Other
09/02/2020,Onion,23,Satara,FAQ,Karad,1800,1000,1800,Maharashtra,Other
19/02/2020,Onion,23,Satara,FAQ,Karad,2200,1500,2200,Maharashtra,Other
23/02/2020,Onion,23,Satara,FAQ,Karad,2000,1600,2000,Maharashtra,Other
29/02/2020,Onion,23,Satara,FAQ,Karad,2000,1500,2000,Maharashtra,Other
01/03/2020,Onion,23,Satara,FAQ,Karad,2000,1400,2000,Maharashtra,Other
07/03/2020,Onion,23,Satara,FAQ,Karad,1800,1200,1800,Maharashtra,Other
21/03/2020,Onion,23,Satara,FAQ,Karad,1800,1300,1800,Maharashtra,Other
26/03/2020,Onion,23,Satara,FAQ,Karad,2300,2000,2300,Maharashtra,Other
28/03/2020,Onion,23,Satara,FAQ,Karad,2000,1500,2000,Maharashtra,Other
29/03/2020,Onion,23,Satara,FAQ,Karad,1800,1300,1800,Maharashtra,Other
02/04/2020,Onion,23,Satara,FAQ,Karad,1800,1500,1800,Maharashtra,Other
07/04/2020,Onion,23,Satara,FAQ,Karad,1800,1500,1800,Maharashtra,Other
24/05/2020,Onion,23,Satara,FAQ,Karad,1300,1000,1300,Maharashtra,Other
03/06/2020,Onion,23,Satara,FAQ,Karad,1000,600,1000,Maharashtra,Other
07/06/2020,Onion,23,Satara,FAQ,Karad,1200,600,1200,Maharashtra,Other
20/06/2020,Onion,23,Satara,FAQ,Karad,1000,700,1000,Maharashtra,Other
17/08/2020,Onion,23,Satara,FAQ,Karad,1200,500,1200,Maharashtra,Other
30/08/2020,Onion,23,Satara,FAQ,Karad,1500,1000,1500,Maharashtra,Other
05/09/2020,Onion,23,Satara,FAQ,Karad,1600,1000,1600,Maharashtra,Other
08/09/2020,Onion,23,Satara,FAQ,Karad,2000,1500,2000,Maharashtra,Other
20/09/2020,Onion,23,Satara,FAQ,Karad,2500,1500,2500,Maharashtra,Other
28/09/2020,Onion,23,Satara,FAQ,Karad,4000,2000,4000,Maharashtra,Other
04/10/2020,Onion,23,Satara,FAQ,Karad,3500,2000,3500,Maharashtra,Other
12/10/2020,Onion,23,Satara,FAQ,Karad,3400,2000,3400,Maharashtra,Other
29/10/2020,Onion,23,Satara,FAQ,Karad,5500,5000,5500,Maharashtra,Other
07/11/2020,Onion,23,Satara,FAQ,Karad,5500,3000,5500,Maharashtra,Other
08/11/2020,Onion,23,Satara,FAQ,Karad,5500,3000,5500,Maharashtra,Other
10/11/2020,Onion,23,Satara,FAQ,Karad,5000,2000,5000,Maharashtra,Other
12/11/2020,Onion,23,Satara,FAQ,Karad,5000,3000,5000,Maharashtra,Other
28/11/2020,Onion,23,Satara,FAQ,Karad,5500,2000,5500,Maharashtra,Other
01/12/2020,Onion,23,Satara,FAQ,Karad,3500,2000,3500,Maharashtra,Other
20/12/2020,Onion,23,Satara,FAQ,Karad,2500,2000,2500,Maharashtra,Other
26/12/2020,Onion,23,Satara,FAQ,Karad,2500,1000,2500,Maharashtra,Other
05/01/2009,Onion,23,Satara,FAQ,Karad,1600,1200,1500,Maharashtra,Other
13/01/2009,Onion,23,Satara,FAQ,Karad,1600,1500,1550,Maharashtra,Other
22/01/2009,Onion,23,Satara,FAQ,Karad,1750,1400,1700,Maharashtra,Other
04/02/2009,Onion,23,Satara,FAQ,Karad,1200,500,900,Maharashtra,Other
10/02/2009,Onion,23,Satara,FAQ,Karad,1300,600,950,Maharashtra,Other
11/02/2009,Onion,23,Satara,FAQ,Karad,1200,900,1050,Maharashtra,Other
15/02/2009,Onion,23,Satara,FAQ,Karad,1300,800,1050,Maharashtra,Other
16/02/2009,Onion,23,Satara,FAQ,Karad,1200,600,900,Maharashtra,Other
26/02/2009,Onion,23,Satara,FAQ,Karad,1100,500,800,Maharashtra,Other
17/03/2009,Onion,23,Satara,FAQ,Karad,750,400,600,Maharashtra,Other
05/05/2009,Onion,23,Satara,FAQ,Karad,600,300,500,Maharashtra,Other
13/06/2009,Onion,23,Satara,FAQ,Karad,950,300,625,Maharashtra,Other
18/07/2009,Onion,23,Satara,FAQ,Karad,850,600,800,Maharashtra,Other
28/07/2009,Onion,23,Satara,FAQ,Karad,800,600,700,Maharashtra,Other
12/08/2009,Onion,23,Satara,FAQ,Karad,850,500,700,Maharashtra,Other
23/08/2009,Onion,23,Satara,FAQ,Karad,850,600,750,Maharashtra,Other
24/08/2009,Onion,23,Satara,FAQ,Karad,800,500,700,Maharashtra,Other
27/08/2009,Onion,23,Satara,FAQ,Karad,700,350,600,Maharashtra,Other
01/09/2009,Onion,23,Satara,FAQ,Karad,800,500,650,Maharashtra,Other
15/09/2009,Onion,23,Satara,FAQ,Karad,850,500,700,Maharashtra,Other
24/09/2009,Onion,23,Satara,FAQ,Karad,800,300,600,Maharashtra,Other
16/10/2009,Onion,23,Satara,FAQ,Karad,1300,600,950,Maharashtra,Other
04/11/2009,Onion,23,Satara,FAQ,Karad,1300,500,1000,Maharashtra,Other
09/11/2009,Onion,23,Satara,FAQ,Karad,1300,200,1000,Maharashtra,Other
10/11/2009,Onion,23,Satara,FAQ,Karad,1500,800,1200,Maharashtra,Other
06/01/2011,Onion,23,Satara,FAQ,Karad,4500,1500,3000,Maharashtra,Other
30/01/2011,Onion,23,Satara,FAQ,Karad,2000,1000,1500,Maharashtra,Other
02/02/2011,Onion,23,Satara,FAQ,Karad,2000,1000,1500,Maharashtra,Other
03/02/2011,Onion,23,Satara,FAQ,Karad,1700,800,1250,Maharashtra,Other
06/03/2011,Onion,23,Satara,FAQ,Karad,600,300,450,Maharashtra,Other
12/03/2011,Onion,23,Satara,FAQ,Karad,650,500,600,Maharashtra,Other
28/03/2011,Onion,23,Satara,FAQ,Karad,500,300,400,Maharashtra,Other
29/03/2011,Onion,23,Satara,FAQ,Karad,600,400,500,Maharashtra,Other
30/03/2011,Onion,23,Satara,FAQ,Karad,500,300,400,Maharashtra,Other
09/04/2011,Onion,23,Satara,FAQ,Karad,700,400,550,Maharashtra,Other
25/04/2011,Onion,23,Satara,FAQ,Karad,600,300,450,Maharashtra,Other
01/05/2011,Onion,23,Satara,FAQ,Karad,550,100,300,Maharashtra,Other
24/05/2011,Onion,23,Satara,FAQ,Karad,700,400,550,Maharashtra,Other
26/05/2011,Onion,23,Satara,FAQ,Karad,600,400,500,Maharashtra,Other
02/06/2011,Onion,23,Satara,FAQ,Karad,650,400,500,Maharashtra,Other
12/06/2011,Onion,23,Satara,FAQ,Karad,1000,300,650,Maharashtra,Other
16/06/2011,Onion,23,Satara,FAQ,Karad,1000,400,700,Maharashtra,Other
13/07/2011,Onion,23,Satara,FAQ,Karad,1100,500,800,Maharashtra,Other
17/10/2011,Onion,23,Satara,FAQ,Karad,750,600,675,Maharashtra,Other
19/10/2011,Onion,23,Satara,FAQ,Karad,700,500,600,Maharashtra,Other
31/10/2011,Onion,23,Satara,FAQ,Karad,1200,600,900,Maharashtra,Other
16/11/2011,Onion,23,Satara,FAQ,Karad,1000,500,750,Maharashtra,Other
21/11/2011,Onion,23,Satara,FAQ,Karad,900,500,700,Maharashtra,Other
13/12/2011,Onion,23,Satara,FAQ,Karad,700,400,550,Maharashtra,Other
09/01/2013,Onion,23,Satara,FAQ,Karad,1500,1000,1250,Maharashtra,Other
16/01/2013,Onion,23,Satara,FAQ,Karad,1500,1000,1250,Maharashtra,Other
27/02/2013,Onion,23,Satara,FAQ,Karad,1600,1000,1300,Maharashtra,Other
12/03/2013,Onion,23,Satara,FAQ,Karad,1400,1000,1200,Maharashtra,Other
20/03/2013,Onion,23,Satara,FAQ,Karad,1600,1000,1300,Maharashtra,Other
26/03/2013,Onion,23,Satara,FAQ,Karad,1400,700,1050,Maharashtra,Other
10/04/2013,Onion,23,Satara,FAQ,Karad,1400,1100,1300,Maharashtra,Other
07/05/2013,Onion,23,Satara,FAQ,Karad,1200,900,1050,Maharashtra,Other
15/05/2013,Onion,23,Satara,FAQ,Karad,1100,900,1000,Maharashtra,Other
29/05/2013,Onion,23,Satara,FAQ,Karad,1200,900,1050,Maharashtra,Other
18/06/2013,Onion,23,Satara,FAQ,Karad,1600,800,1200,Maharashtra,Other
26/06/2013,Onion,23,Satara,FAQ,Karad,1700,700,1250,Maharashtra,Other
27/06/2013,Onion,23,Satara,FAQ,Karad,1600,1200,1400,Maharashtra,Other
10/07/2013,Onion,23,Satara,FAQ,Karad,2300,1500,1900,Maharashtra,Other
24/07/2013,Onion,23,Satara,FAQ,Karad,2700,2000,2350,Maharashtra,Other
05/08/2013,Onion,23,Satara,FAQ,Karad,3000,2800,2900,Maharashtra,Other
02/09/2013,Onion,23,Satara,FAQ,Karad,4000,3000,3500,Maharashtra,Other
10/09/2013,Onion,23,Satara,FAQ,Karad,4000,3500,3750,Maharashtra,Other
23/09/2013,Onion,23,Satara,FAQ,Karad,6000,5000,5500,Maharashtra,Other
12/10/2013,Onion,23,Satara,FAQ,Karad,3000,1500,2250,Maharashtra,Other
13/11/2013,Onion,23,Satara,FAQ,Karad,4000,2000,3000,Maharashtra,Other
20/11/2013,Onion,23,Satara,FAQ,Karad,3800,1000,2400,Maharashtra,Other
09/12/2013,Onion,23,Satara,FAQ,Karad,2400,1500,1950,Maharashtra,Other
23/12/2013,Onion,23,Satara,FAQ,Karad,1400,1000,1250,Maharashtra,Other
24/12/2013,Onion,23,Satara,FAQ,Karad,1500,800,1250,Maharashtra,Other
25/01/2006,Onion,23,Satara,FAQ,Karad,450,200,400,Maharashtra,Other
21/02/2006,Onion,23,Satara,FAQ,Karad,350,200,300,Maharashtra,Other
23/02/2006,Onion,23,Satara,FAQ,Karad,350,200,300,Maharashtra,Other
04/03/2006,Onion,23,Satara,FAQ,Karad,300,200,250,Maharashtra,Other
08/03/2006,Onion,23,Satara,FAQ,Karad,350,200,300,Maharashtra,Other
11/03/2006,Onion,23,Satara,FAQ,Karad,300,200,250,Maharashtra,Other
16/03/2006,Onion,23,Satara,FAQ,Karad,300,200,250,Maharashtra,Other
18/03/2006,Onion,23,Satara,FAQ,Karad,350,200,300,Maharashtra,Other
23/03/2006,Onion,23,Satara,FAQ,Karad,350,200,300,Maharashtra,Other
04/04/2006,Onion,23,Satara,FAQ,Karad,300,200,250,Maharashtra,Other
29/06/2006,Onion,23,Satara,FAQ,Karad,350,200,300,Maharashtra,Other
06/07/2006,Onion,23,Satara,FAQ,Karad,400,250,300,Maharashtra,Other
10/07/2006,Onion,23,Satara,FAQ,Karad,400,250,350,Maharashtra,Other
16/07/2006,Onion,23,Satara,FAQ,Karad,400,250,300,Maharashtra,Other
19/07/2006,Onion,23,Satara,FAQ,Karad,400,250,350,Maharashtra,Other
14/08/2006,Onion,23,Satara,FAQ,Karad,450,250,350,Maharashtra,Other
16/08/2006,Onion,23,Satara,FAQ,Karad,400,250,300,Maharashtra,Other
24/08/2006,Onion,23,Satara,FAQ,Karad,400,250,350,Maharashtra,Other
30/08/2006,Onion,23,Satara,FAQ,Karad,450,200,350,Maharashtra,Other
05/09/2006,Onion,23,Satara,FAQ,Karad,400,200,300,Maharashtra,Other
07/09/2006,Onion,23,Satara,FAQ,Karad,400,200,300,Maharashtra,Other
12/09/2006,Onion,23,Satara,FAQ,Karad,450,200,350,Maharashtra,Other
13/09/2006,Onion,23,Satara,FAQ,Karad,450,200,350,Maharashtra,Other
19/09/2006,Onion,23,Satara,FAQ,Karad,400,200,300,Maharashtra,Other
21/09/2006,Onion,23,Satara,FAQ,Karad,450,200,350,Maharashtra,Other
23/09/2006,Onion,23,Satara,FAQ,Karad,500,300,450,Maharashtra,Other
26/09/2006,Onion,23,Satara,FAQ,Karad,450,200,350,Maharashtra,Other
31/10/2006,Onion,23,Satara,FAQ,Karad,450,200,350,Maharashtra,Other
08/11/2006,Onion,23,Satara,FAQ,Karad,500,300,400,Maharashtra,Other
16/12/2006,Onion,23,Satara,FAQ,Karad,700,400,600,Maharashtra,Other
27/12/2006,Onion,23,Satara,FAQ,Karad,1000,300,950,Maharashtra,Other
17/01/2005,Onion,23,Satara,FAQ,Karad,450,200,350,Maharashtra,Other
07/02/2005,Onion,23,Satara,FAQ,Karad,400,200,400,Maharashtra,Other
22/02/2005,Onion,23,Satara,FAQ,Karad,400,200,350,Maharashtra,Other
24/02/2005,Onion,23,Satara,FAQ,Karad,400,200,350,Maharashtra,Other
28/02/2005,Onion,23,Satara,FAQ,Karad,300,200,250,Maharashtra,Other
15/03/2005,Onion,23,Satara,FAQ,Karad,300,200,250,Maharashtra,Other
26/03/2005,Onion,23,Satara,FAQ,Karad,400,200,300,Maharashtra,Other
04/04/2005,Onion,23,Satara,FAQ,Karad,300,200,250,Maharashtra,Other
05/04/2005,Onion,23,Satara,FAQ,Karad,300,200,250,Maharashtra,Other
21/04/2005,Onion,23,Satara,FAQ,Karad,300,200,250,Maharashtra,Other
26/04/2005,Onion,23,Satara,FAQ,Karad,300,200,250,Maharashtra,Other
03/05/2005,Onion,23,Satara,FAQ,Karad,400,200,300,Maharashtra,Other
07/05/2005,Onion,23,Satara,FAQ,Karad,300,200,250,Maharashtra,Other
22/05/2005,Onion,23,Satara,FAQ,Karad,400,300,350,Maharashtra,Other
24/05/2005,Onion,23,Satara,FAQ,Karad,300,200,300,Maharashtra,Other
28/05/2005,Onion,23,Satara,FAQ,Karad,300,200,250,Maharashtra,Other
30/05/2005,Onion,23,Satara,FAQ,Karad,350,200,300,Maharashtra,Other
01/06/2005,Onion,23,Satara,FAQ,Karad,300,200,250,Maharashtra,Other
16/06/2005,Onion,23,Satara,FAQ,Karad,400,200,350,Maharashtra,Other
20/06/2005,Onion,23,Satara,FAQ,Karad,400,200,350,Maharashtra,Other
07/07/2005,Onion,23,Satara,FAQ,Karad,500,200,400,Maharashtra,Other
10/07/2005,Onion,23,Satara,FAQ,Karad,400,300,350,Maharashtra,Other
13/07/2005,Onion,23,Satara,FAQ,Karad,500,300,400,Maharashtra,Other
16/07/2005,Onion,23,Satara,FAQ,Karad,500,300,400,Maharashtra,Other
21/07/2005,Onion,23,Satara,FAQ,Karad,600,300,400,Maharashtra,Other
25/07/2005,Onion,23,Satara,FAQ,Karad,500,300,450,Maharashtra,Other
02/08/2005,Onion,23,Satara,FAQ,Karad,500,300,400,Maharashtra,Other
10/08/2005,Onion,23,Satara,FAQ,Karad,500,300,400,Maharashtra,Other
18/08/2005,Onion,23,Satara,FAQ,Karad,900,700,800,Maharashtra,Other
31/08/2005,Onion,23,Satara,FAQ,Karad,900,700,850,Maharashtra,Other
10/09/2005,Onion,23,Satara,FAQ,Karad,1000,300,900,Maharashtra,Other
12/09/2005,Onion,23,Satara,FAQ,Karad,1100,900,1050,Maharashtra,Other
21/09/2005,Onion,23,Satara,FAQ,Karad,600,400,500,Maharashtra,Other
24/09/2005,Onion,23,Satara,FAQ,Karad,1000,800,950,Maharashtra,Other
17/10/2005,Onion,23,Satara,FAQ,Karad,1200,800,1000,Maharashtra,Other
19/10/2005,Onion,23,Satara,FAQ,Karad,1200,800,1000,Maharashtra,Other
02/11/2005,Onion,23,Satara,FAQ,Karad,1000,300,850,Maharashtra,Other
08/11/2005,Onion,23,Satara,FAQ,Karad,1500,1000,1300,Maharashtra,Other
14/11/2005,Onion,23,Satara,FAQ,Karad,1200,800,1000,Maharashtra,Other
22/11/2005,Onion,23,Satara,FAQ,Karad,1200,700,1000,Maharashtra,Other
24/11/2005,Onion,23,Satara,FAQ,Karad,1200,500,1000,Maharashtra,Other
30/11/2005,Onion,23,Satara,FAQ,Karad,1200,600,1000,Maharashtra,Other
12/12/2005,Onion,23,Satara,FAQ,Karad,800,200,650,Maharashtra,Other
14/12/2005,Onion,23,Satara,FAQ,Karad,1200,800,1000,Maharashtra,Other
19/12/2005,Onion,23,Satara,FAQ,Karad,750,600,700,Maharashtra,Other
27/12/2005,Onion,23,Satara,FAQ,Karad,500,300,400,Maharashtra,Other
20/02/2008,Onion,23,Satara,FAQ,Karad,400,300,350,Maharashtra,Other
17/06/2008,Onion,23,Satara,FAQ,Karad,500,250,300,Maharashtra,Other
21/06/2008,Onion,23,Satara,FAQ,Karad,500,300,400,Maharashtra,Other
25/06/2008,Onion,23,Satara,FAQ,Karad,500,300,400,Maharashtra,Other
29/06/2008,Onion,23,Satara,FAQ,Karad,500,250,400,Maharashtra,Other
05/07/2008,Onion,23,Satara,FAQ,Karad,600,350,500,Maharashtra,Other
13/07/2008,Onion,23,Satara,FAQ,Karad,700,400,550,Maharashtra,Other
22/07/2008,Onion,23,Satara,FAQ,Karad,950,600,775,Maharashtra,Other
28/07/2008,Onion,23,Satara,FAQ,Karad,1000,800,900,Maharashtra,Other
31/07/2008,Onion,23,Satara,FAQ,Karad,800,600,700,Maharashtra,Other
05/08/2008,Onion,23,Satara,FAQ,Karad,900,700,800,Maharashtra,Other
04/09/2008,Onion,23,Satara,FAQ,Karad,850,500,675,Maharashtra,Other
08/09/2008,Onion,23,Satara,FAQ,Karad,900,600,850,Maharashtra,Other
11/09/2008,Onion,23,Satara,FAQ,Karad,850,550,700,Maharashtra,Other
13/09/2008,Onion,23,Satara,FAQ,Karad,800,400,600,Maharashtra,Other
24/09/2008,Onion,23,Satara,FAQ,Karad,700,200,600,Maharashtra,Other
29/09/2008,Onion,23,Satara,FAQ,Karad,700,200,450,Maharashtra,Other
06/10/2008,Onion,23,Satara,FAQ,Karad,700,200,450,Maharashtra,Other
08/10/2008,Onion,23,Satara,FAQ,Karad,700,200,450,Maharashtra,Other
16/10/2008,Onion,23,Satara,FAQ,Karad,750,200,500,Maharashtra,Other
20/10/2008,Onion,23,Satara,FAQ,Karad,700,300,500,Maharashtra,Other
06/11/2008,Onion,23,Satara,FAQ,Karad,1000,500,750,Maharashtra,Other
17/12/2008,Onion,23,Satara,FAQ,Karad,1000,500,900,Maharashtra,Other
05/05/2025,Onion,23,Satara,Local,Karad,1300,500,1300,Maharashtra,Other
10/05/2025,Onion,23,Satara,Local,Karad,1400,500,1400,Maharashtra,Other
12/05/2025,Onion,23,Satara,Local,Karad,1500,500,1500,Maharashtra,Other
13/05/2025,Onion,23,Satara,Local,Karad,1600,200,1600,Maharashtra,Other
17/05/2025,Onion,23,Satara,Local,Karad,1600,200,1600,Maharashtra,Other
15/04/2025,Onion,23,Satara,Local,Karad,1400,500,1400,Maharashtra,Other
20/04/2025,Onion,23,Satara,Local,Karad,1200,1000,1200,Maharashtra,Other
21/04/2025,Onion,23,Satara,Local,Karad,1400,500,1400,Maharashtra,Other
29/04/2025,Onion,23,Satara,Local,Karad,1250,500,1250,Maharashtra,Other
02/11/2024,Onion,23,Satara,FAQ,Karad,5000,3000,5000,Maharashtra,Other
13/11/2024,Onion,23,Satara,FAQ,Karad,3500,2000,3500,Maharashtra,Other
17/11/2024,Onion,23,Satara,FAQ,Karad,3500,2000,3500,Maharashtra,Other
08/07/2024,Onion,23,Satara,FAQ,Karad,3000,500,3000,Maharashtra,Other
09/07/2024,Onion,23,Satara,FAQ,Karad,3000,1500,3000,Maharashtra,Other
31/07/2024,Onion,23,Satara,FAQ,Karad,3000,1000,3000,Maharashtra,Other
01/08/2024,Onion,23,Satara,FAQ,Karad,3000,1000,3000,Maharashtra,Other
12/09/2024,Onion,23,Satara,FAQ,Karad,4000,3000,4000,Maharashtra,Other
25/09/2024,Onion,23,Satara,FAQ,Karad,5000,3000,5000,Maharashtra,Other
01/11/2025,Onion,23,Satara,Local,Karad,1600,400,1600,Maharashtra,Other
27/10/2025,Onion,23,Satara,Local,Karad,2000,1000,2000,Maharashtra,Other
04/02/2026,Onion,23,Satara,Local,Karad APMC,1400,1000,1400,Maharashtra,Other
10/02/2026,Onion,23,Satara,Local,Karad APMC,1400,1000,1400,Maharashtra,Other
12/02/2026,Onion,23,Satara,Local,Karad APMC,1500,300,1500,Maharashtra,Other
23/02/2026,Onion,23,Satara,Local,Karad APMC,1400,1000,1400,Maharashtra,Other
25/02/2026,Onion,23,Satara,Local,Karad APMC,1500,200,1500,Maharashtra,Other
01/01/2026,Onion,23,Satara,Local,Karad APMC,2000,500,2000,Maharashtra,Other
03/01/2026,Onion,23,Satara,Local,Karad APMC,1300,500,1300,Maharashtra,Other
06/01/2026,Onion,23,Satara,Local,Karad APMC,1500,500,1500,Maharashtra,Other
13/01/2026,Onion,23,Satara,Local,Karad APMC,1300,500,1300,Maharashtra,Other
18/01/2026,Onion,23,Satara,Local,Karad APMC,1300,500,1300,Maharashtra,Other
24/12/2025,Onion,23,Satara,Local,Karad APMC,1300,500,1300,Maharashtra,Other
26/11/2025,Onion,23,Satara,Local,Karad APMC,1300,500,1300,Maharashtra,Other
03/11/2025,Onion,23,Satara,Local,Karad APMC,1700,1000,1700,Maharashtra,Other
03/03/2026,Onion,23,Satara,Local,Karad APMC,1500,300,1500,Maharashtra,Other
18/03/2026,Onion,23,Satara,Local,Karad APMC,1300,500,1300,Maharashtra,Other
30/03/2026,Onion,23,Satara,Local,Karad APMC,1300,800,1300,Maharashtra,Other
14/05/2026,Onion,23,Satara,Local,Karad APMC,1300,300,1300,Maharashtra,Halva
25/05/2026,Onion,23,Satara,Local,Karad APMC,1000,500,1000,Maharashtra,Halva
01/04/2026,Onion,23,Satara,Local,Karad APMC,1300,1000,1300,Maharashtra,Other
04/04/2026,Onion,23,Satara,Local,Karad APMC,1500,700,1500,Maharashtra,Other
18/04/2026,Onion,23,Satara,Local,Karad APMC,1000,500,1000,Maharashtra,Other
21/04/2026,Onion,23,Satara,Local,Karad APMC,1200,200,1200,Maharashtra,Other
06/06/2026,Onion,23,Satara,Local,Karad APMC,1000,300,1000,Maharashtra,Halva
24/06/2026,Onion,23,Satara,Local,Karad APMC,2300,500,2300,Maharashtra,Halva
09/06/2026,Onion,23,Satara,Local,Karad APMC,1800,300,1800,Maharashtra,Halva
18/06/2026,Onion,23,Satara,Local,Karad APMC,1500,1000,1500,Maharashtra,Halva
29/06/2026,Onion,23,Satara,Local,Karad APMC,1400,500,1400,Maharashtra,Halva
06/07/2026,Onion,23,Satara,Local,Karad APMC,2500,500,2500,Maharashtra,Halva
18/07/2026,Onion,23,Satara,Local,Karad APMC,2500,500,2500,Maharashtra,Halva
04/08/2026,Onion,23,Satara,Local,Karad APMC,2500,1500,2500,Maharashtra,Halva
10/08/2026,Onion,23,Satara,Local,Karad APMC,1800,500,1800,Maharashtra,Halva
11/08/2026,Onion,23,Satara,Local,Karad APMC,1700,1000,1700,Maharashtra,Halva
13/08/2026,Onion,23,Satara,Local,Karad APMC,2500,1500,2500,Maharashtra,Halva
17/08/2026,Onion,23,Satara,Local,Karad APMC,3000,2000,3000,Maharashtra,Halva
22/08/2026,Onion,23,Satara,Local,Karad APMC,4500,1500,4500,Maharashtra,Halva
07/12/2025,Onion,23,Satara,Local,Karad APMC,1000,300,1000,Maharashtra,Other
21/01/2026,Onion,23,Satara,Local,Karad APMC,1300,500,1300,Maharashtra,Other
11/01/2026,Onion,23,Satara,Local,Karad APMC,1000,500,1000,Maharashtra,Other
08/01/2026,Onion,23,Satara,Local,Karad APMC,1300,500,1300,Maharashtra,Other
28/02/2026,Onion,23,Satara,Local,Karad APMC,1400,1000,1400,Maharashtra,Other
24/02/2026,Onion,23,Satara,Local,Karad APMC,1300,500,1300,Maharashtra,Other
28/03/2026,Onion,23,Satara,Local,Karad APMC,1200,500,1200,Maharashtra,Other
02/03/2026,Onion,23,Satara,Local,Karad APMC,1400,300,1400,Maharashtra,Other
09/03/2026,Onion,23,Satara,Local,Karad APMC,1400,500,1400,Maharashtra,Other
10/03/2026,Onion,23,Satara,Local,Karad APMC,1500,400,1500,Maharashtra,Other
22/11/2025,Onion,23,Satara,Local,Karad APMC,1300,500,1300,Maharashtra,Other
01/11/2025,Onion,23,Satara,Local,Karad APMC,1600,400,1600,Maharashtra,Other
06/04/2026,Onion,23,Satara,Local,Karad APMC,1300,300,1300,Maharashtra,Other
12/04/2026,Onion,23,Satara,Local,Karad APMC,1400,500,1400,Maharashtra,Other
13/04/2026,Onion,23,Satara,Local,Karad APMC,1200,500,1200,Maharashtra,Other
03/05/2026,Onion,23,Satara,Local,Karad APMC,1200,500,1200,Maharashtra,Other
05/05/2026,Onion,23,Satara,Local,Karad APMC,1300,500,1300,Maharashtra,Other
05/05/2026,Onion,23,Satara,Local,Karad APMC,1300,500,1300,Maharashtra,Halva
09/05/2026,Onion,23,Satara,Local,Karad APMC,1100,200,1100,Maharashtra,Halva
19/05/2026,Onion,23,Satara,Local,Karad APMC,1400,800,1400,Maharashtra,Halva
02/06/2026,Onion,23,Satara,Local,Karad APMC,1300,700,1300,Maharashtra,Halva
10/06/2026,Onion,23,Satara,Local,Karad APMC,1800,1000,1800,Maharashtra,Halva
13/06/2026,Onion,23,Satara,Local,Karad APMC,1300,500,1300,Maharashtra,Halva
21/06/2026,Onion,23,Satara,Local,Karad APMC,1500,300,1500,Maharashtra,Halva
20/06/2026,Onion,23,Satara,Local,Karad APMC,1500,300,1500,Maharashtra,Halva
09/07/2026,Onion,23,Satara,Local,Karad APMC,3000,2500,3000,Maharashtra,Halva
15/07/2026,Onion,23,Satara,Local,Karad APMC,2450,1800,2450,Maharashtra,Halva
21/07/2026,Onion,23,Satara,Local,Karad APMC,2600,2200,2600,Maharashtra,Halva
22/07/2026,Onion,23,Satara,Local,Karad APMC,2500,2000,2500,Maharashtra,Halva
01/08/2026,Onion,23,Satara,Local,Karad APMC,2500,1500,2500,Maharashtra,Halva
21/02/2026,Onion,23,Satara,Local,Karad APMC,1400,1000,1400,Maharashtra,Other
09/02/2026,Onion,23,Satara,Local,Karad APMC,1500,500,1500,Maharashtra,Other
11/02/2026,Onion,23,Satara,Local,Karad APMC,1300,500,1300,Maharashtra,Other
02/02/2026,Onion,23,Satara,Local,Karad APMC,1300,500,1300,Maharashtra,Other
16/03/2026,Onion,23,Satara,Local,Karad APMC,1300,500,1300,Maharashtra,Other
14/03/2026,Onion,23,Satara,Local,Karad APMC,1400,500,1400,Maharashtra,Other
22/03/2026,Onion,23,Satara,Local,Karad APMC,1400,1000,1400,Maharashtra,Other
13/12/2025,Onion,23,Satara,Local,Karad APMC,1300,500,1300,Maharashtra,Other
17/12/2025,Onion,23,Satara,Local,Karad APMC,1300,500,1300,Maharashtra,Other
29/12/2025,Onion,23,Satara,Local,Karad APMC,1300,500,1300,Maharashtra,Other
04/12/2025,Onion,23,Satara,Local,Karad APMC,1000,300,1000,Maharashtra,Other
30/12/2025,Onion,23,Satara,Local,Karad APMC,2200,1500,2200,Maharashtra,Other
11/11/2025,Onion,23,Satara,Local,Karad APMC,1700,200,1700,Maharashtra,Other
17/11/2025,Onion,23,Satara,Local,Karad APMC,1400,1000,1400,Maharashtra,Other
18/11/2025,Onion,23,Satara,Local,Karad APMC,1400,500,1400,Maharashtra,Other
20/01/2026,Onion,23,Satara,Local,Karad APMC,1800,500,1800,Maharashtra,Other
27/01/2026,Onion,23,Satara,Local,Karad APMC,1700,1000,1700,Maharashtra,Other
07/01/2026,Onion,23,Satara,Local,Karad APMC,1300,500,1300,Maharashtra,Other
09/04/2026,Onion,23,Satara,Local,Karad APMC,1300,500,1300,Maharashtra,Other
15/04/2026,Onion,23,Satara,Local,Karad APMC,1400,500,1400,Maharashtra,Other
26/04/2026,Onion,23,Satara,Local,Karad APMC,1300,500,1300,Maharashtra,Other
06/05/2026,Onion,23,Satara,Local,Karad APMC,1300,500,1300,Maharashtra,Halva
12/05/2026,Onion,23,Satara,Local,Karad APMC,1200,500,1200,Maharashtra,Halva
18/05/2026,Onion,23,Satara,Local,Karad APMC,1300,500,1300,Maharashtra,Halva
08/06/2026,Onion,23,Satara,Local,Karad APMC,1300,500,1300,Maharashtra,Halva
16/06/2026,Onion,23,Satara,Local,Karad APMC,1200,1000,1200,Maharashtra,Halva
22/06/2026,Onion,23,Satara,Local,Karad APMC,1400,500,1400,Maharashtra,Halva
13/07/2026,Onion,23,Satara,Local,Karad APMC,2300,1000,2300,Maharashtra,Halva
11/07/2026,Onion,23,Satara,Local,Karad APMC,3000,2000,3000,Maharashtra,Halva
20/07/2026,Onion,23,Satara,Local,Karad APMC,2200,1000,2200,Maharashtra,Halva
30/07/2026,Onion,23,Satara,Local,Karad APMC,2500,500,2500,Maharashtra,Halva
05/08/2026,Onion,23,Satara,Local,Karad APMC,2200,1000,2200,Maharashtra,Halva
12/08/2026,Onion,23,Satara,Local,Karad APMC,2600,500,2600,Maharashtra,Halva
16/08/2026,Onion,23,Satara,Local,Karad APMC,3800,1000,3800,Maharashtra,Halva
18/08/2026,Onion,23,Satara,Local,Karad APMC,3500,500,3500,Maharashtra,Halva
20/08/2026,Onion,23,Satara,Local,Karad APMC,4000,3000,4000,Maharashtra,Halva
23/08/2026,Onion,23,Satara,Local,Karad APMC,3000,2500,3000,Maharashtra,Halva
08/12/2025,Onion,23,Satara,Local,Karad APMC,1400,1000,1400,Maharashtra,Other
15/12/2025,Onion,23,Satara,Local,Karad APMC,1300,500,1300,Maharashtra,Other
27/12/2025,Onion,23,Satara,Local,Karad APMC,1300,500,1300,Maharashtra,Other
08/11/2025,Onion,23,Satara,Local,Karad APMC,1600,300,1600,Maharashtra,Other
12/11/2025,Onion,23,Satara,Local,Karad APMC,1600,500,1600,Maharashtra,Other
19/11/2025,Onion,23,Satara,Local,Karad APMC,1500,300,1500,Maharashtra,Other
29/11/2025,Onion,23,Satara,Local,Karad APMC,1500,300,1500,Maharashtra,Other
03/02/2026,Onion,23,Satara,Local,Karad APMC,1400,1000,1400,Maharashtra,Other
05/02/2026,Onion,23,Satara,Local,Karad APMC,1300,500,1300,Maharashtra,Other
16/02/2026,Onion,23,Satara,Local,Karad APMC,1300,500,1300,Maharashtra,Other
05/01/2026,Onion,23,Satara,Local,Karad APMC,1800,1000,1800,Maharashtra,Other
10/01/2026,Onion,23,Satara,Local,Karad APMC,1200,500,1200,Maharashtra,Other
17/01/2026,Onion,23,Satara,Local,Karad APMC,1300,500,1300,Maharashtra,Other
07/03/2026,Onion,23,Satara,Local,Karad APMC,1400,400,1400,Maharashtra,Other
20/03/2026,Onion,23,Satara,Local,Karad APMC,1300,500,1300,Maharashtra,Other
23/04/2026,Onion,23,Satara,Local,Karad APMC,1400,500,1400,Maharashtra,Other
25/04/2026,Onion,23,Satara,Local,Karad APMC,1400,300,1400,Maharashtra,Other
27/04/2026,Onion,23,Satara,Local,Karad APMC,1300,500,1300,Maharashtra,Other
29/04/2026,Onion,23,Satara,Local,Karad APMC,1000,200,1000,Maharashtra,Other
05/04/2026,Onion,23,Satara,Local,Karad APMC,1300,500,1300,Maharashtra,Other
07/04/2026,Onion,23,Satara,Local,Karad APMC,1400,500,1400,Maharashtra,Other
16/04/2026,Onion,23,Satara,Local,Karad APMC,1000,500,1000,Maharashtra,Other
19/04/2026,Onion,23,Satara,Local,Karad APMC,1300,1000,1300,Maharashtra,Other
02/05/2026,Onion,23,Satara,Local,Karad APMC,1300,500,1300,Maharashtra,Other
10/05/2026,Onion,23,Satara,Local,Karad APMC,1200,500,1200,Maharashtra,Halva
13/05/2026,Onion,23,Satara,Local,Karad APMC,1100,300,1100,Maharashtra,Halva
16/05/2026,Onion,23,Satara,Local,Karad APMC,1400,1000,1400,Maharashtra,Halva
26/05/2026,Onion,23,Satara,Local,Karad APMC,1200,300,1200,Maharashtra,Halva
15/06/2026,Onion,23,Satara,Local,Karad APMC,1900,300,1900,Maharashtra,Halva
25/06/2026,Onion,23,Satara,Local,Karad APMC,1400,1000,1400,Maharashtra,Halva
04/07/2026,Onion,23,Satara,Local,Karad APMC,2500,1500,2500,Maharashtra,Halva
02/07/2026,Onion,23,Satara,Local,Karad APMC,1400,500,1400,Maharashtra,Halva
29/07/2026,Onion,23,Satara,Local,Karad APMC,2400,1800,2400,Maharashtra,Halva
28/07/2026,Onion,23,Satara,Local,Karad APMC,2300,2000,2300,Maharashtra,Halva
08/08/2026,Onion,23,Satara,Local,Karad APMC,2800,1000,2800,Maharashtra,Halva
24/08/2026,Onion,23,Satara,Local,Karad APMC,4000,1500,4000,Maharashtra,Halva
01/03/2026,Onion,23,Satara,Local,Karad APMC,1200,300,1200,Maharashtra,Other
23/03/2026,Onion,23,Satara,Local,Karad APMC,1300,500,1300,Maharashtra,Other
31/03/2026,Onion,23,Satara,Local,Karad APMC,1500,300,1500,Maharashtra,Other
03/12/2025,Onion,23,Satara,Local,Karad APMC,1500,300,1500,Maharashtra,Other
31/12/2025,Onion,23,Satara,Local,Karad APMC,1300,500,1300,Maharashtra,Other
18/12/2025,Onion,23,Satara,Local,Karad APMC,2000,1500,2000,Maharashtra,Other
04/03/2026,Onion,23,Satara,Local,Karad APMC,1300,500,1300,Maharashtra,Other
12/01/2026,Onion,23,Satara,Local,Karad APMC,1300,500,1300,Maharashtra,Other
19/01/2026,Onion,23,Satara,Local,Karad APMC,1500,1000,1500,Maharashtra,Other
04/01/2026,Onion,23,Satara,Local,Karad APMC,2000,1500,2000,Maharashtra,Other
24/01/2026,Onion,23,Satara,Local,Karad APMC,1500,300,1500,Maharashtra,Other
14/02/2026,Onion,23,Satara,Local,Karad APMC,1300,500,1300,Maharashtra,Other
15/02/2026,Onion,23,Satara,Local,Karad APMC,1300,300,1300,Maharashtra,Other
04/11/2025,Onion,23,Satara,Local,Karad APMC,1600,500,1600,Maharashtra,Other
15/11/2025,Onion,23,Satara,Local,Karad APMC,1300,500,1300,Maharashtra,Other
10/11/2025,Onion,23,Satara,Local,Karad APMC,1300,500,1300,Maharashtra,Other
07/05/2026,Onion,23,Satara,Local,Karad APMC,1300,500,1300,Maharashtra,Halva
11/05/2026,Onion,23,Satara,Local,Karad APMC,1300,500,1300,Maharashtra,Halva
17/05/2026,Onion,23,Satara,Local,Karad APMC,1300,500,1300,Maharashtra,Halva
20/05/2026,Onion,23,Satara,Local,Karad APMC,1500,300,1500,Maharashtra,Halva
23/05/2026,Onion,23,Satara,Local,Karad APMC,2200,1500,2200,Maharashtra,Halva
31/05/2026,Onion,23,Satara,Local,Karad APMC,1500,200,1500,Maharashtra,Halva
04/05/2026,Onion,23,Satara,Local,Karad APMC,1200,500,1200,Maharashtra,Other
28/04/2026,Onion,23,Satara,Local,Karad APMC,1300,500,1300,Maharashtra,Other
08/04/2026,Onion,23,Satara,Local,Karad APMC,1300,500,1300,Maharashtra,Other
11/04/2026,Onion,23,Satara,Local,Karad APMC,1300,500,1300,Maharashtra,Other
14/04/2026,Onion,23,Satara,Local,Karad APMC,1300,1000,1300,Maharashtra,Other
20/04/2026,Onion,23,Satara,Local,Karad APMC,1300,800,1300,Maharashtra,Other
03/06/2026,Onion,23,Satara,Local,Karad APMC,2000,500,2000,Maharashtra,Halva
04/06/2026,Onion,23,Satara,Local,Karad APMC,2000,300,2000,Maharashtra,Halva
11/06/2026,Onion,23,Satara,Local,Karad APMC,1300,500,1300,Maharashtra,Halva
27/06/2026,Onion,23,Satara,Local,Karad APMC,1300,500,1300,Maharashtra,Halva
28/06/2026,Onion,23,Satara,Local,Karad APMC,1600,600,1600,Maharashtra,Halva
01/07/2026,Onion,23,Satara,Local,Karad APMC,2500,500,2500,Maharashtra,Halva
05/07/2026,Onion,23,Satara,Local,Karad APMC,2000,1000,2000,Maharashtra,Halva
07/07/2026,Onion,23,Satara,Local,Karad APMC,2500,1500,2500,Maharashtra,Halva
08/07/2026,Onion,23,Satara,Local,Karad APMC,3000,2000,3000,Maharashtra,Halva
14/07/2026,Onion,23,Satara,Local,Karad APMC,2500,2000,2500,Maharashtra,Halva
19/07/2026,Onion,23,Satara,Local,Karad APMC,2500,1500,2500,Maharashtra,Halva
27/07/2026,Onion,23,Satara,Local,Karad APMC,2200,1800,2200,Maharashtra,Halva
03/08/2026,Onion,23,Satara,Local,Karad APMC,2700,1700,2700,Maharashtra,Halva
02/08/2026,Onion,23,Satara,Local,Karad APMC,2600,1500,2600,Maharashtra,Halva
09/08/2026,Onion,23,Satara,Local,Karad APMC,1500,1200,1500,Maharashtra,Halva
19/08/2026,Onion,23,Satara,Local,Karad APMC,3500,2500,3500,Maharashtra,Halva
25/08/2026,Onion,23,Satara,Local,Karad APMC,4000,3000,4000,Maharashtra,Halva
20/02/2015,Onion,23,Satara,FAQ,Koregaon,1500,400,950,Maharashtra,Other
27/02/2015,Onion,23,Satara,FAQ,Koregaon,1400,800,1100,Maharashtra,Other
06/03/2015,Onion,23,Satara,FAQ,Koregaon,1200,900,1050,Maharashtra,Other
05/06/2015,Onion,23,Satara,FAQ,Koregaon,1700,1400,1550,Maharashtra,Other
03/07/2015,Onion,23,Satara,FAQ,Koregaon,1700,1400,1400,Maharashtra,Other
11/09/2015,Onion,23,Satara,FAQ,Koregaon,5100,4000,4500,Maharashtra,Other
09/10/2015,Onion,23,Satara,FAQ,Koregaon,3900,2000,2500,Maharashtra,Other
24/10/2015,Onion,23,Satara,FAQ,Koregaon,1400,500,800,Maharashtra,Other
29/01/2016,Onion,23,Satara,FAQ,Koregaon,1300,700,1000,Maharashtra,Other
26/02/2016,Onion,23,Satara,FAQ,Koregaon,810,300,560,Maharashtra,Other
06/05/2016,Onion,23,Satara,FAQ,Koregaon,720,200,460,Maharashtra,Other
20/05/2016,Onion,23,Satara,FAQ,Koregaon,700,200,450,Maharashtra,Other
11/06/2016,Onion,23,Satara,FAQ,Koregaon,700,200,450,Maharashtra,Other
17/06/2016,Onion,23,Satara,FAQ,Koregaon,800,200,500,Maharashtra,Other
09/07/2010,Onion,23,Satara,FAQ,Koregaon,600,500,550,Maharashtra,Other
10/09/2010,Onion,23,Satara,FAQ,Koregaon,1020,900,960,Maharashtra,Other
26/11/2010,Onion,23,Satara,FAQ,Koregaon,2200,1000,1600,Maharashtra,Other
25/02/2011,Onion,23,Satara,FAQ,Koregaon,700,600,650,Maharashtra,Other
08/06/2012,Onion,23,Satara,FAQ,Koregaon,570,300,435,Maharashtra,Other
20/07/2012,Onion,23,Satara,FAQ,Koregaon,700,300,500,Maharashtra,Other
14/09/2012,Onion,23,Satara,FAQ,Koregaon,700,100,400,Maharashtra,Other
12/10/2012,Onion,23,Satara,FAQ,Koregaon,730,200,465,Maharashtra,Other
30/11/2012,Onion,23,Satara,FAQ,Koregaon,1650,1000,1325,Maharashtra,Other
23/10/2009,Onion,23,Satara,FAQ,Koregaon,1600,800,1200,Maharashtra,Other
29/08/2008,Onion,23,Satara,FAQ,Koregaon,675,360,517,Maharashtra,Other
01/03/2013,Onion,23,Satara,FAQ,Koregaon,1350,560,1055,Maharashtra,Other
19/04/2013,Onion,23,Satara,FAQ,Koregaon,960,200,580,Maharashtra,Other
03/05/2013,Onion,23,Satara,FAQ,Koregaon,970,310,640,Maharashtra,Other
10/05/2013,Onion,23,Satara,FAQ,Koregaon,1060,400,730,Maharashtra,Other
07/06/2013,Onion,23,Satara,FAQ,Koregaon,1500,400,850,Maharashtra,Other
14/06/2013,Onion,23,Satara,FAQ,Koregaon,1700,500,1100,Maharashtra,Other
02/08/2013,Onion,23,Satara,FAQ,Koregaon,2500,1000,1750,Maharashtra,Other
12/10/2007,Onion,23,Satara,FAQ,Koregaon,800,700,750,Maharashtra,Other
19/10/2007,Onion,23,Satara,FAQ,Koregaon,1000,700,850,Maharashtra,Other
17/04/2015,Onion,23,Satara,FAQ,Koregaon,1000,800,900,Maharashtra,Other
24/04/2015,Onion,23,Satara,FAQ,Koregaon,800,700,750,Maharashtra,Other
22/05/2015,Onion,23,Satara,FAQ,Koregaon,1400,800,1100,Maharashtra,Other
26/06/2015,Onion,23,Satara,FAQ,Koregaon,1700,1400,1550,Maharashtra,Other
24/07/2015,Onion,23,Satara,FAQ,Koregaon,2900,2000,2400,Maharashtra,Other
14/08/2015,Onion,23,Satara,FAQ,Koregaon,3800,3500,3500,Maharashtra,Other
16/10/2015,Onion,23,Satara,FAQ,Koregaon,2900,500,2000,Maharashtra,Other
13/11/2015,Onion,23,Satara,FAQ,Koregaon,4100,2000,3200,Maharashtra,Other
20/11/2015,Onion,23,Satara,FAQ,Koregaon,4000,1500,2750,Maharashtra,Other
18/01/2013,Onion,23,Satara,FAQ,Koregaon,1500,1000,1250,Maharashtra,Other
08/02/2013,Onion,23,Satara,FAQ,Koregaon,1700,500,1100,Maharashtra,Other
15/02/2013,Onion,23,Satara,FAQ,Koregaon,1450,700,1075,Maharashtra,Other
23/08/2013,Onion,23,Satara,FAQ,Koregaon,3700,1600,2650,Maharashtra,Other
06/09/2013,Onion,23,Satara,FAQ,Koregaon,4800,2540,3670,Maharashtra,Other
15/06/2012,Onion,23,Satara,FAQ,Koregaon,650,230,440,Maharashtra,Other
13/07/2012,Onion,23,Satara,FAQ,Koregaon,650,200,425,Maharashtra,Other
21/09/2012,Onion,23,Satara,FAQ,Koregaon,650,100,375,Maharashtra,Other
28/09/2012,Onion,23,Satara,FAQ,Koregaon,650,100,375,Maharashtra,Other
05/10/2012,Onion,23,Satara,FAQ,Koregaon,720,300,510,Maharashtra,Other
26/10/2012,Onion,23,Satara,FAQ,Koregaon,1300,410,855,Maharashtra,Other
08/01/2016,Onion,23,Satara,FAQ,Koregaon,1900,1000,1450,Maharashtra,Other
19/02/2016,Onion,23,Satara,FAQ,Koregaon,900,300,600,Maharashtra,Other
18/03/2016,Onion,23,Satara,FAQ,Koregaon,600,200,400,Maharashtra,Other
22/04/2016,Onion,23,Satara,FAQ,Koregaon,500,200,350,Maharashtra,Other
25/06/2016,Onion,23,Satara,FAQ,Koregaon,850,200,525,Maharashtra,Other
14/03/2014,Onion,23,Satara,FAQ,Koregaon,700,300,500,Maharashtra,Other
04/04/2014,Onion,23,Satara,FAQ,Koregaon,700,400,550,Maharashtra,Other
18/07/2014,Onion,23,Satara,FAQ,Koregaon,2100,1000,1550,Maharashtra,Other
29/08/2014,Onion,23,Satara,FAQ,Koregaon,1650,1000,1325,Maharashtra,Other
07/03/2008,Onion,23,Satara,FAQ,Koregaon,300,210,255,Maharashtra,Other
13/03/2008,Onion,23,Satara,FAQ,Koregaon,270,210,240,Maharashtra,Other
27/06/2008,Onion,23,Satara,FAQ,Koregaon,375,250,312,Maharashtra,Other
12/02/2011,Onion,23,Satara,FAQ,Koregaon,700,600,650,Maharashtra,Other
11/03/2011,Onion,23,Satara,FAQ,Koregaon,500,400,450,Maharashtra,Other
14/12/2007,Onion,23,Satara,FAQ,Koregaon,550,400,475,Maharashtra,Other
28/02/2014,Onion,23,Satara,FAQ,Koregaon,650,500,575,Maharashtra,Other
07/03/2014,Onion,23,Satara,FAQ,Koregaon,700,400,550,Maharashtra,Other
26/12/2014,Onion,23,Satara,FAQ,Koregaon,1500,800,1150,Maharashtra,Other
01/02/2013,Onion,23,Satara,FAQ,Koregaon,2350,400,1375,Maharashtra,Other
12/07/2013,Onion,23,Satara,FAQ,Koregaon,2400,800,1600,Maharashtra,Other
26/07/2013,Onion,23,Satara,FAQ,Koregaon,2600,1000,1800,Maharashtra,Other
09/08/2013,Onion,23,Satara,FAQ,Koregaon,3100,2300,2700,Maharashtra,Other
16/08/2013,Onion,23,Satara,FAQ,Koregaon,4750,1900,3325,Maharashtra,Other
04/10/2013,Onion,23,Satara,FAQ,Koregaon,3600,2000,2800,Maharashtra,Other
13/03/2015,Onion,23,Satara,FAQ,Koregaon,1500,800,1150,Maharashtra,Other
03/04/2015,Onion,23,Satara,FAQ,Koregaon,1200,700,950,Maharashtra,Other
29/05/2015,Onion,23,Satara,FAQ,Koregaon,1700,1200,1450,Maharashtra,Other
12/06/2015,Onion,23,Satara,FAQ,Koregaon,2000,1500,1750,Maharashtra,Other
10/07/2015,Onion,23,Satara,FAQ,Koregaon,1600,1200,1400,Maharashtra,Other
17/07/2015,Onion,23,Satara,FAQ,Koregaon,1600,1400,1500,Maharashtra,Other
07/08/2015,Onion,23,Satara,FAQ,Koregaon,3800,2900,3400,Maharashtra,Other
23/10/2015,Onion,23,Satara,FAQ,Koregaon,1400,500,800,Maharashtra,Other
30/10/2015,Onion,23,Satara,FAQ,Koregaon,3400,1500,2200,Maharashtra,Other
27/11/2015,Onion,23,Satara,FAQ,Koregaon,2300,500,1400,Maharashtra,Other
18/12/2015,Onion,23,Satara,FAQ,Koregaon,1500,500,1000,Maharashtra,Other
11/03/2016,Onion,23,Satara,FAQ,Koregaon,800,300,550,Maharashtra,Other
25/03/2016,Onion,23,Satara,FAQ,Koregaon,600,200,400,Maharashtra,Other
29/04/2016,Onion,23,Satara,FAQ,Koregaon,600,200,400,Maharashtra,Other
25/05/2012,Onion,23,Satara,FAQ,Koregaon,450,100,275,Maharashtra,Other
06/07/2012,Onion,23,Satara,FAQ,Koregaon,660,400,530,Maharashtra,Other
10/08/2012,Onion,23,Satara,FAQ,Koregaon,770,200,485,Maharashtra,Other
19/10/2012,Onion,23,Satara,FAQ,Koregaon,850,300,575,Maharashtra,Other
09/11/2012,Onion,23,Satara,FAQ,Koregaon,1200,400,800,Maharashtra,Other
16/11/2012,Onion,23,Satara,FAQ,Koregaon,1200,600,900,Maharashtra,Other
23/11/2012,Onion,23,Satara,FAQ,Koregaon,1550,500,1025,Maharashtra,Other
07/12/2012,Onion,23,Satara,FAQ,Koregaon,1550,700,1125,Maharashtra,Other
25/01/2008,Onion,23,Satara,FAQ,Koregaon,400,250,325,Maharashtra,Other
22/02/2008,Onion,23,Satara,FAQ,Koregaon,300,200,250,Maharashtra,Other
15/05/2010,Onion,23,Satara,FAQ,Koregaon,450,300,375,Maharashtra,Other
01/10/2010,Onion,23,Satara,FAQ,Koregaon,1950,1250,1600,Maharashtra,Other
05/11/2010,Onion,23,Satara,FAQ,Koregaon,1000,900,950,Maharashtra,Other
16/11/2007,Onion,23,Satara,FAQ,Koregaon,700,500,600,Maharashtra,Other
30/11/2007,Onion,23,Satara,FAQ,Koregaon,500,300,400,Maharashtra,Other
28/12/2007,Onion,23,Satara,FAQ,Koregaon,600,350,475,Maharashtra,Other
10/04/2015,Onion,23,Satara,FAQ,Koregaon,1100,800,950,Maharashtra,Other
01/05/2015,Onion,23,Satara,FAQ,Koregaon,1000,900,950,Maharashtra,Other
08/05/2015,Onion,23,Satara,FAQ,Koregaon,1300,800,1050,Maharashtra,Other
04/09/2015,Onion,23,Satara,FAQ,Koregaon,5200,4000,4500,Maharashtra,Other
19/09/2015,Onion,23,Satara,FAQ,Koregaon,5100,4000,4500,Maharashtra,Other
25/09/2015,Onion,23,Satara,FAQ,Koregaon,4300,2000,2500,Maharashtra,Other
04/12/2015,Onion,23,Satara,FAQ,Koregaon,1700,500,1100,Maharashtra,Other
16/10/2009,Onion,23,Satara,FAQ,Koregaon,1600,400,1000,Maharashtra,Other
15/02/2008,Onion,23,Satara,FAQ,Koregaon,245,200,222,Maharashtra,Other
01/01/2016,Onion,23,Satara,FAQ,Koregaon,2000,1000,1500,Maharashtra,Other
15/01/2016,Onion,23,Satara,FAQ,Koregaon,1550,800,1100,Maharashtra,Other
22/01/2016,Onion,23,Satara,FAQ,Koregaon,1550,800,1150,Maharashtra,Other
12/02/2016,Onion,23,Satara,FAQ,Koregaon,860,300,580,Maharashtra,Other
01/04/2016,Onion,23,Satara,FAQ,Koregaon,700,200,450,Maharashtra,Other
08/04/2016,Onion,23,Satara,FAQ,Koregaon,700,200,450,Maharashtra,Other
13/05/2016,Onion,23,Satara,FAQ,Koregaon,700,200,450,Maharashtra,Other
03/06/2016,Onion,23,Satara,FAQ,Koregaon,700,200,450,Maharashtra,Other
01/07/2016,Onion,23,Satara,FAQ,Koregaon,600,200,400,Maharashtra,Other
14/11/2014,Onion,23,Satara,FAQ,Koregaon,1500,300,900,Maharashtra,Other
04/01/2013,Onion,23,Satara,FAQ,Koregaon,1100,800,950,Maharashtra,Other
15/03/2013,Onion,23,Satara,FAQ,Koregaon,1100,300,700,Maharashtra,Other
29/03/2013,Onion,23,Satara,FAQ,Koregaon,1000,500,750,Maharashtra,Other
05/04/2013,Onion,23,Satara,FAQ,Koregaon,1060,500,780,Maharashtra,Other
12/04/2013,Onion,23,Satara,FAQ,Koregaon,1000,400,700,Maharashtra,Other
13/09/2013,Onion,23,Satara,FAQ,Koregaon,5200,2100,3650,Maharashtra,Other
23/03/2012,Onion,23,Satara,FAQ,Koregaon,350,250,300,Maharashtra,Other
13/04/2012,Onion,23,Satara,FAQ,Koregaon,400,200,300,Maharashtra,Other
27/07/2012,Onion,23,Satara,FAQ,Koregaon,550,200,375,Maharashtra,Other
31/08/2012,Onion,23,Satara,FAQ,Koregaon,750,500,625,Maharashtra,Other
06/09/2012,Onion,23,Satara,FAQ,Koregaon,850,525,688,Maharashtra,Other
02/11/2012,Onion,23,Satara,FAQ,Koregaon,1200,400,800,Maharashtra,Other
14/12/2012,Onion,23,Satara,FAQ,Koregaon,1500,700,1100,Maharashtra,Other
21/12/2007,Onion,23,Satara,FAQ,Koregaon,600,450,525,Maharashtra,Other
13/02/2015,Onion,23,Satara,FAQ,Koregaon,1600,700,1150,Maharashtra,Other
20/03/2015,Onion,23,Satara,FAQ,Koregaon,1200,800,1000,Maharashtra,Other
19/06/2015,Onion,23,Satara,FAQ,Koregaon,2000,1700,1850,Maharashtra,Other
30/07/2015,Onion,23,Satara,FAQ,Koregaon,3700,2950,3200,Maharashtra,Other
06/11/2015,Onion,23,Satara,FAQ,Koregaon,2500,1500,2000,Maharashtra,Other
11/12/2015,Onion,23,Satara,FAQ,Koregaon,1700,1000,1350,Maharashtra,Other
25/12/2015,Onion,23,Satara,FAQ,Koregaon,1800,500,1150,Maharashtra,Other
04/05/2012,Onion,23,Satara,FAQ,Koregaon,390,100,195,Maharashtra,Other
01/06/2012,Onion,23,Satara,FAQ,Koregaon,500,300,400,Maharashtra,Other
29/06/2012,Onion,23,Satara,FAQ,Koregaon,700,300,500,Maharashtra,Other
03/08/2012,Onion,23,Satara,FAQ,Koregaon,550,200,375,Maharashtra,Other
24/08/2012,Onion,23,Satara,FAQ,Koregaon,820,300,560,Maharashtra,Other
28/12/2012,Onion,23,Satara,FAQ,Koregaon,1520,800,1160,Maharashtra,Other
07/05/2010,Onion,23,Satara,FAQ,Koregaon,500,400,450,Maharashtra,Other
02/07/2010,Onion,23,Satara,FAQ,Koregaon,600,500,550,Maharashtra,Other
08/10/2010,Onion,23,Satara,FAQ,Koregaon,1600,1200,1400,Maharashtra,Other
24/12/2010,Onion,23,Satara,FAQ,Koregaon,2000,1000,1500,Maharashtra,Other
05/02/2016,Onion,23,Satara,FAQ,Koregaon,1100,800,950,Maharashtra,Other
27/05/2016,Onion,23,Satara,FAQ,Koregaon,700,200,450,Maharashtra,Other
08/07/2016,Onion,23,Satara,FAQ,Koregaon,600,400,500,Maharashtra,Other
18/03/2011,Onion,23,Satara,FAQ,Koregaon,600,400,500,Maharashtra,Other
01/04/2011,Onion,23,Satara,FAQ,Koregaon,500,450,475,Maharashtra,Other
26/04/2013,Onion,23,Satara,FAQ,Koregaon,900,230,565,Maharashtra,Other
19/07/2013,Onion,23,Satara,FAQ,Koregaon,2700,1050,1875,Maharashtra,Other
09/06/2006,Onion,23,Satara,FAQ,Koregaon,230,220,225,Maharashtra,Other
29/02/2008,Onion,23,Satara,FAQ,Koregaon,260,200,230,Maharashtra,Other
11/07/2008,Onion,23,Satara,FAQ,Koregaon,480,350,415,Maharashtra,Other
05/09/2008,Onion,23,Satara,FAQ,Koregaon,650,550,600,Maharashtra,Other
12/09/2008,Onion,23,Satara,FAQ,Koregaon,640,550,595,Maharashtra,Other
22/01/2015,Onion,23,Satara,FAQ,Lonand,1751,700,1400,Maharashtra,Other
05/02/2015,Onion,23,Satara,FAQ,Lonand,1831,800,1400,Maharashtra,Other
09/03/2015,Onion,23,Satara,FAQ,Lonand,1551,800,1300,Maharashtra,Other
23/03/2015,Onion,23,Satara,FAQ,Lonand,1000,500,800,Maharashtra,Other
26/03/2015,Onion,23,Satara,FAQ,Lonand,1200,500,1000,Maharashtra,Other
30/03/2015,Onion,23,Satara,FAQ,Lonand,1301,600,1100,Maharashtra,Other
14/05/2015,Onion,23,Satara,FAQ,Lonand,1651,600,1350,Maharashtra,Other
25/05/2015,Onion,23,Satara,FAQ,Lonand,1700,700,1450,Maharashtra,Other
28/05/2015,Onion,23,Satara,FAQ,Lonand,1900,700,1550,Maharashtra,Other
15/06/2015,Onion,23,Satara,FAQ,Lonand,2250,800,1900,Maharashtra,Other
13/08/2015,Onion,23,Satara,FAQ,Lonand,3800,2000,3500,Maharashtra,Other
30/11/2015,Onion,23,Satara,FAQ,Lonand,2500,900,2000,Maharashtra,Other
07/12/2015,Onion,23,Satara,FAQ,Lonand,1900,800,1100,Maharashtra,Other
28/12/2015,Onion,23,Satara,FAQ,Lonand,1900,800,1500,Maharashtra,Other
31/12/2015,Onion,23,Satara,FAQ,Lonand,2125,900,1700,Maharashtra,Other
08/01/2015,Onion,23,Satara,FAQ,Lonand,1600,500,1200,Maharashtra,Red
03/08/2015,Onion,23,Satara,FAQ,Lonand,2500,1800,2500,Maharashtra,Red
10/09/2015,Onion,23,Satara,FAQ,Lonand,5100,3000,4500,Maharashtra,Red
14/09/2015,Onion,23,Satara,FAQ,Lonand,4600,3000,4000,Maharashtra,Red
17/09/2015,Onion,23,Satara,FAQ,Lonand,4600,2500,4200,Maharashtra,Red
21/09/2015,Onion,23,Satara,FAQ,Lonand,4000,2500,3500,Maharashtra,Red
05/10/2015,Onion,23,Satara,FAQ,Lonand,4000,2000,3200,Maharashtra,Red
15/10/2015,Onion,23,Satara,FAQ,Lonand,2500,900,1900,Maharashtra,Red
19/10/2015,Onion,23,Satara,FAQ,Lonand,2500,800,1800,Maharashtra,Red
26/10/2015,Onion,23,Satara,FAQ,Lonand,3600,1000,2800,Maharashtra,Red
16/11/2015,Onion,23,Satara,FAQ,Lonand,3500,1000,3000,Maharashtra,Red
07/12/2015,Onion,23,Satara,FAQ,Lonand,1050,500,850,Maharashtra,Red
18/01/2016,Onion,23,Satara,FAQ,Lonand,1750,800,1350,Maharashtra,Other
25/02/2016,Onion,23,Satara,FAQ,Lonand,918,300,700,Maharashtra,Other
07/04/2016,Onion,23,Satara,FAQ,Lonand,751,250,600,Maharashtra,Other
21/04/2016,Onion,23,Satara,FAQ,Lonand,800,250,625,Maharashtra,Other
28/04/2016,Onion,23,Satara,FAQ,Lonand,901,300,725,Maharashtra,Other
05/05/2016,Onion,23,Satara,FAQ,Lonand,800,250,600,Maharashtra,Other
12/05/2016,Onion,23,Satara,FAQ,Lonand,725,250,550,Maharashtra,Other
06/06/2016,Onion,23,Satara,FAQ,Lonand,1151,300,850,Maharashtra,Other
23/06/2016,Onion,23,Satara,FAQ,Lonand,1000,300,800,Maharashtra,Other
28/07/2016,Onion,23,Satara,FAQ,Lonand,651,200,450,Maharashtra,Other
08/08/2016,Onion,23,Satara,FAQ,Lonand,751,100,550,Maharashtra,Other
11/08/2016,Onion,23,Satara,FAQ,Lonand,700,200,500,Maharashtra,Other
22/08/2016,Onion,23,Satara,FAQ,Lonand,650,200,450,Maharashtra,Other
29/08/2016,Onion,23,Satara,FAQ,Lonand,675,100,475,Maharashtra,Other
19/09/2016,Onion,23,Satara,FAQ,Lonand,551,150,400,Maharashtra,Other
29/12/2016,Onion,23,Satara,FAQ,Lonand,925,250,700,Maharashtra,Other
07/01/2016,Onion,23,Satara,FAQ,Lonand,1350,600,1100,Maharashtra,Red
11/01/2016,Onion,23,Satara,FAQ,Lonand,1000,400,800,Maharashtra,Red
26/09/2016,Onion,23,Satara,FAQ,Lonand,625,150,475,Maharashtra,Red
10/10/2016,Onion,23,Satara,FAQ,Lonand,600,150,475,Maharashtra,Red
31/10/2016,Onion,23,Satara,FAQ,Lonand,851,200,650,Maharashtra,Red
07/11/2016,Onion,23,Satara,FAQ,Lonand,1350,400,1000,Maharashtra,Red
09/01/2017,Onion,23,Satara,FAQ,Lonand,811,200,675,Maharashtra,Other
16/01/2017,Onion,23,Satara,FAQ,Lonand,750,200,475,Maharashtra,Other
30/01/2017,Onion,23,Satara,FAQ,Lonand,725,200,550,Maharashtra,Other
06/02/2017,Onion,23,Satara,FAQ,Lonand,651,200,500,Maharashtra,Other
02/03/2017,Onion,23,Satara,FAQ,Lonand,625,200,500,Maharashtra,Other
06/03/2017,Onion,23,Satara,FAQ,Lonand,613,150,475,Maharashtra,Other
09/03/2017,Onion,23,Satara,FAQ,Lonand,571,150,475,Maharashtra,Other
16/03/2017,Onion,23,Satara,FAQ,Lonand,600,150,500,Maharashtra,Other
20/04/2017,Onion,23,Satara,FAQ,Lonand,631,200,500,Maharashtra,Other
01/05/2017,Onion,23,Satara,FAQ,Lonand,490,150,375,Maharashtra,Other
15/05/2017,Onion,23,Satara,FAQ,Lonand,410,100,300,Maharashtra,Other
01/06/2017,Onion,23,Satara,FAQ,Lonand,675,200,550,Maharashtra,Other
15/06/2017,Onion,23,Satara,FAQ,Lonand,738,200,600,Maharashtra,Other
17/08/2017,Onion,23,Satara,FAQ,Lonand,2200,700,1900,Maharashtra,Other
31/08/2017,Onion,23,Satara,FAQ,Lonand,1800,500,1600,Maharashtra,Other
11/09/2017,Onion,23,Satara,FAQ,Lonand,1600,500,1400,Maharashtra,Other
14/09/2017,Onion,23,Satara,FAQ,Lonand,1600,500,1350,Maharashtra,Other
30/11/2017,Onion,23,Satara,FAQ,Lonand,3300,1000,2800,Maharashtra,Other
13/07/2017,Onion,23,Satara,FAQ,Lonand,725,200,600,Maharashtra,Red
02/11/2017,Onion,23,Satara,FAQ,Lonand,3200,800,2000,Maharashtra,Red
09/11/2017,Onion,23,Satara,FAQ,Lonand,2800,1000,2200,Maharashtra,Red
23/11/2017,Onion,23,Satara,FAQ,Lonand,4000,1000,3200,Maharashtra,Red
09/01/2006,Onion,23,Satara,FAQ,Lonand,400,250,325,Maharashtra,Other
12/01/2006,Onion,23,Satara,FAQ,Lonand,371,200,275,Maharashtra,Other
10/10/2006,Onion,23,Satara,FAQ,Lonand,350,200,280,Maharashtra,Other
09/10/2006,Onion,23,Satara,FAQ,Lonand,300,225,280,Maharashtra,Red
10/02/2003,Onion,23,Satara,FAQ,Lonand,225,100,190,Maharashtra,Other
24/02/2003,Onion,23,Satara,FAQ,Lonand,232,100,200,Maharashtra,Other
03/03/2003,Onion,23,Satara,FAQ,Lonand,231,125,210,Maharashtra,Other
06/03/2003,Onion,23,Satara,FAQ,Lonand,230,120,210,Maharashtra,Other
03/04/2003,Onion,23,Satara,FAQ,Lonand,275,130,235,Maharashtra,Other
01/05/2003,Onion,23,Satara,FAQ,Lonand,351,150,320,Maharashtra,Other
22/05/2003,Onion,23,Satara,FAQ,Lonand,361,100,315,Maharashtra,Other
26/06/2003,Onion,23,Satara,FAQ,Lonand,521,300,480,Maharashtra,Other
04/12/2003,Onion,23,Satara,FAQ,Lonand,800,350,630,Maharashtra,Other
28/08/2003,Onion,23,Satara,FAQ,Lonand,671,300,625,Maharashtra,Red
01/09/2003,Onion,23,Satara,FAQ,Lonand,660,350,625,Maharashtra,Red
11/09/2003,Onion,23,Satara,FAQ,Lonand,675,325,615,Maharashtra,Red
29/09/2003,Onion,23,Satara,FAQ,Lonand,851,350,775,Maharashtra,Red
06/10/2003,Onion,23,Satara,FAQ,Lonand,900,350,800,Maharashtra,Red
09/10/2003,Onion,23,Satara,FAQ,Lonand,951,350,850,Maharashtra,Red
23/10/2003,Onion,23,Satara,FAQ,Lonand,901,250,700,Maharashtra,Red
18/01/2010,Onion,23,Satara,FAQ,Lonand,1500,450,1250,Maharashtra,Other
25/01/2010,Onion,23,Satara,FAQ,Lonand,1451,450,1200,Maharashtra,Other
01/03/2010,Onion,23,Satara,FAQ,Lonand,800,300,675,Maharashtra,Other
01/04/2010,Onion,23,Satara,FAQ,Lonand,728,300,675,Maharashtra,Other
05/08/2010,Onion,23,Satara,FAQ,Lonand,800,300,600,Maharashtra,Other
12/08/2010,Onion,23,Satara,FAQ,Lonand,925,350,700,Maharashtra,Other
27/09/2010,Onion,23,Satara,FAQ,Lonand,1400,600,1251,Maharashtra,Other
21/10/2010,Onion,23,Satara,FAQ,Lonand,1250,600,1000,Maharashtra,Other
25/10/2010,Onion,23,Satara,FAQ,Lonand,1150,500,950,Maharashtra,Other
15/11/2010,Onion,23,Satara,FAQ,Lonand,2200,700,1600,Maharashtra,Other
20/12/2010,Onion,23,Satara,FAQ,Lonand,5500,3000,4500,Maharashtra,Other
07/01/2010,Onion,23,Satara,FAQ,Lonand,1500,400,1100,Maharashtra,Red
26/08/2010,Onion,23,Satara,FAQ,Lonand,811,811,811,Maharashtra,Red
23/09/2010,Onion,23,Satara,FAQ,Lonand,1351,950,1150,Maharashtra,Red
14/10/2010,Onion,23,Satara,FAQ,Lonand,1400,600,1100,Maharashtra,Red
30/12/2010,Onion,23,Satara,FAQ,Lonand,4000,900,3200,Maharashtra,Red
24/01/2011,Onion,23,Satara,FAQ,Lonand,1300,600,1100,Maharashtra,Other
03/03/2011,Onion,23,Satara,FAQ,Lonand,641,500,580,Maharashtra,Other
07/03/2011,Onion,23,Satara,FAQ,Lonand,570,400,525,Maharashtra,Other
14/03/2011,Onion,23,Satara,FAQ,Lonand,622,450,590,Maharashtra,Other
17/03/2011,Onion,23,Satara,FAQ,Lonand,580,350,500,Maharashtra,Other
06/06/2011,Onion,23,Satara,FAQ,Lonand,750,300,550,Maharashtra,Other
09/06/2011,Onion,23,Satara,FAQ,Lonand,850,350,625,Maharashtra,Other
13/06/2011,Onion,23,Satara,FAQ,Lonand,750,250,600,Maharashtra,Other
16/06/2011,Onion,23,Satara,FAQ,Lonand,750,300,625,Maharashtra,Other
27/06/2011,Onion,23,Satara,FAQ,Lonand,871,320,625,Maharashtra,Other
21/07/2011,Onion,23,Satara,FAQ,Lonand,900,400,700,Maharashtra,Other
08/09/2011,Onion,23,Satara,FAQ,Lonand,1200,900,1100,Maharashtra,Other
15/09/2011,Onion,23,Satara,FAQ,Lonand,951,300,650,Maharashtra,Other
31/10/2011,Onion,23,Satara,FAQ,Lonand,1100,500,975,Maharashtra,Other
17/11/2011,Onion,23,Satara,FAQ,Lonand,970,600,825,Maharashtra,Other
24/11/2011,Onion,23,Satara,FAQ,Lonand,1300,600,1050,Maharashtra,Other
05/12/2011,Onion,23,Satara,FAQ,Lonand,970,600,850,Maharashtra,Other
09/02/2012,Onion,23,Satara,FAQ,Lonand,475,250,400,Maharashtra,Other
20/02/2012,Onion,23,Satara,FAQ,Lonand,425,250,370,Maharashtra,Other
08/03/2012,Onion,23,Satara,FAQ,Lonand,425,225,390,Maharashtra,Other
19/04/2012,Onion,23,Satara,FAQ,Lonand,425,250,375,Maharashtra,Other
26/04/2012,Onion,23,Satara,FAQ,Lonand,425,225,380,Maharashtra,Other
17/05/2012,Onion,23,Satara,FAQ,Lonand,430,150,375,Maharashtra,Other
07/06/2012,Onion,23,Satara,FAQ,Lonand,575,300,500,Maharashtra,Other
16/07/2012,Onion,23,Satara,FAQ,Lonand,650,400,550,Maharashtra,Other
09/08/2012,Onion,23,Satara,FAQ,Lonand,600,300,500,Maharashtra,Other
30/08/2012,Onion,23,Satara,FAQ,Lonand,700,425,650,Maharashtra,Other
06/09/2012,Onion,23,Satara,FAQ,Lonand,655,411,555,Maharashtra,Other
20/09/2012,Onion,23,Satara,FAQ,Lonand,620,400,550,Maharashtra,Other
29/10/2012,Onion,23,Satara,FAQ,Lonand,900,600,750,Maharashtra,Other
01/11/2012,Onion,23,Satara,FAQ,Lonand,1200,700,1000,Maharashtra,Other
08/11/2012,Onion,23,Satara,FAQ,Lonand,1150,800,1000,Maharashtra,Other
13/12/2012,Onion,23,Satara,FAQ,Lonand,1651,700,1300,Maharashtra,Other
18/10/2012,Onion,23,Satara,FAQ,Lonand,900,500,750,Maharashtra,Red
22/11/2012,Onion,23,Satara,FAQ,Lonand,1600,900,1350,Maharashtra,Red
08/01/2009,Onion,23,Satara,FAQ,Lonand,2000,700,1550,Maharashtra,Other
22/01/2009,Onion,23,Satara,FAQ,Lonand,1750,500,1400,Maharashtra,Other
29/01/2009,Onion,23,Satara,FAQ,Lonand,1101,325,925,Maharashtra,Other
02/02/2009,Onion,23,Satara,FAQ,Lonand,1100,350,950,Maharashtra,Other
07/02/2009,Onion,23,Satara,FAQ,Lonand,1250,600,1100,Maharashtra,Other
11/02/2009,Onion,23,Satara,FAQ,Lonand,1250,500,1075,Maharashtra,Other
18/02/2009,Onion,23,Satara,FAQ,Lonand,1200,450,1125,Maharashtra,Other
21/02/2009,Onion,23,Satara,FAQ,Lonand,1250,500,1050,Maharashtra,Other
14/03/2009,Onion,23,Satara,FAQ,Lonand,911,450,811,Maharashtra,Other
23/03/2009,Onion,23,Satara,FAQ,Lonand,555,225,500,Maharashtra,Other
25/03/2009,Onion,23,Satara,FAQ,Lonand,700,400,575,Maharashtra,Other
30/03/2009,Onion,23,Satara,FAQ,Lonand,612,250,575,Maharashtra,Other
04/04/2009,Onion,23,Satara,FAQ,Lonand,550,250,500,Maharashtra,Other
08/04/2009,Onion,23,Satara,FAQ,Lonand,500,200,430,Maharashtra,Other
13/04/2009,Onion,23,Satara,FAQ,Lonand,617,250,570,Maharashtra,Other
02/05/2009,Onion,23,Satara,FAQ,Lonand,485,250,450,Maharashtra,Other
07/05/2009,Onion,23,Satara,FAQ,Lonand,551,250,450,Maharashtra,Other
16/05/2009,Onion,23,Satara,FAQ,Lonand,550,200,500,Maharashtra,Other
04/06/2009,Onion,23,Satara,FAQ,Lonand,820,450,700,Maharashtra,Other
18/06/2009,Onion,23,Satara,FAQ,Lonand,800,325,725,Maharashtra,Other
09/07/2009,Onion,23,Satara,FAQ,Lonand,750,275,600,Maharashtra,Other
23/07/2009,Onion,23,Satara,FAQ,Lonand,700,305,575,Maharashtra,Other
07/09/2009,Onion,23,Satara,FAQ,Lonand,700,500,600,Maharashtra,Other
28/09/2009,Onion,23,Satara,FAQ,Lonand,901,500,800,Maharashtra,Other
08/10/2009,Onion,23,Satara,FAQ,Lonand,1050,400,850,Maharashtra,Other
12/10/2009,Onion,23,Satara,FAQ,Lonand,1250,450,950,Maharashtra,Other
26/10/2009,Onion,23,Satara,FAQ,Lonand,1700,500,1300,Maharashtra,Other
03/09/2009,Onion,23,Satara,FAQ,Lonand,650,250,500,Maharashtra,Red
14/09/2009,Onion,23,Satara,FAQ,Lonand,681,300,525,Maharashtra,Red
21/09/2009,Onion,23,Satara,FAQ,Lonand,741,350,650,Maharashtra,Red
16/11/2009,Onion,23,Satara,FAQ,Lonand,1775,700,1400,Maharashtra,Red
14/01/2008,Onion,23,Satara,FAQ,Lonand,450,200,380,Maharashtra,Other
27/11/2008,Onion,23,Satara,FAQ,Lonand,1030,500,800,Maharashtra,Other
01/12/2008,Onion,23,Satara,FAQ,Lonand,1050,500,850,Maharashtra,Other
22/12/2008,Onion,23,Satara,FAQ,Lonand,1311,450,975,Maharashtra,Other
29/12/2008,Onion,23,Satara,FAQ,Lonand,2000,700,1450,Maharashtra,Other
25/09/2008,Onion,23,Satara,FAQ,Lonand,650,200,400,Maharashtra,Red
29/09/2008,Onion,23,Satara,FAQ,Lonand,600,150,400,Maharashtra,Red
11/12/2008,Onion,23,Satara,FAQ,Lonand,1200,450,850,Maharashtra,Red
03/06/2024,Onion,23,Satara,FAQ,Lonand,2430,800,1500,Maharashtra,Other
01/01/2004,Onion,23,Satara,FAQ,Lonand,900,450,800,Maharashtra,Other
08/01/2004,Onion,23,Satara,FAQ,Lonand,901,500,860,Maharashtra,Other
22/01/2004,Onion,23,Satara,FAQ,Lonand,960,450,860,Maharashtra,Other
08/03/2004,Onion,23,Satara,FAQ,Lonand,530,250,450,Maharashtra,Other
18/03/2004,Onion,23,Satara,FAQ,Lonand,330,150,275,Maharashtra,Other
22/03/2004,Onion,23,Satara,FAQ,Lonand,351,150,275,Maharashtra,Other
15/07/2004,Onion,23,Satara,FAQ,Lonand,390,200,325,Maharashtra,Other
12/08/2004,Onion,23,Satara,FAQ,Lonand,400,125,280,Maharashtra,Other
30/08/2004,Onion,23,Satara,FAQ,Lonand,461,0,461,Maharashtra,Other
16/09/2004,Onion,23,Satara,FAQ,Lonand,551,250,450,Maharashtra,Other
09/12/2004,Onion,23,Satara,FAQ,Lonand,421,250,375,Maharashtra,Other
23/12/2004,Onion,23,Satara,FAQ,Lonand,451,100,350,Maharashtra,Other
30/08/2004,Onion,23,Satara,FAQ,Lonand,331,100,275,Maharashtra,Red
21/10/2004,Onion,23,Satara,FAQ,Lonand,551,150,375,Maharashtra,Red
25/10/2004,Onion,23,Satara,FAQ,Lonand,525,125,400,Maharashtra,Red
04/11/2004,Onion,23,Satara,FAQ,Lonand,451,100,350,Maharashtra,Red
03/01/2013,Onion,23,Satara,FAQ,Lonand,1430,900,1200,Maharashtra,Other
17/01/2013,Onion,23,Satara,FAQ,Lonand,1525,800,1250,Maharashtra,Other
25/02/2013,Onion,23,Satara,FAQ,Lonand,1325,900,1175,Maharashtra,Other
18/03/2013,Onion,23,Satara,FAQ,Lonand,1200,900,1100,Maharashtra,Other
08/04/2013,Onion,23,Satara,FAQ,Lonand,1050,750,950,Maharashtra,Other
11/04/2013,Onion,23,Satara,FAQ,Lonand,971,700,875,Maharashtra,Other
13/05/2013,Onion,23,Satara,FAQ,Lonand,1125,700,1000,Maharashtra,Other
03/06/2013,Onion,23,Satara,FAQ,Lonand,1400,800,1250,Maharashtra,Other
25/07/2013,Onion,23,Satara,FAQ,Lonand,2700,1600,2300,Maharashtra,Other
19/09/2013,Onion,23,Satara,FAQ,Lonand,5500,4000,4500,Maharashtra,Other
28/11/2013,Onion,23,Satara,FAQ,Lonand,2250,700,1600,Maharashtra,Other
02/12/2013,Onion,23,Satara,FAQ,Lonand,2000,700,1500,Maharashtra,Other
30/12/2013,Onion,23,Satara,FAQ,Lonand,1551,700,1200,Maharashtra,Other
22/08/2013,Onion,23,Satara,FAQ,Lonand,2825,900,2200,Maharashtra,Red
03/10/2013,Onion,23,Satara,FAQ,Lonand,3200,1000,2300,Maharashtra,Red
28/11/2013,Onion,23,Satara,FAQ,Lonand,2100,600,1500,Maharashtra,Red
26/12/2013,Onion,23,Satara,FAQ,Lonand,1100,500,900,Maharashtra,Red
30/12/2013,Onion,23,Satara,FAQ,Lonand,1100,500,950,Maharashtra,Red
09/01/2014,Onion,23,Satara,FAQ,Lonand,1151,500,950,Maharashtra,Other
13/01/2014,Onion,23,Satara,FAQ,Lonand,1126,500,900,Maharashtra,Other
23/01/2014,Onion,23,Satara,FAQ,Lonand,951,500,800,Maharashtra,Other
27/01/2014,Onion,23,Satara,FAQ,Lonand,921,400,800,Maharashtra,Other
28/04/2014,Onion,23,Satara,FAQ,Lonand,1150,500,950,Maharashtra,Other
22/05/2014,Onion,23,Satara,FAQ,Lonand,1225,400,950,Maharashtra,Other
12/06/2014,Onion,23,Satara,FAQ,Lonand,1700,500,1500,Maharashtra,Other
16/06/2014,Onion,23,Satara,FAQ,Lonand,1751,500,1500,Maharashtra,Other
30/06/2014,Onion,23,Satara,FAQ,Lonand,2400,800,2000,Maharashtra,Other
07/08/2014,Onion,23,Satara,FAQ,Lonand,1800,700,1500,Maharashtra,Other
14/08/2014,Onion,23,Satara,FAQ,Lonand,1800,900,1500,Maharashtra,Other
15/12/2014,Onion,23,Satara,FAQ,Lonand,2401,900,1700,Maharashtra,Other
15/09/2014,Onion,23,Satara,FAQ,Lonand,1300,700,1100,Maharashtra,Red
13/10/2014,Onion,23,Satara,FAQ,Lonand,2216,700,1500,Maharashtra,Red
13/11/2014,Onion,23,Satara,FAQ,Lonand,1545,700,1300,Maharashtra,Red
08/12/2014,Onion,23,Satara,FAQ,Lonand,2125,800,1550,Maharashtra,Red
25/12/2014,Onion,23,Satara,FAQ,Lonand,1700,800,1300,Maharashtra,Red
13/01/2005,Onion,23,Satara,FAQ,Lonand,500,250,400,Maharashtra,Other
24/01/2005,Onion,23,Satara,FAQ,Lonand,411,100,300,Maharashtra,Other
27/01/2005,Onion,23,Satara,FAQ,Lonand,429,150,340,Maharashtra,Other
04/04/2005,Onion,23,Satara,FAQ,Lonand,340,100,270,Maharashtra,Other
07/04/2005,Onion,23,Satara,FAQ,Lonand,290,120,245,Maharashtra,Other
11/04/2005,Onion,23,Satara,FAQ,Lonand,334,120,240,Maharashtra,Other
18/04/2005,Onion,23,Satara,FAQ,Lonand,279,100,235,Maharashtra,Other
05/09/2005,Onion,23,Satara,FAQ,Lonand,850,300,575,Maharashtra,Red
22/09/2005,Onion,23,Satara,FAQ,Lonand,750,250,500,Maharashtra,Red
17/10/2005,Onion,23,Satara,FAQ,Lonand,1251,500,900,Maharashtra,Red
24/11/2005,Onion,23,Satara,FAQ,Lonand,1125,400,850,Maharashtra,Red
08/02/2007,Onion,23,Satara,FAQ,Lonand,1151,400,1000,Maharashtra,Other
12/02/2007,Onion,23,Satara,FAQ,Lonand,1111,400,1000,Maharashtra,Other
08/03/2007,Onion,23,Satara,FAQ,Lonand,825,250,750,Maharashtra,Other
05/04/2007,Onion,23,Satara,FAQ,Lonand,625,200,475,Maharashtra,Other
30/04/2007,Onion,23,Satara,FAQ,Lonand,550,200,425,Maharashtra,Other
23/08/2007,Onion,23,Satara,FAQ,Lonand,1525,1100,1350,Maharashtra,Other
29/10/2007,Onion,23,Satara,FAQ,Lonand,1259,800,1100,Maharashtra,Other
23/08/2007,Onion,23,Satara,FAQ,Lonand,1251,900,1100,Maharashtra,Red
08/10/2007,Onion,23,Satara,FAQ,Lonand,1200,500,900,Maharashtra,Red
18/10/2007,Onion,23,Satara,FAQ,Lonand,1429,500,1150,Maharashtra,Red
27/05/2024,Onion,23,Satara,FAQ,Lonand,2300,800,1800,Maharashtra,Other
30/05/2024,Onion,23,Satara,FAQ,Lonand,2400,900,1600,Maharashtra,Other
18/01/2021,Onion,23,Satara,FAQ,Lonand,3180,1300,2600,Maharashtra,Other
15/03/2021,Onion,23,Satara,FAQ,Lonand,1700,700,1300,Maharashtra,Other
05/04/2021,Onion,23,Satara,FAQ,Lonand,1001,400,850,Maharashtra,Other
15/04/2021,Onion,23,Satara,FAQ,Lonand,1225,500,1100,Maharashtra,Other
29/04/2021,Onion,23,Satara,FAQ,Lonand,1185,500,1050,Maharashtra,Other
03/05/2021,Onion,23,Satara,FAQ,Lonand,1280,500,1050,Maharashtra,Other
14/06/2021,Onion,23,Satara,FAQ,Lonand,1875,800,1800,Maharashtra,Other
17/06/2021,Onion,23,Satara,FAQ,Lonand,1950,600,1500,Maharashtra,Other
09/08/2021,Onion,23,Satara,FAQ,Lonand,1575,700,1400,Maharashtra,Other
12/08/2021,Onion,23,Satara,FAQ,Lonand,1700,600,1450,Maharashtra,Other
26/08/2021,Onion,23,Satara,FAQ,Lonand,1700,500,1350,Maharashtra,Other
16/12/2021,Onion,23,Satara,FAQ,Lonand,2790,600,1650,Maharashtra,Other
09/09/2021,Onion,23,Satara,FAQ,Lonand,1700,700,1450,Maharashtra,Red
27/09/2021,Onion,23,Satara,FAQ,Lonand,1700,400,1450,Maharashtra,Red
14/10/2021,Onion,23,Satara,FAQ,Lonand,3150,500,2200,Maharashtra,Red
08/11/2021,Onion,23,Satara,FAQ,Lonand,3650,600,2950,Maharashtra,Red
29/11/2021,Onion,23,Satara,FAQ,Lonand,1711,500,1500,Maharashtra,Red
02/12/2021,Onion,23,Satara,FAQ,Lonand,2400,500,1500,Maharashtra,Red
11/01/2024,Onion,23,Satara,FAQ,Lonand,2100,500,1500,Maharashtra,Other
12/02/2024,Onion,23,Satara,FAQ,Lonand,1450,300,1200,Maharashtra,Other
19/02/2024,Onion,23,Satara,FAQ,Lonand,2400,1000,1700,Maharashtra,Red
04/04/2024,Onion,23,Satara,FAQ,Lonand,1550,900,1100,Maharashtra,Red
02/01/2025,Onion,23,Satara,FAQ,Lonand,3240,1000,2800,Maharashtra,Other
20/01/2020,Onion,23,Satara,FAQ,Lonand,4700,1000,3200,Maharashtra,Other
02/03/2020,Onion,23,Satara,FAQ,Lonand,1740,400,1300,Maharashtra,Other
04/06/2020,Onion,23,Satara,FAQ,Lonand,835,100,650,Maharashtra,Other
16/07/2020,Onion,23,Satara,FAQ,Lonand,830,100,600,Maharashtra,Other
30/07/2020,Onion,23,Satara,FAQ,Lonand,801,100,600,Maharashtra,Other
03/08/2020,Onion,23,Satara,FAQ,Lonand,781,100,600,Maharashtra,Other
27/08/2020,Onion,23,Satara,FAQ,Lonand,1516,300,950,Maharashtra,Other
07/09/2020,Onion,23,Satara,FAQ,Lonand,2100,300,1500,Maharashtra,Other
19/11/2020,Onion,23,Satara,FAQ,Lonand,5400,1000,3950,Maharashtra,Other
23/11/2020,Onion,23,Satara,FAQ,Lonand,5700,1000,3800,Maharashtra,Other
31/12/2020,Onion,23,Satara,FAQ,Lonand,3060,800,2300,Maharashtra,Other
24/08/2020,Onion,23,Satara,FAQ,Lonand,1180,400,850,Maharashtra,Red
03/09/2020,Onion,23,Satara,FAQ,Lonand,2000,200,1300,Maharashtra,Red
26/11/2020,Onion,23,Satara,FAQ,Lonand,4700,1000,3300,Maharashtra,Red
24/12/2020,Onion,23,Satara,FAQ,Lonand,2100,800,1700,Maharashtra,Red
19/09/2024,Onion,23,Satara,FAQ,Lonand,4850,1500,3500,Maharashtra,Other
23/09/2024,Onion,23,Satara,FAQ,Lonand,4700,1500,3400,Maharashtra,Other
19/09/2024,Onion,23,Satara,FAQ,Lonand,4240,1000,3000,Maharashtra,Red
12/09/2024,Onion,23,Satara,FAQ,Lonand,3630,1000,2500,Maharashtra,Red
27/01/2022,Onion,23,Satara,FAQ,Lonand,2010,400,1650,Maharashtra,Other
03/02/2022,Onion,23,Satara,FAQ,Lonand,2200,600,1750,Maharashtra,Other
07/02/2022,Onion,23,Satara,FAQ,Lonand,2660,600,2000,Maharashtra,Other
07/03/2022,Onion,23,Satara,FAQ,Lonand,1760,500,1400,Maharashtra,Other
28/04/2022,Onion,23,Satara,FAQ,Lonand,1051,250,800,Maharashtra,Other
02/05/2022,Onion,23,Satara,FAQ,Lonand,1000,350,775,Maharashtra,Other
19/05/2022,Onion,23,Satara,FAQ,Lonand,980,350,800,Maharashtra,Other
23/05/2022,Onion,23,Satara,FAQ,Lonand,1110,350,800,Maharashtra,Other
30/05/2022,Onion,23,Satara,FAQ,Lonand,1200,350,800,Maharashtra,Other
06/06/2022,Onion,23,Satara,FAQ,Lonand,1400,400,850,Maharashtra,Other
20/06/2022,Onion,23,Satara,FAQ,Lonand,1400,400,1000,Maharashtra,Other
04/07/2022,Onion,23,Satara,FAQ,Lonand,1500,350,1000,Maharashtra,Other
28/07/2022,Onion,23,Satara,FAQ,Lonand,1200,350,950,Maharashtra,Other
11/08/2022,Onion,23,Satara,FAQ,Lonand,1500,400,1100,Maharashtra,Other
22/08/2022,Onion,23,Satara,FAQ,Lonand,1400,400,1200,Maharashtra,Other
25/08/2022,Onion,23,Satara,FAQ,Lonand,1400,400,1100,Maharashtra,Other
12/09/2022,Onion,23,Satara,FAQ,Lonand,1400,400,1100,Maharashtra,Other
03/11/2022,Onion,23,Satara,FAQ,Lonand,2700,500,2000,Maharashtra,Other
17/11/2022,Onion,23,Satara,FAQ,Lonand,2200,500,1800,Maharashtra,Other
21/11/2022,Onion,23,Satara,FAQ,Lonand,2000,500,1500,Maharashtra,Other
15/09/2022,Onion,23,Satara,FAQ,Lonand,850,350,700,Maharashtra,Red
31/10/2022,Onion,23,Satara,FAQ,Lonand,2250,400,1700,Maharashtra,Red
03/11/2022,Onion,23,Satara,FAQ,Lonand,2760,500,1900,Maharashtra,Red
19/12/2022,Onion,23,Satara,FAQ,Lonand,2000,400,1500,Maharashtra,Red
15/01/2018,Onion,23,Satara,FAQ,Lonand,3400,100,2700,Maharashtra,Other
08/02/2018,Onion,23,Satara,FAQ,Lonand,1680,500,1200,Maharashtra,Other
26/02/2018,Onion,23,Satara,FAQ,Lonand,1051,400,800,Maharashtra,Other
12/03/2018,Onion,23,Satara,FAQ,Lonand,801,300,625,Maharashtra,Other
17/05/2018,Onion,23,Satara,FAQ,Lonand,761,200,575,Maharashtra,Other
31/05/2018,Onion,23,Satara,FAQ,Lonand,1025,200,800,Maharashtra,Other
07/06/2018,Onion,23,Satara,FAQ,Lonand,951,250,750,Maharashtra,Other
05/07/2018,Onion,23,Satara,FAQ,Lonand,1300,500,1050,Maharashtra,Other
26/07/2018,Onion,23,Satara,FAQ,Lonand,1300,400,1100,Maharashtra,Other
04/01/2018,Onion,23,Satara,FAQ,Lonand,3300,1500,3000,Maharashtra,Red
18/01/2018,Onion,23,Satara,FAQ,Lonand,2800,800,2200,Maharashtra,Red
30/08/2018,Onion,23,Satara,FAQ,Lonand,1122,500,800,Maharashtra,Red
12/11/2018,Onion,23,Satara,FAQ,Lonand,1451,400,1000,Maharashtra,Red
03/12/2018,Onion,23,Satara,FAQ,Lonand,855,200,600,Maharashtra,Red
21/10/2024,Onion,23,Satara,FAQ,Lonand,4065,1500,2800,Maharashtra,Red
10/10/2024,Onion,23,Satara,FAQ,Lonand,3800,1000,2800,Maharashtra,Red
24/10/2024,Onion,23,Satara,FAQ,Lonand,4200,1000,3500,Maharashtra,Red
18/11/2024,Onion,23,Satara,FAQ,Lonand,6150,1300,4500,Maharashtra,Other
11/11/2024,Onion,23,Satara,FAQ,Lonand,4500,1000,3500,Maharashtra,Red
25/11/2024,Onion,23,Satara,FAQ,Lonand,5100,1200,3500,Maharashtra,Red
01/05/2025,Onion,23,Satara,Local,Lonand,1200,500,900,Maharashtra,Other
15/05/2025,Onion,23,Satara,Local,Lonand,1405,500,1000,Maharashtra,Other
04/09/2025,Onion,23,Satara,Local,Lonand,1475,600,1100,Maharashtra,Other
04/09/2025,Onion,23,Satara,Local,Lonand,1400,700,1100,Maharashtra,Red
13/10/2025,Onion,23,Satara,Local,Lonand,1200,100,850,Maharashtra,Red
17/03/2025,Onion,23,Satara,Local,Lonand,1740,700,1200,Maharashtra,Other
27/03/2025,Onion,23,Satara,Local,Lonand,1600,500,1200,Maharashtra,Other
05/12/2024,Onion,23,Satara,FAQ,Lonand,5225,1500,3600,Maharashtra,Other
11/03/2019,Onion,23,Satara,FAQ,Lonand,750,200,550,Maharashtra,Other
14/03/2019,Onion,23,Satara,FAQ,Lonand,651,150,450,Maharashtra,Other
21/03/2019,Onion,23,Satara,FAQ,Lonand,705,150,500,Maharashtra,Other
06/06/2019,Onion,23,Satara,FAQ,Lonand,1551,400,1200,Maharashtra,Other
17/06/2019,Onion,23,Satara,FAQ,Lonand,1400,300,1100,Maharashtra,Other
24/06/2019,Onion,23,Satara,FAQ,Lonand,1275,300,1000,Maharashtra,Other
18/07/2019,Onion,23,Satara,FAQ,Lonand,1261,400,1000,Maharashtra,Other
01/08/2019,Onion,23,Satara,FAQ,Lonand,1351,700,1100,Maharashtra,Other
05/08/2019,Onion,23,Satara,FAQ,Lonand,1431,1200,1300,Maharashtra,Other
08/08/2019,Onion,23,Satara,FAQ,Lonand,1700,800,1500,Maharashtra,Other
19/08/2019,Onion,23,Satara,FAQ,Lonand,1750,1750,1750,Maharashtra,Other
22/08/2019,Onion,23,Satara,FAQ,Lonand,2696,1000,2000,Maharashtra,Other
03/10/2019,Onion,23,Satara,FAQ,Lonand,3060,800,2000,Maharashtra,Other
25/11/2019,Onion,23,Satara,FAQ,Lonand,6500,2000,4300,Maharashtra,Other
02/12/2019,Onion,23,Satara,FAQ,Lonand,9100,3800,5500,Maharashtra,Other
16/12/2019,Onion,23,Satara,FAQ,Lonand,11000,3000,6500,Maharashtra,Other
25/10/2019,Onion,23,Satara,FAQ,Lonand,2700,700,2100,Maharashtra,Red
31/10/2019,Onion,23,Satara,FAQ,Lonand,3501,500,2350,Maharashtra,Red
04/11/2019,Onion,23,Satara,FAQ,Lonand,3700,300,2600,Maharashtra,Red
07/11/2019,Onion,23,Satara,FAQ,Lonand,3400,600,2600,Maharashtra,Red
18/11/2019,Onion,23,Satara,FAQ,Lonand,3600,700,2500,Maharashtra,Red
09/12/2019,Onion,23,Satara,FAQ,Lonand,9200,700,5000,Maharashtra,Red
09/02/2023,Onion,23,Satara,FAQ,Lonand,1400,450,1150,Maharashtra,Other
09/03/2023,Onion,23,Satara,FAQ,Lonand,1311,400,1100,Maharashtra,Other
23/03/2023,Onion,23,Satara,FAQ,Lonand,1100,400,900,Maharashtra,Other
30/03/2023,Onion,23,Satara,FAQ,Lonand,875,350,650,Maharashtra,Other
10/04/2023,Onion,23,Satara,FAQ,Lonand,951,350,800,Maharashtra,Other
13/04/2023,Onion,23,Satara,FAQ,Lonand,880,300,700,Maharashtra,Other
05/06/2023,Onion,23,Satara,FAQ,Lonand,1160,350,800,Maharashtra,Other
26/06/2023,Onion,23,Satara,FAQ,Lonand,1151,300,850,Maharashtra,Other
27/07/2023,Onion,23,Satara,FAQ,Lonand,1445,350,1100,Maharashtra,Other
03/08/2023,Onion,23,Satara,FAQ,Lonand,1600,500,1300,Maharashtra,Other
06/02/2023,Onion,23,Satara,FAQ,Lonand,1401,400,1150,Maharashtra,Red
11/12/2023,Onion,23,Satara,FAQ,Lonand,3400,1000,2500,Maharashtra,Red
24/02/2025,Onion,23,Satara,Local,Lonand,2510,800,1700,Maharashtra,Other
28/02/2025,Onion,23,Satara,Local,Lonand,2600,800,1800,Maharashtra,Other
23/06/2025,Onion,23,Satara,Local,Lonand,1700,400,1200,Maharashtra,Other
03/07/2025,Onion,23,Satara,Local,Lonand,1721,500,1500,Maharashtra,Other
21/07/2025,Onion,23,Satara,Local,Lonand,1350,500,900,Maharashtra,Other
28/07/2025,Onion,23,Satara,Local,Lonand,1300,500,1000,Maharashtra,Other
12/01/2015,Onion,23,Satara,FAQ,Lonand,1500,700,1200,Maharashtra,Other
15/01/2015,Onion,23,Satara,FAQ,Lonand,1550,600,1150,Maharashtra,Other
12/02/2015,Onion,23,Satara,FAQ,Lonand,1700,800,1300,Maharashtra,Other
16/03/2015,Onion,23,Satara,FAQ,Lonand,1425,600,1200,Maharashtra,Other
19/03/2015,Onion,23,Satara,FAQ,Lonand,1300,600,1100,Maharashtra,Other
18/05/2015,Onion,23,Satara,FAQ,Lonand,1700,600,1450,Maharashtra,Other
08/06/2015,Onion,23,Satara,FAQ,Lonand,2200,800,1800,Maharashtra,Other
24/08/2015,Onion,23,Satara,FAQ,Lonand,4600,4600,4600,Maharashtra,Other
23/11/2015,Onion,23,Satara,FAQ,Lonand,2300,900,1800,Maharashtra,Other
10/12/2015,Onion,23,Satara,FAQ,Lonand,1600,800,1200,Maharashtra,Other
12/01/2015,Onion,23,Satara,FAQ,Lonand,1200,600,1000,Maharashtra,Red
03/09/2015,Onion,23,Satara,FAQ,Lonand,4500,2500,4000,Maharashtra,Red
07/09/2015,Onion,23,Satara,FAQ,Lonand,5100,3000,4500,Maharashtra,Red
24/09/2015,Onion,23,Satara,FAQ,Lonand,3800,2000,3000,Maharashtra,Red
22/10/2015,Onion,23,Satara,FAQ,Lonand,2750,800,2000,Maharashtra,Red
05/11/2015,Onion,23,Satara,FAQ,Lonand,2599,900,1800,Maharashtra,Red
30/11/2015,Onion,23,Satara,FAQ,Lonand,2000,700,1700,Maharashtra,Red
03/12/2015,Onion,23,Satara,FAQ,Lonand,1000,400,850,Maharashtra,Red
10/12/2015,Onion,23,Satara,FAQ,Lonand,1300,600,1100,Maharashtra,Red
14/12/2015,Onion,23,Satara,FAQ,Lonand,1100,500,900,Maharashtra,Red
24/01/2013,Onion,23,Satara,FAQ,Lonand,1700,800,1500,Maharashtra,Other
04/02/2013,Onion,23,Satara,FAQ,Lonand,1800,1000,1550,Maharashtra,Other
21/02/2013,Onion,23,Satara,FAQ,Lonand,1350,900,1150,Maharashtra,Other
11/03/2013,Onion,23,Satara,FAQ,Lonand,1125,750,1050,Maharashtra,Other
16/05/2013,Onion,23,Satara,FAQ,Lonand,1075,500,950,Maharashtra,Other
11/07/2013,Onion,23,Satara,FAQ,Lonand,2300,1000,1800,Maharashtra,Other
18/07/2013,Onion,23,Satara,FAQ,Lonand,2700,1000,2000,Maharashtra,Other
01/08/2013,Onion,23,Satara,FAQ,Lonand,2700,1000,2000,Maharashtra,Other
12/09/2013,Onion,23,Satara,FAQ,Lonand,4525,4000,4200,Maharashtra,Other
23/09/2013,Onion,23,Satara,FAQ,Lonand,2400,2000,2200,Maharashtra,Other
18/11/2013,Onion,23,Satara,FAQ,Lonand,3200,1500,2500,Maharashtra,Other
19/12/2013,Onion,23,Satara,FAQ,Lonand,1300,600,1100,Maharashtra,Other
24/10/2013,Onion,23,Satara,FAQ,Lonand,5300,2000,4000,Maharashtra,Red
09/12/2013,Onion,23,Satara,FAQ,Lonand,2100,800,1500,Maharashtra,Red
23/12/2013,Onion,23,Satara,FAQ,Lonand,1200,500,1000,Maharashtra,Red
05/01/2012,Onion,23,Satara,FAQ,Lonand,450,150,400,Maharashtra,Other
09/01/2012,Onion,23,Satara,FAQ,Lonand,500,200,350,Maharashtra,Other
16/01/2012,Onion,23,Satara,FAQ,Lonand,600,250,475,Maharashtra,Other
02/02/2012,Onion,23,Satara,FAQ,Lonand,465,200,390,Maharashtra,Other
06/02/2012,Onion,23,Satara,FAQ,Lonand,460,225,400,Maharashtra,Other
13/02/2012,Onion,23,Satara,FAQ,Lonand,451,250,400,Maharashtra,Other
05/03/2012,Onion,23,Satara,FAQ,Lonand,411,200,390,Maharashtra,Other
02/04/2012,Onion,23,Satara,FAQ,Lonand,525,250,480,Maharashtra,Other
16/04/2012,Onion,23,Satara,FAQ,Lonand,425,200,350,Maharashtra,Other
28/06/2012,Onion,23,Satara,FAQ,Lonand,611,250,510,Maharashtra,Other
19/07/2012,Onion,23,Satara,FAQ,Lonand,661,400,600,Maharashtra,Other
26/07/2012,Onion,23,Satara,FAQ,Lonand,675,250,611,Maharashtra,Other
13/09/2012,Onion,23,Satara,FAQ,Lonand,700,375,600,Maharashtra,Other
27/09/2012,Onion,23,Satara,FAQ,Lonand,650,375,525,Maharashtra,Other
18/10/2012,Onion,23,Satara,FAQ,Lonand,800,400,650,Maharashtra,Other
19/11/2012,Onion,23,Satara,FAQ,Lonand,1100,500,900,Maharashtra,Other
12/11/2012,Onion,23,Satara,FAQ,Lonand,1200,700,950,Maharashtra,Red
11/01/2018,Onion,23,Satara,FAQ,Lonand,2810,1000,2200,Maharashtra,Other
18/01/2018,Onion,23,Satara,FAQ,Lonand,3031,1000,2500,Maharashtra,Other
25/01/2018,Onion,23,Satara,FAQ,Lonand,2400,1000,2000,Maharashtra,Other
12/02/2018,Onion,23,Satara,FAQ,Lonand,1800,600,1500,Maharashtra,Other
05/03/2018,Onion,23,Satara,FAQ,Lonand,1100,400,850,Maharashtra,Other
26/03/2018,Onion,23,Satara,FAQ,Lonand,950,300,775,Maharashtra,Other
05/04/2018,Onion,23,Satara,FAQ,Lonand,775,200,600,Maharashtra,Other
07/05/2018,Onion,23,Satara,FAQ,Lonand,831,200,675,Maharashtra,Other
28/05/2018,Onion,23,Satara,FAQ,Lonand,751,200,600,Maharashtra,Other
20/12/2018,Onion,23,Satara,FAQ,Lonand,871,200,600,Maharashtra,Other
28/08/2018,Onion,23,Satara,FAQ,Lonand,846,200,600,Maharashtra,Red
03/09/2018,Onion,23,Satara,FAQ,Lonand,1158,400,800,Maharashtra,Red
08/10/2018,Onion,23,Satara,FAQ,Lonand,1351,400,1000,Maharashtra,Red
01/11/2018,Onion,23,Satara,FAQ,Lonand,1400,350,1000,Maharashtra,Red
24/01/2019,Onion,23,Satara,FAQ,Lonand,575,150,375,Maharashtra,Other
28/02/2019,Onion,23,Satara,FAQ,Lonand,520,100,300,Maharashtra,Other
04/03/2019,Onion,23,Satara,FAQ,Lonand,515,100,375,Maharashtra,Other
25/04/2019,Onion,23,Satara,FAQ,Lonand,1156,300,800,Maharashtra,Other
13/05/2019,Onion,23,Satara,FAQ,Lonand,951,200,700,Maharashtra,Other
23/05/2019,Onion,23,Satara,FAQ,Lonand,1251,300,1000,Maharashtra,Other
11/07/2019,Onion,23,Satara,FAQ,Lonand,1100,300,900,Maharashtra,Other
25/07/2019,Onion,23,Satara,FAQ,Lonand,1400,400,1100,Maharashtra,Other
30/09/2019,Onion,23,Satara,FAQ,Lonand,3000,1500,2500,Maharashtra,Other
28/11/2019,Onion,23,Satara,FAQ,Lonand,5300,900,3000,Maharashtra,Red
02/12/2019,Onion,23,Satara,FAQ,Lonand,7100,1000,4500,Maharashtra,Red
26/12/2019,Onion,23,Satara,FAQ,Lonand,7900,1000,5000,Maharashtra,Red
04/01/2016,Onion,23,Satara,FAQ,Lonand,1840,900,1500,Maharashtra,Other
11/01/2016,Onion,23,Satara,FAQ,Lonand,1400,600,1100,Maharashtra,Other
14/01/2016,Onion,23,Satara,FAQ,Lonand,1500,800,1200,Maharashtra,Other
28/01/2016,Onion,23,Satara,FAQ,Lonand,1500,800,1150,Maharashtra,Other
07/03/2016,Onion,23,Satara,FAQ,Lonand,851,350,725,Maharashtra,Other
25/04/2016,Onion,23,Satara,FAQ,Lonand,841,300,650,Maharashtra,Other
16/05/2016,Onion,23,Satara,FAQ,Lonand,760,250,550,Maharashtra,Other
19/05/2016,Onion,23,Satara,FAQ,Lonand,751,250,600,Maharashtra,Other
23/05/2016,Onion,23,Satara,FAQ,Lonand,911,300,725,Maharashtra,Other
30/05/2016,Onion,23,Satara,FAQ,Lonand,851,300,675,Maharashtra,Other
13/06/2016,Onion,23,Satara,FAQ,Lonand,900,250,700,Maharashtra,Other
16/06/2016,Onion,23,Satara,FAQ,Lonand,1001,300,750,Maharashtra,Other
20/06/2016,Onion,23,Satara,FAQ,Lonand,1051,300,800,Maharashtra,Other
27/06/2016,Onion,23,Satara,FAQ,Lonand,851,200,650,Maharashtra,Other
30/06/2016,Onion,23,Satara,FAQ,Lonand,901,200,600,Maharashtra,Other
21/07/2016,Onion,23,Satara,FAQ,Lonand,801,200,600,Maharashtra,Other
25/07/2016,Onion,23,Satara,FAQ,Lonand,751,200,575,Maharashtra,Other
22/09/2016,Onion,23,Satara,FAQ,Lonand,561,150,400,Maharashtra,Other
19/12/2016,Onion,23,Satara,FAQ,Lonand,1075,250,750,Maharashtra,Other
22/12/2016,Onion,23,Satara,FAQ,Lonand,1011,300,750,Maharashtra,Other
17/10/2016,Onion,23,Satara,FAQ,Lonand,816,200,600,Maharashtra,Red
24/10/2016,Onion,23,Satara,FAQ,Lonand,700,200,500,Maharashtra,Red
04/11/2016,Onion,23,Satara,FAQ,Lonand,1176,300,850,Maharashtra,Red
05/12/2016,Onion,23,Satara,FAQ,Lonand,1091,300,850,Maharashtra,Red
08/12/2016,Onion,23,Satara,FAQ,Lonand,1151,400,900,Maharashtra,Red
16/01/2014,Onion,23,Satara,FAQ,Lonand,1025,500,900,Maharashtra,Other
03/03/2014,Onion,23,Satara,FAQ,Lonand,825,400,700,Maharashtra,Other
24/03/2014,Onion,23,Satara,FAQ,Lonand,851,400,700,Maharashtra,Other
29/05/2014,Onion,23,Satara,FAQ,Lonand,1300,500,1000,Maharashtra,Other
02/06/2014,Onion,23,Satara,FAQ,Lonand,1700,600,1500,Maharashtra,Other
05/06/2014,Onion,23,Satara,FAQ,Lonand,1851,700,1500,Maharashtra,Other
07/07/2014,Onion,23,Satara,FAQ,Lonand,2700,900,2000,Maharashtra,Other
14/07/2014,Onion,23,Satara,FAQ,Lonand,2350,1000,2000,Maharashtra,Other
31/07/2014,Onion,23,Satara,FAQ,Lonand,2050,800,1500,Maharashtra,Other
18/12/2014,Onion,23,Satara,FAQ,Lonand,2551,1000,2000,Maharashtra,Other
25/09/2014,Onion,23,Satara,FAQ,Lonand,1751,800,1450,Maharashtra,Red
05/10/2014,Onion,23,Satara,FAQ,Lonand,1551,500,1300,Maharashtra,Red
10/11/2014,Onion,23,Satara,FAQ,Lonand,1650,700,1300,Maharashtra,Red
17/11/2014,Onion,23,Satara,FAQ,Lonand,1536,800,1300,Maharashtra,Red
27/11/2014,Onion,23,Satara,FAQ,Lonand,1825,800,1500,Maharashtra,Red
15/12/2014,Onion,23,Satara,FAQ,Lonand,2000,800,1450,Maharashtra,Red
12/06/2008,Onion,23,Satara,FAQ,Lonand,450,200,375,Maharashtra,Other
19/06/2008,Onion,23,Satara,FAQ,Lonand,452,200,300,Maharashtra,Other
20/11/2008,Onion,23,Satara,FAQ,Lonand,1550,500,1200,Maharashtra,Other
08/12/2008,Onion,23,Satara,FAQ,Lonand,1200,500,900,Maharashtra,Other
03/11/2008,Onion,23,Satara,FAQ,Lonand,1200,300,850,Maharashtra,Red
10/11/2008,Onion,23,Satara,FAQ,Lonand,1150,500,900,Maharashtra,Red
12/01/2009,Onion,23,Satara,FAQ,Lonand,1500,450,1150,Maharashtra,Other
05/02/2009,Onion,23,Satara,FAQ,Lonand,1400,550,1200,Maharashtra,Other
12/02/2009,Onion,23,Satara,FAQ,Lonand,1200,500,1050,Maharashtra,Other
16/02/2009,Onion,23,Satara,FAQ,Lonand,1251,550,1125,Maharashtra,Other
23/02/2009,Onion,23,Satara,FAQ,Lonand,1200,475,1100,Maharashtra,Other
25/02/2009,Onion,23,Satara,FAQ,Lonand,1111,450,1000,Maharashtra,Other
02/03/2009,Onion,23,Satara,FAQ,Lonand,975,350,875,Maharashtra,Other
02/04/2009,Onion,23,Satara,FAQ,Lonand,617,250,560,Maharashtra,Other
06/04/2009,Onion,23,Satara,FAQ,Lonand,500,200,460,Maharashtra,Other
11/04/2009,Onion,23,Satara,FAQ,Lonand,500,200,440,Maharashtra,Other
20/04/2009,Onion,23,Satara,FAQ,Lonand,550,200,480,Maharashtra,Other
28/04/2009,Onion,23,Satara,FAQ,Lonand,550,250,485,Maharashtra,Other
09/05/2009,Onion,23,Satara,FAQ,Lonand,511,250,480,Maharashtra,Other
30/05/2009,Onion,23,Satara,FAQ,Lonand,600,300,500,Maharashtra,Other
16/07/2009,Onion,23,Satara,FAQ,Lonand,830,300,665,Maharashtra,Other
30/07/2009,Onion,23,Satara,FAQ,Lonand,605,250,550,Maharashtra,Other
10/09/2009,Onion,23,Satara,FAQ,Lonand,751,400,600,Maharashtra,Other
17/09/2009,Onion,23,Satara,FAQ,Lonand,700,400,600,Maharashtra,Other
01/10/2009,Onion,23,Satara,FAQ,Lonand,1400,600,1000,Maharashtra,Other
10/12/2009,Onion,23,Satara,FAQ,Lonand,1800,700,1500,Maharashtra,Other
31/12/2009,Onion,23,Satara,FAQ,Lonand,1911,1100,1700,Maharashtra,Other
30/11/2009,Onion,23,Satara,FAQ,Lonand,1600,500,1200,Maharashtra,Red
17/01/2011,Onion,23,Satara,FAQ,Lonand,3420,2000,2900,Maharashtra,Other
21/02/2011,Onion,23,Satara,FAQ,Lonand,1152,900,1050,Maharashtra,Other
11/04/2011,Onion,23,Satara,FAQ,Lonand,560,250,520,Maharashtra,Other
18/04/2011,Onion,23,Satara,FAQ,Lonand,600,300,540,Maharashtra,Other
21/04/2011,Onion,23,Satara,FAQ,Lonand,651,300,590,Maharashtra,Other
09/05/2011,Onion,23,Satara,FAQ,Lonand,600,250,550,Maharashtra,Other
23/06/2011,Onion,23,Satara,FAQ,Lonand,911,400,650,Maharashtra,Other
22/09/2011,Onion,23,Satara,FAQ,Lonand,1365,900,1200,Maharashtra,Other
26/09/2011,Onion,23,Satara,FAQ,Lonand,1150,500,1000,Maharashtra,Other
24/10/2011,Onion,23,Satara,FAQ,Lonand,1050,500,800,Maharashtra,Other
03/11/2011,Onion,23,Satara,FAQ,Lonand,1100,550,975,Maharashtra,Other
28/11/2011,Onion,23,Satara,FAQ,Lonand,1011,600,875,Maharashtra,Other
15/12/2011,Onion,23,Satara,FAQ,Lonand,675,400,525,Maharashtra,Other
29/12/2011,Onion,23,Satara,FAQ,Lonand,670,400,550,Maharashtra,Other
29/12/2005,Onion,23,Satara,FAQ,Lonand,550,300,425,Maharashtra,Other
27/10/2005,Onion,23,Satara,FAQ,Lonand,1000,300,600,Maharashtra,Red
18/11/2024,Onion,23,Satara,FAQ,Lonand,4500,1200,2800,Maharashtra,Red
13/01/2025,Onion,23,Satara,FAQ,Lonand,2600,1000,2000,Maharashtra,Other
06/01/2025,Onion,23,Satara,FAQ,Lonand,2800,800,1300,Maharashtra,Red
30/09/2024,Onion,23,Satara,FAQ,Lonand,4500,1200,3100,Maharashtra,Other
11/01/2007,Onion,23,Satara,FAQ,Lonand,1065,350,775,Maharashtra,Other
07/05/2007,Onion,23,Satara,FAQ,Lonand,651,250,550,Maharashtra,Other
10/05/2007,Onion,23,Satara,FAQ,Lonand,650,300,525,Maharashtra,Other
14/05/2007,Onion,23,Satara,FAQ,Lonand,601,250,475,Maharashtra,Other
28/05/2007,Onion,23,Satara,FAQ,Lonand,611,300,550,Maharashtra,Other
21/06/2007,Onion,23,Satara,FAQ,Lonand,975,400,852,Maharashtra,Other
02/08/2007,Onion,23,Satara,FAQ,Lonand,801,500,700,Maharashtra,Other
16/08/2007,Onion,23,Satara,FAQ,Lonand,1300,1100,1200,Maharashtra,Other
24/09/2007,Onion,23,Satara,FAQ,Lonand,1675,1000,1400,Maharashtra,Other
10/12/2007,Onion,23,Satara,FAQ,Lonand,665,200,450,Maharashtra,Other
17/09/2007,Onion,23,Satara,FAQ,Lonand,1300,600,950,Maharashtra,Red
11/10/2007,Onion,23,Satara,FAQ,Lonand,1371,500,1000,Maharashtra,Red
27/01/2004,Onion,23,Satara,FAQ,Lonand,770,600,725,Maharashtra,Other
16/02/2004,Onion,23,Satara,FAQ,Lonand,672,400,620,Maharashtra,Other
26/02/2004,Onion,23,Satara,FAQ,Lonand,530,150,450,Maharashtra,Other
01/03/2004,Onion,23,Satara,FAQ,Lonand,450,200,375,Maharashtra,Other
11/03/2004,Onion,23,Satara,FAQ,Lonand,515,250,470,Maharashtra,Other
05/04/2004,Onion,23,Satara,FAQ,Lonand,400,200,355,Maharashtra,Other
29/04/2004,Onion,23,Satara,FAQ,Lonand,400,200,340,Maharashtra,Other
08/07/2004,Onion,23,Satara,FAQ,Lonand,431,180,325,Maharashtra,Other
02/09/2004,Onion,23,Satara,FAQ,Lonand,461,300,340,Maharashtra,Other
13/09/2004,Onion,23,Satara,FAQ,Lonand,615,150,425,Maharashtra,Other
29/03/2004,Onion,23,Satara,FAQ,Lonand,405,150,350,Maharashtra,Red
16/08/2004,Onion,23,Satara,FAQ,Lonand,390,100,200,Maharashtra,Red
09/09/2004,Onion,23,Satara,FAQ,Lonand,631,250,500,Maharashtra,Red
17/10/2004,Onion,23,Satara,FAQ,Lonand,501,150,375,Maharashtra,Red
13/12/2004,Onion,23,Satara,FAQ,Lonand,325,100,275,Maharashtra,Red
13/02/2003,Onion,23,Satara,FAQ,Lonand,231,130,195,Maharashtra,Other
20/02/2003,Onion,23,Satara,FAQ,Lonand,215,130,195,Maharashtra,Other
10/03/2003,Onion,23,Satara,FAQ,Lonand,300,80,275,Maharashtra,Other
27/03/2003,Onion,23,Satara,FAQ,Lonand,274,130,240,Maharashtra,Other
08/05/2003,Onion,23,Satara,FAQ,Lonand,360,150,280,Maharashtra,Other
29/05/2003,Onion,23,Satara,FAQ,Lonand,427,151,415,Maharashtra,Other
05/06/2003,Onion,23,Satara,FAQ,Lonand,446,200,400,Maharashtra,Other
12/06/2003,Onion,23,Satara,FAQ,Lonand,550,150,475,Maharashtra,Other
03/07/2003,Onion,23,Satara,FAQ,Lonand,390,280,375,Maharashtra,Other
17/07/2003,Onion,23,Satara,FAQ,Lonand,500,150,350,Maharashtra,Other
27/11/2003,Onion,23,Satara,FAQ,Lonand,800,250,600,Maharashtra,Other
13/02/2003,Onion,23,Satara,FAQ,Lonand,180,100,160,Maharashtra,Red
18/09/2003,Onion,23,Satara,FAQ,Lonand,631,300,575,Maharashtra,Red
13/10/2003,Onion,23,Satara,FAQ,Lonand,1151,400,950,Maharashtra,Red
30/10/2003,Onion,23,Satara,FAQ,Lonand,951,400,775,Maharashtra,Red
02/01/2006,Onion,23,Satara,FAQ,Lonand,550,350,450,Maharashtra,Other
05/01/2006,Onion,23,Satara,FAQ,Lonand,451,300,375,Maharashtra,Other
19/01/2006,Onion,23,Satara,FAQ,Lonand,375,200,300,Maharashtra,Other
26/01/2006,Onion,23,Satara,FAQ,Lonand,390,200,325,Maharashtra,Other
02/01/2006,Onion,23,Satara,FAQ,Lonand,450,300,375,Maharashtra,Red
09/12/2024,Onion,23,Satara,FAQ,Lonand,6020,1500,3700,Maharashtra,Other
03/10/2024,Onion,23,Satara,FAQ,Lonand,3800,1000,2700,Maharashtra,Red
05/09/2024,Onion,23,Satara,FAQ,Lonand,4600,2000,3100,Maharashtra,Red
14/01/2010,Onion,23,Satara,FAQ,Lonand,1500,500,1200,Maharashtra,Other
15/02/2010,Onion,23,Satara,FAQ,Lonand,1200,500,1075,Maharashtra,Other
15/03/2010,Onion,23,Satara,FAQ,Lonand,616,250,525,Maharashtra,Other
29/03/2010,Onion,23,Satara,FAQ,Lonand,690,250,615,Maharashtra,Other
24/05/2010,Onion,23,Satara,FAQ,Lonand,676,250,525,Maharashtra,Other
14/06/2010,Onion,23,Satara,FAQ,Lonand,700,700,700,Maharashtra,Other
18/10/2010,Onion,23,Satara,FAQ,Lonand,1425,600,1200,Maharashtra,Other
28/10/2010,Onion,23,Satara,FAQ,Lonand,1111,500,950,Maharashtra,Other
22/11/2010,Onion,23,Satara,FAQ,Lonand,1500,1200,1350,Maharashtra,Other
30/12/2010,Onion,23,Satara,FAQ,Lonand,5555,1200,4000,Maharashtra,Other
04/02/2010,Onion,23,Satara,FAQ,Lonand,1200,400,900,Maharashtra,Red
08/02/2010,Onion,23,Satara,FAQ,Lonand,1200,400,1000,Maharashtra,Red
15/02/2010,Onion,23,Satara,FAQ,Lonand,1000,400,850,Maharashtra,Red
01/03/2010,Onion,23,Satara,FAQ,Lonand,500,200,400,Maharashtra,Red
09/09/2010,Onion,23,Satara,FAQ,Lonand,925,500,750,Maharashtra,Red
11/09/2025,Onion,23,Satara,Local,Lonand,1300,500,900,Maharashtra,Red
18/09/2025,Onion,23,Satara,Local,Lonand,1200,500,850,Maharashtra,Red
22/09/2025,Onion,23,Satara,Local,Lonand,1200,300,850,Maharashtra,Red
12/01/2017,Onion,23,Satara,FAQ,Lonand,625,200,450,Maharashtra,Other
20/03/2017,Onion,23,Satara,FAQ,Lonand,581,150,475,Maharashtra,Other
27/03/2017,Onion,23,Satara,FAQ,Lonand,551,150,450,Maharashtra,Other
06/04/2017,Onion,23,Satara,FAQ,Lonand,611,200,500,Maharashtra,Other
08/05/2017,Onion,23,Satara,FAQ,Lonand,375,100,275,Maharashtra,Other
22/05/2017,Onion,23,Satara,FAQ,Lonand,573,150,400,Maharashtra,Other
08/06/2017,Onion,23,Satara,FAQ,Lonand,632,200,500,Maharashtra,Other
26/06/2017,Onion,23,Satara,FAQ,Lonand,720,175,600,Maharashtra,Other
24/08/2017,Onion,23,Satara,FAQ,Lonand,1950,700,1700,Maharashtra,Other
18/12/2017,Onion,23,Satara,FAQ,Lonand,3000,1000,2500,Maharashtra,Other
21/12/2017,Onion,23,Satara,FAQ,Lonand,3111,1000,2300,Maharashtra,Other
25/09/2017,Onion,23,Satara,FAQ,Lonand,1600,600,1100,Maharashtra,Red
12/10/2017,Onion,23,Satara,FAQ,Lonand,2250,500,1070,Maharashtra,Red
17/10/2017,Onion,23,Satara,FAQ,Lonand,1750,500,1450,Maharashtra,Red
30/11/2017,Onion,23,Satara,FAQ,Lonand,3000,1000,2500,Maharashtra,Red
04/12/2017,Onion,23,Satara,FAQ,Lonand,3200,1000,2700,Maharashtra,Red
09/01/2020,Onion,23,Satara,FAQ,Lonand,3850,700,2800,Maharashtra,Other
02/02/2020,Onion,23,Satara,FAQ,Lonand,2500,700,1900,Maharashtra,Other
03/02/2020,Onion,23,Satara,FAQ,Lonand,2500,700,1900,Maharashtra,Other
30/03/2020,Onion,23,Satara,FAQ,Lonand,1725,400,1400,Maharashtra,Other
11/06/2020,Onion,23,Satara,FAQ,Lonand,961,100,650,Maharashtra,Other
02/07/2020,Onion,23,Satara,FAQ,Lonand,927,150,700,Maharashtra,Other
23/07/2020,Onion,23,Satara,FAQ,Lonand,711,100,625,Maharashtra,Other
24/09/2020,Onion,23,Satara,FAQ,Lonand,3900,1000,3000,Maharashtra,Other
12/10/2020,Onion,23,Satara,FAQ,Lonand,4500,1200,3200,Maharashtra,Other
26/11/2020,Onion,23,Satara,FAQ,Lonand,4800,1100,3800,Maharashtra,Other
07/12/2020,Onion,23,Satara,FAQ,Lonand,2450,1000,1800,Maharashtra,Other
24/12/2020,Onion,23,Satara,FAQ,Lonand,2350,800,1900,Maharashtra,Other
10/12/2020,Onion,23,Satara,FAQ,Lonand,3300,900,2500,Maharashtra,Red
17/12/2020,Onion,23,Satara,FAQ,Lonand,3000,1000,2400,Maharashtra,Red
31/12/2020,Onion,23,Satara,FAQ,Lonand,2700,900,2200,Maharashtra,Red
23/01/2024,Onion,23,Satara,FAQ,Lonand,1800,500,1400,Maharashtra,Other
15/04/2024,Onion,23,Satara,FAQ,Lonand,1500,800,1300,Maharashtra,Other
16/04/2024,Onion,23,Satara,FAQ,Lonand,1500,800,1200,Maharashtra,Other
25/04/2024,Onion,23,Satara,FAQ,Lonand,1555,800,1100,Maharashtra,Other
29/04/2024,Onion,23,Satara,FAQ,Lonand,1560,900,1150,Maharashtra,Other
16/05/2024,Onion,23,Satara,FAQ,Lonand,1900,800,1500,Maharashtra,Other
06/06/2024,Onion,23,Satara,FAQ,Lonand,2800,900,1900,Maharashtra,Other
10/06/2024,Onion,23,Satara,FAQ,Lonand,3200,900,2200,Maharashtra,Other
01/07/2024,Onion,23,Satara,FAQ,Lonand,3250,900,2100,Maharashtra,Red
20/02/2023,Onion,23,Satara,FAQ,Lonand,1200,350,1025,Maharashtra,Other
27/02/2023,Onion,23,Satara,FAQ,Lonand,1000,300,800,Maharashtra,Other
02/03/2023,Onion,23,Satara,FAQ,Lonand,1200,400,1000,Maharashtra,Other
13/03/2023,Onion,23,Satara,FAQ,Lonand,1100,400,950,Maharashtra,Other
27/03/2023,Onion,23,Satara,FAQ,Lonand,1015,350,850,Maharashtra,Other
03/04/2023,Onion,23,Satara,FAQ,Lonand,1105,350,950,Maharashtra,Other
29/05/2023,Onion,23,Satara,FAQ,Lonand,1200,350,750,Maharashtra,Other
12/06/2023,Onion,23,Satara,FAQ,Lonand,1145,350,850,Maharashtra,Other
15/06/2023,Onion,23,Satara,FAQ,Lonand,1200,350,800,Maharashtra,Other
13/07/2023,Onion,23,Satara,FAQ,Lonand,1700,400,1050,Maharashtra,Other
17/07/2023,Onion,23,Satara,FAQ,Lonand,1600,400,1150,Maharashtra,Other
31/08/2023,Onion,23,Satara,FAQ,Lonand,2500,500,1900,Maharashtra,Other
25/09/2023,Onion,23,Satara,FAQ,Lonand,2500,500,1800,Maharashtra,Other
12/10/2023,Onion,23,Satara,FAQ,Lonand,2600,1000,1800,Maharashtra,Red
09/11/2023,Onion,23,Satara,FAQ,Lonand,4590,2000,3500,Maharashtra,Red
20/11/2023,Onion,23,Satara,FAQ,Lonand,4500,1500,3000,Maharashtra,Red
03/01/2022,Onion,23,Satara,FAQ,Lonand,2600,700,2000,Maharashtra,Other
06/01/2022,Onion,23,Satara,FAQ,Lonand,2600,600,2100,Maharashtra,Other
14/02/2022,Onion,23,Satara,FAQ,Lonand,3200,700,2400,Maharashtra,Other
28/03/2022,Onion,23,Satara,FAQ,Lonand,1101,400,900,Maharashtra,Other
31/03/2022,Onion,23,Satara,FAQ,Lonand,1300,450,1000,Maharashtra,Other
18/04/2022,Onion,23,Satara,FAQ,Lonand,1151,300,900,Maharashtra,Other
25/04/2022,Onion,23,Satara,FAQ,Lonand,1000,300,600,Maharashtra,Other
05/05/2022,Onion,23,Satara,FAQ,Lonand,1075,300,800,Maharashtra,Other
13/06/2022,Onion,23,Satara,FAQ,Lonand,1600,400,1000,Maharashtra,Other
11/07/2022,Onion,23,Satara,FAQ,Lonand,1400,400,1100,Maharashtra,Other
25/07/2022,Onion,23,Satara,FAQ,Lonand,1200,400,950,Maharashtra,Other
01/09/2022,Onion,23,Satara,FAQ,Lonand,1200,400,950,Maharashtra,Other
06/10/2022,Onion,23,Satara,FAQ,Lonand,1660,500,1300,Maharashtra,Other
12/09/2022,Onion,23,Satara,FAQ,Lonand,1000,400,950,Maharashtra,Red
25/01/2021,Onion,23,Satara,FAQ,Lonand,2520,900,2250,Maharashtra,Other
01/02/2021,Onion,23,Satara,FAQ,Lonand,3605,100,3000,Maharashtra,Other
04/02/2021,Onion,23,Satara,FAQ,Lonand,3511,1000,2950,Maharashtra,Other
15/02/2021,Onion,23,Satara,FAQ,Lonand,4250,1500,3500,Maharashtra,Other
22/02/2021,Onion,23,Satara,FAQ,Lonand,4500,1700,3600,Maharashtra,Other
21/06/2021,Onion,23,Satara,FAQ,Lonand,1900,600,1450,Maharashtra,Other
22/07/2021,Onion,23,Satara,FAQ,Lonand,1825,700,1500,Maharashtra,Other
27/12/2021,Onion,23,Satara,FAQ,Lonand,2800,600,1900,Maharashtra,Other
30/12/2021,Onion,23,Satara,FAQ,Lonand,2540,600,1900,Maharashtra,Other
07/10/2021,Onion,23,Satara,FAQ,Lonand,2550,600,1700,Maharashtra,Red
11/11/2021,Onion,23,Satara,FAQ,Lonand,3510,700,2700,Maharashtra,Red
09/12/2021,Onion,23,Satara,FAQ,Lonand,2000,500,1400,Maharashtra,Red
06/03/2025,Onion,23,Satara,Local,Lonand,2400,800,1300,Maharashtra,Other
06/10/2025,Onion,23,Satara,Local,Lonand,1300,500,950,Maharashtra,Red
06/01/2014,Onion,23,Satara,FAQ,Lonand,1285,600,1000,Maharashtra,Other
31/03/2014,Onion,23,Satara,FAQ,Lonand,800,300,650,Maharashtra,Other
07/04/2014,Onion,23,Satara,FAQ,Lonand,900,400,725,Maharashtra,Other
10/04/2014,Onion,23,Satara,FAQ,Lonand,850,400,700,Maharashtra,Other
08/05/2014,Onion,23,Satara,FAQ,Lonand,1325,400,1050,Maharashtra,Other
26/05/2014,Onion,23,Satara,FAQ,Lonand,1200,400,1000,Maharashtra,Other
19/06/2014,Onion,23,Satara,FAQ,Lonand,1851,500,1450,Maharashtra,Other
23/06/2014,Onion,23,Satara,FAQ,Lonand,1820,700,1500,Maharashtra,Other
21/07/2014,Onion,23,Satara,FAQ,Lonand,2200,900,1800,Maharashtra,Other
04/08/2014,Onion,23,Satara,FAQ,Lonand,1800,800,1500,Maharashtra,Other
02/01/2014,Onion,23,Satara,FAQ,Lonand,1100,600,900,Maharashtra,Red
18/09/2014,Onion,23,Satara,FAQ,Lonand,1825,900,1500,Maharashtra,Red
02/10/2014,Onion,23,Satara,FAQ,Lonand,1571,500,1300,Maharashtra,Red
06/10/2014,Onion,23,Satara,FAQ,Lonand,1551,500,1300,Maharashtra,Red
27/10/2014,Onion,23,Satara,FAQ,Lonand,1765,800,1350,Maharashtra,Red
03/11/2014,Onion,23,Satara,FAQ,Lonand,1640,800,1300,Maharashtra,Red
28/01/2013,Onion,23,Satara,FAQ,Lonand,1800,1000,1550,Maharashtra,Other
11/02/2013,Onion,23,Satara,FAQ,Lonand,1621,1000,1475,Maharashtra,Other
04/03/2013,Onion,23,Satara,FAQ,Lonand,851,500,725,Maharashtra,Other
07/03/2013,Onion,23,Satara,FAQ,Lonand,1181,850,1050,Maharashtra,Other
01/04/2013,Onion,23,Satara,FAQ,Lonand,1133,850,1075,Maharashtra,Other
15/04/2013,Onion,23,Satara,FAQ,Lonand,971,700,850,Maharashtra,Other
09/05/2013,Onion,23,Satara,FAQ,Lonand,1200,800,1050,Maharashtra,Other
27/05/2013,Onion,23,Satara,FAQ,Lonand,1451,600,1250,Maharashtra,Other
30/05/2013,Onion,23,Satara,FAQ,Lonand,1500,600,1350,Maharashtra,Other
06/06/2013,Onion,23,Satara,FAQ,Lonand,1601,800,1400,Maharashtra,Other
20/06/2013,Onion,23,Satara,FAQ,Lonand,1950,1475,1750,Maharashtra,Other
15/08/2013,Onion,23,Satara,FAQ,Lonand,4600,4000,4300,Maharashtra,Other
14/10/2013,Onion,23,Satara,FAQ,Lonand,4700,2000,3500,Maharashtra,Other
12/12/2013,Onion,23,Satara,FAQ,Lonand,1426,600,1100,Maharashtra,Other
23/12/2013,Onion,23,Satara,FAQ,Lonand,1500,600,1100,Maharashtra,Other
26/12/2013,Onion,23,Satara,FAQ,Lonand,1330,600,1050,Maharashtra,Other
26/09/2013,Onion,23,Satara,FAQ,Lonand,3500,1000,2800,Maharashtra,Red
14/10/2013,Onion,23,Satara,FAQ,Lonand,4600,1500,3500,Maharashtra,Red
28/10/2013,Onion,23,Satara,FAQ,Lonand,4500,1500,3500,Maharashtra,Red
14/11/2013,Onion,23,Satara,FAQ,Lonand,3751,1000,2500,Maharashtra,Red
21/11/2013,Onion,23,Satara,FAQ,Lonand,3200,1000,2000,Maharashtra,Red
25/11/2013,Onion,23,Satara,FAQ,Lonand,2500,1000,1800,Maharashtra,Red
02/12/2013,Onion,23,Satara,FAQ,Lonand,1800,500,1200,Maharashtra,Red
19/01/2004,Onion,23,Satara,FAQ,Lonand,1000,600,875,Maharashtra,Other
29/01/2004,Onion,23,Satara,FAQ,Lonand,750,400,675,Maharashtra,Other
04/03/2004,Onion,23,Satara,FAQ,Lonand,500,250,425,Maharashtra,Other
12/04/2004,Onion,23,Satara,FAQ,Lonand,425,150,350,Maharashtra,Other
15/04/2004,Onion,23,Satara,FAQ,Lonand,380,150,345,Maharashtra,Other
13/05/2004,Onion,23,Satara,FAQ,Lonand,390,150,345,Maharashtra,Other
27/05/2004,Onion,23,Satara,FAQ,Lonand,421,150,340,Maharashtra,Other
03/06/2004,Onion,23,Satara,FAQ,Lonand,441,150,375,Maharashtra,Other
11/10/2004,Onion,23,Satara,FAQ,Lonand,451,150,360,Maharashtra,Other
13/12/2004,Onion,23,Satara,FAQ,Lonand,453,200,350,Maharashtra,Other
27/12/2004,Onion,23,Satara,FAQ,Lonand,525,200,400,Maharashtra,Other
23/08/2004,Onion,23,Satara,FAQ,Lonand,325,100,250,Maharashtra,Red
23/09/2004,Onion,23,Satara,FAQ,Lonand,501,225,425,Maharashtra,Red
30/09/2004,Onion,23,Satara,FAQ,Lonand,500,200,400,Maharashtra,Red
28/10/2004,Onion,23,Satara,FAQ,Lonand,551,150,425,Maharashtra,Red
18/11/2004,Onion,23,Satara,FAQ,Lonand,511,125,400,Maharashtra,Red
25/11/2004,Onion,23,Satara,FAQ,Lonand,425,150,360,Maharashtra,Red
09/12/2004,Onion,23,Satara,FAQ,Lonand,325,100,250,Maharashtra,Red
30/12/2004,Onion,23,Satara,FAQ,Lonand,450,175,350,Maharashtra,Red
27/08/2020,Onion,23,Satara,FAQ,Lonand,1576,400,1100,Maharashtra,Red
07/09/2020,Onion,23,Satara,FAQ,Lonand,1900,350,1600,Maharashtra,Red
24/09/2020,Onion,23,Satara,FAQ,Lonand,3750,600,2700,Maharashtra,Red
28/09/2020,Onion,23,Satara,FAQ,Lonand,3000,500,2000,Maharashtra,Red
12/10/2020,Onion,23,Satara,FAQ,Lonand,4350,800,2800,Maharashtra,Red
29/10/2020,Onion,23,Satara,FAQ,Lonand,4100,900,3300,Maharashtra,Red
14/12/2020,Onion,23,Satara,FAQ,Lonand,3200,800,2400,Maharashtra,Red
21/12/2020,Onion,23,Satara,FAQ,Lonand,2100,800,1800,Maharashtra,Red
14/01/2021,Onion,23,Satara,FAQ,Lonand,3060,800,2300,Maharashtra,Other
08/02/2021,Onion,23,Satara,FAQ,Lonand,3610,1200,3150,Maharashtra,Other
11/03/2021,Onion,23,Satara,FAQ,Lonand,1610,700,1400,Maharashtra,Other
29/03/2021,Onion,23,Satara,FAQ,Lonand,1251,600,1130,Maharashtra,Other
01/04/2021,Onion,23,Satara,FAQ,Lonand,1200,500,1075,Maharashtra,Other
16/08/2021,Onion,23,Satara,FAQ,Lonand,1751,700,1450,Maharashtra,Other
13/09/2021,Onion,23,Satara,FAQ,Lonand,1651,550,1450,Maharashtra,Red
20/09/2021,Onion,23,Satara,FAQ,Lonand,1600,500,1350,Maharashtra,Red
23/09/2021,Onion,23,Satara,FAQ,Lonand,1900,500,1450,Maharashtra,Red
30/09/2021,Onion,23,Satara,FAQ,Lonand,2500,700,1750,Maharashtra,Red
25/10/2021,Onion,23,Satara,FAQ,Lonand,3290,600,2700,Maharashtra,Red
18/11/2021,Onion,23,Satara,FAQ,Lonand,2400,500,1900,Maharashtra,Red
25/11/2021,Onion,23,Satara,FAQ,Lonand,2600,600,2100,Maharashtra,Red
06/01/2020,Onion,23,Satara,FAQ,Lonand,5000,700,3200,Maharashtra,Other
13/01/2020,Onion,23,Satara,FAQ,Lonand,3200,700,2200,Maharashtra,Other
16/01/2020,Onion,23,Satara,FAQ,Lonand,3750,700,2500,Maharashtra,Other
20/02/2020,Onion,23,Satara,FAQ,Lonand,2200,500,1500,Maharashtra,Other
24/02/2020,Onion,23,Satara,FAQ,Lonand,1900,400,1400,Maharashtra,Other
12/03/2020,Onion,23,Satara,FAQ,Lonand,1900,400,1400,Maharashtra,Other
08/06/2020,Onion,23,Satara,FAQ,Lonand,929,100,650,Maharashtra,Other
29/06/2020,Onion,23,Satara,FAQ,Lonand,825,100,650,Maharashtra,Other
06/07/2020,Onion,23,Satara,FAQ,Lonand,871,150,675,Maharashtra,Other
13/07/2020,Onion,23,Satara,FAQ,Lonand,731,100,600,Maharashtra,Other
17/08/2020,Onion,23,Satara,FAQ,Lonand,1307,200,850,Maharashtra,Other
20/08/2020,Onion,23,Satara,FAQ,Lonand,1700,200,1000,Maharashtra,Other
24/08/2020,Onion,23,Satara,FAQ,Lonand,1475,300,900,Maharashtra,Other
03/09/2020,Onion,23,Satara,FAQ,Lonand,1881,250,1200,Maharashtra,Other
28/09/2020,Onion,23,Satara,FAQ,Lonand,4100,1000,2800,Maharashtra,Other
05/10/2020,Onion,23,Satara,FAQ,Lonand,3150,800,2300,Maharashtra,Other
29/10/2020,Onion,23,Satara,FAQ,Lonand,5000,1000,3500,Maharashtra,Other
03/12/2020,Onion,23,Satara,FAQ,Lonand,4000,1000,3000,Maharashtra,Other
10/12/2020,Onion,23,Satara,FAQ,Lonand,3400,1000,2600,Maharashtra,Other
26/02/2015,Onion,23,Satara,FAQ,Lonand,1425,700,1200,Maharashtra,Other
02/04/2015,Onion,23,Satara,FAQ,Lonand,1350,600,1050,Maharashtra,Other
16/04/2015,Onion,23,Satara,FAQ,Lonand,1552,700,1200,Maharashtra,Other
20/04/2015,Onion,23,Satara,FAQ,Lonand,1311,600,1100,Maharashtra,Other
23/04/2015,Onion,23,Satara,FAQ,Lonand,1350,700,1150,Maharashtra,Other
11/05/2015,Onion,23,Satara,FAQ,Lonand,1700,800,1400,Maharashtra,Other
21/05/2015,Onion,23,Satara,FAQ,Lonand,1700,600,1500,Maharashtra,Other
11/06/2015,Onion,23,Satara,FAQ,Lonand,2400,900,2000,Maharashtra,Other
18/06/2015,Onion,23,Satara,FAQ,Lonand,2150,900,1900,Maharashtra,Other
25/06/2015,Onion,23,Satara,FAQ,Lonand,2016,900,1700,Maharashtra,Other
29/06/2015,Onion,23,Satara,FAQ,Lonand,1675,800,1400,Maharashtra,Other
13/07/2015,Onion,23,Satara,FAQ,Lonand,2001,1600,1800,Maharashtra,Other
23/07/2015,Onion,23,Satara,FAQ,Lonand,2990,1500,2500,Maharashtra,Other
03/09/2015,Onion,23,Satara,FAQ,Lonand,4800,3000,4300,Maharashtra,Other
16/11/2015,Onion,23,Satara,FAQ,Lonand,4000,1500,3500,Maharashtra,Other
19/11/2015,Onion,23,Satara,FAQ,Lonand,3000,1000,2300,Maharashtra,Other
17/12/2015,Onion,23,Satara,FAQ,Lonand,1600,800,1200,Maharashtra,Other
05/01/2015,Onion,23,Satara,FAQ,Lonand,1500,600,1200,Maharashtra,Red
17/08/2015,Onion,23,Satara,FAQ,Lonand,4100,2700,3600,Maharashtra,Red
08/10/2015,Onion,23,Satara,FAQ,Lonand,3600,1500,3000,Maharashtra,Red
23/11/2015,Onion,23,Satara,FAQ,Lonand,1800,700,1500,Maharashtra,Red
24/12/2015,Onion,23,Satara,FAQ,Lonand,1200,500,1000,Maharashtra,Red
21/01/2016,Onion,23,Satara,FAQ,Lonand,1600,800,1250,Maharashtra,Other
01/02/2016,Onion,23,Satara,FAQ,Lonand,1200,500,1000,Maharashtra,Other
18/02/2016,Onion,23,Satara,FAQ,Lonand,1000,400,850,Maharashtra,Other
03/03/2016,Onion,23,Satara,FAQ,Lonand,851,300,700,Maharashtra,Other
10/03/2016,Onion,23,Satara,FAQ,Lonand,780,300,675,Maharashtra,Other
14/03/2016,Onion,23,Satara,FAQ,Lonand,790,250,650,Maharashtra,Other
31/03/2016,Onion,23,Satara,FAQ,Lonand,900,350,750,Maharashtra,Other
04/04/2016,Onion,23,Satara,FAQ,Lonand,875,250,700,Maharashtra,Other
11/04/2016,Onion,23,Satara,FAQ,Lonand,751,250,575,Maharashtra,Other
14/04/2016,Onion,23,Satara,FAQ,Lonand,800,250,600,Maharashtra,Other
26/05/2016,Onion,23,Satara,FAQ,Lonand,951,300,775,Maharashtra,Other
02/06/2016,Onion,23,Satara,FAQ,Lonand,900,300,700,Maharashtra,Other
07/07/2016,Onion,23,Satara,FAQ,Lonand,1000,300,800,Maharashtra,Other
04/08/2016,Onion,23,Satara,FAQ,Lonand,800,200,600,Maharashtra,Other
18/08/2016,Onion,23,Satara,FAQ,Lonand,800,200,600,Maharashtra,Other
04/01/2016,Onion,23,Satara,FAQ,Lonand,1400,700,1150,Maharashtra,Red
14/01/2016,Onion,23,Satara,FAQ,Lonand,1200,600,950,Maharashtra,Red
27/10/2016,Onion,23,Satara,FAQ,Lonand,750,200,550,Maharashtra,Red
21/11/2016,Onion,23,Satara,FAQ,Lonand,1051,300,825,Maharashtra,Red
28/11/2016,Onion,23,Satara,FAQ,Lonand,1201,400,900,Maharashtra,Red
01/12/2016,Onion,23,Satara,FAQ,Lonand,1165,400,900,Maharashtra,Red
17/02/2003,Onion,23,Satara,FAQ,Lonand,220,100,195,Maharashtra,Other
20/03/2003,Onion,23,Satara,FAQ,Lonand,270,125,230,Maharashtra,Other
09/06/2003,Onion,23,Satara,FAQ,Lonand,451,150,425,Maharashtra,Other
31/07/2003,Onion,23,Satara,FAQ,Lonand,500,200,450,Maharashtra,Other
24/11/2003,Onion,23,Satara,FAQ,Lonand,681,300,560,Maharashtra,Other
01/12/2003,Onion,23,Satara,FAQ,Lonand,750,250,580,Maharashtra,Other
11/12/2003,Onion,23,Satara,FAQ,Lonand,800,350,675,Maharashtra,Other
15/12/2003,Onion,23,Satara,FAQ,Lonand,715,350,600,Maharashtra,Other
22/12/2003,Onion,23,Satara,FAQ,Lonand,825,350,750,Maharashtra,Other
29/12/2003,Onion,23,Satara,FAQ,Lonand,1000,500,850,Maharashtra,Other
04/09/2003,Onion,23,Satara,FAQ,Lonand,751,300,635,Maharashtra,Red
08/09/2003,Onion,23,Satara,FAQ,Lonand,625,350,575,Maharashtra,Red
25/09/2003,Onion,23,Satara,FAQ,Lonand,751,300,700,Maharashtra,Red
27/10/2003,Onion,23,Satara,FAQ,Lonand,911,300,780,Maharashtra,Red
20/01/2005,Onion,23,Satara,FAQ,Lonand,461,150,350,Maharashtra,Other
10/03/2005,Onion,23,Satara,FAQ,Lonand,321,100,265,Maharashtra,Other
02/05/2005,Onion,23,Satara,FAQ,Lonand,281,100,250,Maharashtra,Other
02/06/2005,Onion,23,Satara,FAQ,Lonand,301,150,260,Maharashtra,Other
12/09/2005,Onion,23,Satara,FAQ,Lonand,875,300,700,Maharashtra,Red
26/12/2005,Onion,23,Satara,FAQ,Lonand,465,200,335,Maharashtra,Red
29/12/2005,Onion,23,Satara,FAQ,Lonand,425,250,350,Maharashtra,Red
02/01/2017,Onion,23,Satara,FAQ,Lonand,911,250,700,Maharashtra,Other
19/01/2017,Onion,23,Satara,FAQ,Lonand,712,200,500,Maharashtra,Other
26/01/2017,Onion,23,Satara,FAQ,Lonand,751,250,550,Maharashtra,Other
13/02/2017,Onion,23,Satara,FAQ,Lonand,661,200,475,Maharashtra,Other
27/02/2017,Onion,23,Satara,FAQ,Lonand,681,200,525,Maharashtra,Other
13/03/2017,Onion,23,Satara,FAQ,Lonand,551,150,450,Maharashtra,Other
04/05/2017,Onion,23,Satara,FAQ,Lonand,500,150,400,Maharashtra,Other
25/05/2017,Onion,23,Satara,FAQ,Lonand,700,200,550,Maharashtra,Other
12/06/2017,Onion,23,Satara,FAQ,Lonand,701,200,575,Maharashtra,Other
19/06/2017,Onion,23,Satara,FAQ,Lonand,625,150,500,Maharashtra,Other
03/08/2017,Onion,23,Satara,FAQ,Lonand,2600,750,2000,Maharashtra,Other
10/08/2017,Onion,23,Satara,FAQ,Lonand,2351,800,1900,Maharashtra,Other
07/09/2017,Onion,23,Satara,FAQ,Lonand,1795,500,1450,Maharashtra,Other
21/09/2017,Onion,23,Satara,FAQ,Lonand,1650,400,1350,Maharashtra,Other
23/11/2017,Onion,23,Satara,FAQ,Lonand,4415,1200,3600,Maharashtra,Other
07/12/2017,Onion,23,Satara,FAQ,Lonand,3600,1000,2800,Maharashtra,Red
18/12/2017,Onion,23,Satara,FAQ,Lonand,2800,800,2300,Maharashtra,Red
28/12/2017,Onion,23,Satara,FAQ,Lonand,2900,800,2300,Maharashtra,Red
03/01/2012,Onion,23,Satara,FAQ,Lonand,525,250,475,Maharashtra,Other
19/01/2012,Onion,23,Satara,FAQ,Lonand,600,250,475,Maharashtra,Other
27/01/2012,Onion,23,Satara,FAQ,Lonand,465,200,375,Maharashtra,Other
30/01/2012,Onion,23,Satara,FAQ,Lonand,440,200,390,Maharashtra,Other
01/03/2012,Onion,23,Satara,FAQ,Lonand,440,200,390,Maharashtra,Other
19/03/2012,Onion,23,Satara,FAQ,Lonand,430,225,365,Maharashtra,Other
26/03/2012,Onion,23,Satara,FAQ,Lonand,530,250,475,Maharashtra,Other
29/03/2012,Onion,23,Satara,FAQ,Lonand,570,250,490,Maharashtra,Other
12/04/2012,Onion,23,Satara,FAQ,Lonand,425,250,390,Maharashtra,Other
14/06/2012,Onion,23,Satara,FAQ,Lonand,631,250,550,Maharashtra,Other
22/11/2012,Onion,23,Satara,FAQ,Lonand,1400,900,1200,Maharashtra,Other
19/11/2012,Onion,23,Satara,FAQ,Lonand,1252,500,1000,Maharashtra,Red
31/12/2012,Onion,23,Satara,FAQ,Lonand,1430,800,1250,Maharashtra,Red
20/01/2011,Onion,23,Satara,FAQ,Lonand,3610,3000,3200,Maharashtra,Other
21/03/2011,Onion,23,Satara,FAQ,Lonand,540,250,500,Maharashtra,Other
04/04/2011,Onion,23,Satara,FAQ,Lonand,600,350,525,Maharashtra,Other
28/04/2011,Onion,23,Satara,FAQ,Lonand,625,300,550,Maharashtra,Other
12/05/2011,Onion,23,Satara,FAQ,Lonand,611,250,535,Maharashtra,Other
23/05/2011,Onion,23,Satara,FAQ,Lonand,650,300,400,Maharashtra,Other
26/05/2011,Onion,23,Satara,FAQ,Lonand,677,200,525,Maharashtra,Other
20/06/2011,Onion,23,Satara,FAQ,Lonand,850,450,650,Maharashtra,Other
11/07/2011,Onion,23,Satara,FAQ,Lonand,550,300,475,Maharashtra,Other
11/08/2011,Onion,23,Satara,FAQ,Lonand,1151,500,800,Maharashtra,Other
03/10/2011,Onion,23,Satara,FAQ,Lonand,1150,700,950,Maharashtra,Other
10/10/2011,Onion,23,Satara,FAQ,Lonand,1125,500,975,Maharashtra,Other
13/10/2011,Onion,23,Satara,FAQ,Lonand,1000,750,900,Maharashtra,Other
27/10/2011,Onion,23,Satara,FAQ,Lonand,1071,400,825,Maharashtra,Other
07/11/2011,Onion,23,Satara,FAQ,Lonand,1300,600,1000,Maharashtra,Other
02/12/2011,Onion,23,Satara,FAQ,Lonand,1000,500,875,Maharashtra,Other
08/12/2011,Onion,23,Satara,FAQ,Lonand,1000,700,900,Maharashtra,Other
12/12/2011,Onion,23,Satara,FAQ,Lonand,800,600,700,Maharashtra,Other
26/12/2011,Onion,23,Satara,FAQ,Lonand,675,400,550,Maharashtra,Other
04/01/2010,Onion,23,Satara,FAQ,Lonand,1500,500,1200,Maharashtra,Other
08/02/2010,Onion,23,Satara,FAQ,Lonand,1400,500,1250,Maharashtra,Other
11/02/2010,Onion,23,Satara,FAQ,Lonand,1280,500,1050,Maharashtra,Other
22/02/2010,Onion,23,Satara,FAQ,Lonand,800,300,675,Maharashtra,Other
25/03/2010,Onion,23,Satara,FAQ,Lonand,651,200,575,Maharashtra,Other
20/05/2010,Onion,23,Satara,FAQ,Lonand,690,250,525,Maharashtra,Other
10/06/2010,Onion,23,Satara,FAQ,Lonand,725,225,600,Maharashtra,Other
09/09/2010,Onion,23,Satara,FAQ,Lonand,1200,600,1000,Maharashtra,Other
07/10/2010,Onion,23,Satara,FAQ,Lonand,1350,600,1000,Maharashtra,Other
18/11/2010,Onion,23,Satara,FAQ,Lonand,1700,1400,1550,Maharashtra,Other
09/12/2010,Onion,23,Satara,FAQ,Lonand,2300,1400,1850,Maharashtra,Other
04/01/2010,Onion,23,Satara,FAQ,Lonand,1200,400,900,Maharashtra,Red
21/01/2010,Onion,23,Satara,FAQ,Lonand,1400,450,1100,Maharashtra,Red
25/01/2010,Onion,23,Satara,FAQ,Lonand,1300,400,1000,Maharashtra,Red
08/03/2010,Onion,23,Satara,FAQ,Lonand,550,150,400,Maharashtra,Red
20/09/2010,Onion,23,Satara,FAQ,Lonand,1351,1055,1200,Maharashtra,Red
04/10/2010,Onion,23,Satara,FAQ,Lonand,1550,900,1250,Maharashtra,Red
05/01/2009,Onion,23,Satara,FAQ,Lonand,1800,600,1500,Maharashtra,Other
26/01/2009,Onion,23,Satara,FAQ,Lonand,1300,350,1000,Maharashtra,Other
09/02/2009,Onion,23,Satara,FAQ,Lonand,1100,300,975,Maharashtra,Other
04/03/2009,Onion,23,Satara,FAQ,Lonand,951,450,875,Maharashtra,Other
05/03/2009,Onion,23,Satara,FAQ,Lonand,900,350,800,Maharashtra,Other
21/03/2009,Onion,23,Satara,FAQ,Lonand,700,500,625,Maharashtra,Other
26/03/2009,Onion,23,Satara,FAQ,Lonand,625,250,550,Maharashtra,Other
28/03/2009,Onion,23,Satara,FAQ,Lonand,611,250,575,Maharashtra,Other
09/04/2009,Onion,23,Satara,FAQ,Lonand,510,200,455,Maharashtra,Other
30/04/2009,Onion,23,Satara,FAQ,Lonand,565,250,480,Maharashtra,Other
14/05/2009,Onion,23,Satara,FAQ,Lonand,551,250,490,Maharashtra,Other
21/05/2009,Onion,23,Satara,FAQ,Lonand,632,275,550,Maharashtra,Other
28/05/2009,Onion,23,Satara,FAQ,Lonand,651,300,525,Maharashtra,Other
05/10/2009,Onion,23,Satara,FAQ,Lonand,1451,500,1050,Maharashtra,Other
04/12/2009,Onion,23,Satara,FAQ,Lonand,1551,800,1150,Maharashtra,Other
14/12/2009,Onion,23,Satara,FAQ,Lonand,1855,700,1350,Maharashtra,Other
21/12/2009,Onion,23,Satara,FAQ,Lonand,2121,800,1500,Maharashtra,Other
24/12/2009,Onion,23,Satara,FAQ,Lonand,2400,800,1600,Maharashtra,Other
07/09/2009,Onion,23,Satara,FAQ,Lonand,600,200,450,Maharashtra,Red
10/09/2009,Onion,23,Satara,FAQ,Lonand,600,250,475,Maharashtra,Red
24/09/2009,Onion,23,Satara,FAQ,Lonand,700,450,575,Maharashtra,Red
09/11/2009,Onion,23,Satara,FAQ,Lonand,1500,500,1250,Maharashtra,Red
21/12/2009,Onion,23,Satara,FAQ,Lonand,1600,500,1200,Maharashtra,Red
28/12/2009,Onion,23,Satara,FAQ,Lonand,1750,1000,1550,Maharashtra,Red
04/12/2008,Onion,23,Satara,FAQ,Lonand,1252,550,850,Maharashtra,Other
18/12/2008,Onion,23,Satara,FAQ,Lonand,1150,475,875,Maharashtra,Other
25/12/2008,Onion,23,Satara,FAQ,Lonand,1500,500,1000,Maharashtra,Other
22/09/2008,Onion,23,Satara,FAQ,Lonand,725,250,500,Maharashtra,Red
30/10/2008,Onion,23,Satara,FAQ,Lonand,700,250,500,Maharashtra,Red
15/12/2008,Onion,23,Satara,FAQ,Lonand,1251,500,875,Maharashtra,Red
01/01/2007,Onion,23,Satara,FAQ,Lonand,911,250,550,Maharashtra,Other
08/01/2007,Onion,23,Satara,FAQ,Lonand,1251,350,850,Maharashtra,Other
18/01/2007,Onion,23,Satara,FAQ,Lonand,1425,500,1150,Maharashtra,Other
22/01/2007,Onion,23,Satara,FAQ,Lonand,1050,400,875,Maharashtra,Other
05/02/2007,Onion,23,Satara,FAQ,Lonand,1351,700,1150,Maharashtra,Other
03/05/2007,Onion,23,Satara,FAQ,Lonand,660,250,525,Maharashtra,Other
07/06/2007,Onion,23,Satara,FAQ,Lonand,925,350,800,Maharashtra,Other
05/07/2007,Onion,23,Satara,FAQ,Lonand,975,450,900,Maharashtra,Other
26/07/2007,Onion,23,Satara,FAQ,Lonand,750,700,725,Maharashtra,Other
03/09/2007,Onion,23,Satara,FAQ,Lonand,1200,600,1000,Maharashtra,Other
10/09/2007,Onion,23,Satara,FAQ,Lonand,1305,700,1100,Maharashtra,Other
16/08/2007,Onion,23,Satara,FAQ,Lonand,1125,1000,1050,Maharashtra,Red
06/09/2007,Onion,23,Satara,FAQ,Lonand,1351,650,1000,Maharashtra,Red
20/09/2007,Onion,23,Satara,FAQ,Lonand,1575,1100,1350,Maharashtra,Red
25/10/2007,Onion,23,Satara,FAQ,Lonand,1325,600,1050,Maharashtra,Red
13/02/2023,Onion,23,Satara,FAQ,Lonand,1200,400,1050,Maharashtra,Other
23/02/2023,Onion,23,Satara,FAQ,Lonand,1000,350,850,Maharashtra,Other
16/03/2023,Onion,23,Satara,FAQ,Lonand,1025,400,800,Maharashtra,Other
20/03/2023,Onion,23,Satara,FAQ,Lonand,1101,400,850,Maharashtra,Other
17/04/2023,Onion,23,Satara,FAQ,Lonand,900,350,800,Maharashtra,Other
11/05/2023,Onion,23,Satara,FAQ,Lonand,950,350,775,Maharashtra,Other
22/05/2023,Onion,23,Satara,FAQ,Lonand,890,250,650,Maharashtra,Other
08/06/2023,Onion,23,Satara,FAQ,Lonand,1280,300,900,Maharashtra,Other
29/06/2023,Onion,23,Satara,FAQ,Lonand,1500,400,950,Maharashtra,Other
06/07/2023,Onion,23,Satara,FAQ,Lonand,1600,400,1000,Maharashtra,Other
10/07/2023,Onion,23,Satara,FAQ,Lonand,1450,350,1000,Maharashtra,Other
24/08/2023,Onion,23,Satara,FAQ,Lonand,2500,700,1800,Maharashtra,Other
30/01/2023,Onion,23,Satara,FAQ,Lonand,1401,350,1250,Maharashtra,Red
16/11/2023,Onion,23,Satara,FAQ,Lonand,4600,1000,3000,Maharashtra,Red
17/01/2022,Onion,23,Satara,FAQ,Lonand,2700,600,2300,Maharashtra,Other
31/01/2022,Onion,23,Satara,FAQ,Lonand,2000,700,1600,Maharashtra,Other
10/02/2022,Onion,23,Satara,FAQ,Lonand,3000,700,2400,Maharashtra,Other
24/02/2022,Onion,23,Satara,FAQ,Lonand,2700,600,2300,Maharashtra,Other
21/04/2022,Onion,23,Satara,FAQ,Lonand,1170,300,900,Maharashtra,Other
16/05/2022,Onion,23,Satara,FAQ,Lonand,1000,400,850,Maharashtra,Other
16/06/2022,Onion,23,Satara,FAQ,Lonand,1615,400,1000,Maharashtra,Other
23/06/2022,Onion,23,Satara,FAQ,Lonand,1460,400,1200,Maharashtra,Other
07/07/2022,Onion,23,Satara,FAQ,Lonand,1400,350,1100,Maharashtra,Other
14/07/2022,Onion,23,Satara,FAQ,Lonand,1500,350,1100,Maharashtra,Other
01/08/2022,Onion,23,Satara,FAQ,Lonand,1275,400,1000,Maharashtra,Other
08/09/2022,Onion,23,Satara,FAQ,Lonand,1320,400,1000,Maharashtra,Other
13/10/2022,Onion,23,Satara,FAQ,Lonand,2200,500,1800,Maharashtra,Other
14/11/2022,Onion,23,Satara,FAQ,Lonand,2200,450,1500,Maharashtra,Other
06/10/2022,Onion,23,Satara,FAQ,Lonand,1600,450,1350,Maharashtra,Red
10/11/2022,Onion,23,Satara,FAQ,Lonand,2220,400,1800,Maharashtra,Red
17/11/2022,Onion,23,Satara,FAQ,Lonand,3000,450,2000,Maharashtra,Red
21/11/2022,Onion,23,Satara,FAQ,Lonand,2400,450,1800,Maharashtra,Red
15/12/2022,Onion,23,Satara,FAQ,Lonand,1900,400,1400,Maharashtra,Red
04/02/2019,Onion,23,Satara,FAQ,Lonand,651,100,400,Maharashtra,Other
18/02/2019,Onion,23,Satara,FAQ,Lonand,545,100,350,Maharashtra,Other
11/04/2019,Onion,23,Satara,FAQ,Lonand,881,200,650,Maharashtra,Other
21/05/2019,Onion,23,Satara,FAQ,Lonand,911,300,600,Maharashtra,Other
10/06/2019,Onion,23,Satara,FAQ,Lonand,1600,400,1200,Maharashtra,Other
13/06/2019,Onion,23,Satara,FAQ,Lonand,1425,300,1200,Maharashtra,Other
27/06/2019,Onion,23,Satara,FAQ,Lonand,1351,300,1100,Maharashtra,Other
04/07/2019,Onion,23,Satara,FAQ,Lonand,1375,300,1100,Maharashtra,Other
08/07/2019,Onion,23,Satara,FAQ,Lonand,1300,300,1100,Maharashtra,Other
22/07/2019,Onion,23,Satara,FAQ,Lonand,1210,500,1050,Maharashtra,Other
12/08/2019,Onion,23,Satara,FAQ,Lonand,1575,800,1300,Maharashtra,Other
26/08/2019,Onion,23,Satara,FAQ,Lonand,2320,500,2050,Maharashtra,Other
29/08/2019,Onion,23,Satara,FAQ,Lonand,2700,1000,2200,Maharashtra,Other
19/09/2019,Onion,23,Satara,FAQ,Lonand,4200,1400,2500,Maharashtra,Other
23/09/2019,Onion,23,Satara,FAQ,Lonand,4000,1500,3000,Maharashtra,Other
26/09/2019,Onion,23,Satara,FAQ,Lonand,3700,1000,2800,Maharashtra,Other
10/10/2019,Onion,23,Satara,FAQ,Lonand,3150,800,2000,Maharashtra,Other
04/11/2019,Onion,23,Satara,FAQ,Lonand,5100,5100,5100,Maharashtra,Other
18/11/2019,Onion,23,Satara,FAQ,Lonand,4720,1500,3500,Maharashtra,Other
07/02/2019,Onion,23,Satara,FAQ,Lonand,651,100,400,Maharashtra,Red
17/10/2019,Onion,23,Satara,FAQ,Lonand,2910,1000,2400,Maharashtra,Red
28/10/2019,Onion,23,Satara,FAQ,Lonand,2700,900,2350,Maharashtra,Red
11/11/2019,Onion,23,Satara,FAQ,Lonand,3200,300,1900,Maharashtra,Red
04/03/2024,Onion,23,Satara,FAQ,Lonand,1760,700,1400,Maharashtra,Other
04/01/2018,Onion,23,Satara,FAQ,Lonand,3850,1500,3200,Maharashtra,Other
08/01/2018,Onion,23,Satara,FAQ,Lonand,3650,2000,3000,Maharashtra,Other
22/01/2018,Onion,23,Satara,FAQ,Lonand,2880,1500,2400,Maharashtra,Other
19/02/2018,Onion,23,Satara,FAQ,Lonand,1511,500,1250,Maharashtra,Other
01/03/2018,Onion,23,Satara,FAQ,Lonand,951,300,775,Maharashtra,Other
08/03/2018,Onion,23,Satara,FAQ,Lonand,1001,400,800,Maharashtra,Other
19/03/2018,Onion,23,Satara,FAQ,Lonand,800,200,650,Maharashtra,Other
02/04/2018,Onion,23,Satara,FAQ,Lonand,851,200,650,Maharashtra,Other
09/04/2018,Onion,23,Satara,FAQ,Lonand,811,200,650,Maharashtra,Other
10/05/2018,Onion,23,Satara,FAQ,Lonand,800,250,650,Maharashtra,Other
22/06/2018,Onion,23,Satara,FAQ,Lonand,1300,500,1000,Maharashtra,Other
28/06/2018,Onion,23,Satara,FAQ,Lonand,1160,400,900,Maharashtra,Other
09/07/2018,Onion,23,Satara,FAQ,Lonand,1320,350,1000,Maharashtra,Other
16/07/2018,Onion,23,Satara,FAQ,Lonand,1177,300,950,Maharashtra,Other
19/07/2018,Onion,23,Satara,FAQ,Lonand,1301,500,1100,Maharashtra,Other
23/08/2018,Onion,23,Satara,FAQ,Lonand,1150,400,900,Maharashtra,Other
17/12/2018,Onion,23,Satara,FAQ,Lonand,856,150,600,Maharashtra,Other
31/12/2018,Onion,23,Satara,FAQ,Lonand,901,200,700,Maharashtra,Other
01/01/2018,Onion,23,Satara,FAQ,Lonand,3400,1000,2800,Maharashtra,Red
08/01/2018,Onion,23,Satara,FAQ,Lonand,3400,1500,2900,Maharashtra,Red
22/01/2018,Onion,23,Satara,FAQ,Lonand,2600,1000,2200,Maharashtra,Red
20/09/2018,Onion,23,Satara,FAQ,Lonand,1200,600,900,Maharashtra,Red
30/11/2018,Onion,23,Satara,FAQ,Lonand,885,300,600,Maharashtra,Red
30/01/2025,Onion,23,Satara,Local,Lonand,2600,1000,1900,Maharashtra,Other
09/01/2025,Onion,23,Satara,FAQ,Lonand,2700,800,1500,Maharashtra,Red
14/11/2024,Onion,23,Satara,FAQ,Lonand,4500,1500,3000,Maharashtra,Red
21/04/2025,Onion,23,Satara,Local,Lonand,1330,700,950,Maharashtra,Other
22/05/2025,Onion,23,Satara,Local,Lonand,1300,500,950,Maharashtra,Other
26/05/2025,Onion,23,Satara,Local,Lonand,1400,600,1100,Maharashtra,Other
06/02/2025,Onion,23,Satara,Local,Lonand,2800,800,1800,Maharashtra,Other
13/02/2025,Onion,23,Satara,Local,Lonand,3200,1200,2200,Maharashtra,Other
17/02/2025,Onion,23,Satara,Local,Lonand,3200,1500,2800,Maharashtra,Other
23/09/2024,Onion,23,Satara,FAQ,Lonand,4350,1000,3500,Maharashtra,Red
10/07/2025,Onion,23,Satara,Local,Lonand,1600,500,900,Maharashtra,Other
14/07/2025,Onion,23,Satara,Local,Lonand,1360,500,1000,Maharashtra,Other
31/07/2025,Onion,23,Satara,Local,Lonand,1400,500,900,Maharashtra,Other
12/06/2025,Onion,23,Satara,Local,Lonand,1750,800,1300,Maharashtra,Other
18/09/2025,Onion,23,Satara,Local,Lonand,1350,500,900,Maharashtra,Other
29/09/2025,Onion,23,Satara,Local,Lonand,1251,300,950,Maharashtra,Red
16/10/2025,Onion,23,Satara,Local,Lonand,800,400,550,Maharashtra,Red
27/10/2025,Onion,23,Satara,Local,Lonand,1700,500,1100,Maharashtra,Red
03/10/2025,Onion,23,Satara,Local,Lonand,1300,500,900,Maharashtra,Red
07/01/2010,Onion,23,Satara,FAQ,Lonand,1700,500,1350,Maharashtra,Other
21/01/2010,Onion,23,Satara,FAQ,Lonand,1856,550,1500,Maharashtra,Other
28/01/2010,Onion,23,Satara,FAQ,Lonand,1500,500,1200,Maharashtra,Other
04/02/2010,Onion,23,Satara,FAQ,Lonand,1400,500,1200,Maharashtra,Other
25/02/2010,Onion,23,Satara,FAQ,Lonand,711,250,650,Maharashtra,Other
11/03/2010,Onion,23,Satara,FAQ,Lonand,725,300,650,Maharashtra,Other
18/03/2010,Onion,23,Satara,FAQ,Lonand,635,300,575,Maharashtra,Other
22/03/2010,Onion,23,Satara,FAQ,Lonand,675,250,600,Maharashtra,Other
17/05/2010,Onion,23,Satara,FAQ,Lonand,670,200,500,Maharashtra,Other
03/06/2010,Onion,23,Satara,FAQ,Lonand,711,250,575,Maharashtra,Other
07/06/2010,Onion,23,Satara,FAQ,Lonand,560,250,500,Maharashtra,Other
29/07/2010,Onion,23,Satara,FAQ,Lonand,800,350,650,Maharashtra,Other
19/08/2010,Onion,23,Satara,FAQ,Lonand,950,450,755,Maharashtra,Other
26/08/2010,Onion,23,Satara,FAQ,Lonand,1005,300,800,Maharashtra,Other
23/09/2010,Onion,23,Satara,FAQ,Lonand,1805,1000,1500,Maharashtra,Other
11/10/2010,Onion,23,Satara,FAQ,Lonand,1201,600,950,Maharashtra,Other
02/11/2010,Onion,23,Satara,FAQ,Lonand,1281,500,1000,Maharashtra,Other
04/11/2010,Onion,23,Satara,FAQ,Lonand,1300,500,1000,Maharashtra,Other
11/11/2010,Onion,23,Satara,FAQ,Lonand,2100,700,1800,Maharashtra,Other
23/12/2010,Onion,23,Satara,FAQ,Lonand,4000,2000,3000,Maharashtra,Other
27/12/2010,Onion,23,Satara,FAQ,Lonand,5000,1000,3500,Maharashtra,Other
18/01/2010,Onion,23,Satara,FAQ,Lonand,1200,350,1000,Maharashtra,Red
28/01/2010,Onion,23,Satara,FAQ,Lonand,1200,400,1000,Maharashtra,Red
22/02/2010,Onion,23,Satara,FAQ,Lonand,700,200,550,Maharashtra,Red
04/01/2007,Onion,23,Satara,FAQ,Lonand,1126,275,800,Maharashtra,Other
29/01/2007,Onion,23,Satara,FAQ,Lonand,1251,550,950,Maharashtra,Other
13/03/2007,Onion,23,Satara,FAQ,Lonand,711,250,600,Maharashtra,Other
22/03/2007,Onion,23,Satara,FAQ,Lonand,675,200,500,Maharashtra,Other
17/05/2007,Onion,23,Satara,FAQ,Lonand,625,250,525,Maharashtra,Other
14/06/2007,Onion,23,Satara,FAQ,Lonand,1051,400,850,Maharashtra,Other
12/07/2007,Onion,23,Satara,FAQ,Lonand,951,450,850,Maharashtra,Other
12/11/2007,Onion,23,Satara,FAQ,Lonand,1120,400,825,Maharashtra,Other
13/09/2007,Onion,23,Satara,FAQ,Lonand,1311,700,950,Maharashtra,Red
04/10/2007,Onion,23,Satara,FAQ,Lonand,1400,600,1000,Maharashtra,Red
22/10/2007,Onion,23,Satara,FAQ,Lonand,1501,700,1050,Maharashtra,Red
12/01/2004,Onion,23,Satara,FAQ,Lonand,1001,500,900,Maharashtra,Other
15/01/2004,Onion,23,Satara,FAQ,Lonand,980,650,880,Maharashtra,Other
25/03/2004,Onion,23,Satara,FAQ,Lonand,450,200,380,Maharashtra,Other
24/05/2004,Onion,23,Satara,FAQ,Lonand,411,150,360,Maharashtra,Other
22/07/2004,Onion,23,Satara,FAQ,Lonand,400,200,350,Maharashtra,Other
06/09/2004,Onion,23,Satara,FAQ,Lonand,600,250,425,Maharashtra,Other
20/09/2004,Onion,23,Satara,FAQ,Lonand,595,225,425,Maharashtra,Other
23/09/2004,Onion,23,Satara,FAQ,Lonand,501,225,400,Maharashtra,Other
07/10/2004,Onion,23,Satara,FAQ,Lonand,501,150,360,Maharashtra,Other
02/09/2004,Onion,23,Satara,FAQ,Lonand,331,100,250,Maharashtra,Red
13/09/2004,Onion,23,Satara,FAQ,Lonand,615,150,425,Maharashtra,Red
16/09/2004,Onion,23,Satara,FAQ,Lonand,551,250,450,Maharashtra,Red
07/10/2004,Onion,23,Satara,FAQ,Lonand,501,150,360,Maharashtra,Red
11/10/2004,Onion,23,Satara,FAQ,Lonand,451,125,325,Maharashtra,Red
18/10/2004,Onion,23,Satara,FAQ,Lonand,551,250,400,Maharashtra,Red
22/11/2004,Onion,23,Satara,FAQ,Lonand,511,125,410,Maharashtra,Red
27/12/2004,Onion,23,Satara,FAQ,Lonand,350,100,275,Maharashtra,Red
01/01/2015,Onion,23,Satara,FAQ,Lonand,1500,700,1100,Maharashtra,Other
08/01/2015,Onion,23,Satara,FAQ,Lonand,1901,500,1500,Maharashtra,Other
02/02/2015,Onion,23,Satara,FAQ,Lonand,1761,500,1400,Maharashtra,Other
06/04/2015,Onion,23,Satara,FAQ,Lonand,1361,600,1100,Maharashtra,Other
09/04/2015,Onion,23,Satara,FAQ,Lonand,1425,700,1100,Maharashtra,Other
13/04/2015,Onion,23,Satara,FAQ,Lonand,1425,700,1150,Maharashtra,Other
04/05/2015,Onion,23,Satara,FAQ,Lonand,1470,700,1150,Maharashtra,Other
01/06/2015,Onion,23,Satara,FAQ,Lonand,2100,900,1800,Maharashtra,Other
04/06/2015,Onion,23,Satara,FAQ,Lonand,1951,800,1600,Maharashtra,Other
02/07/2015,Onion,23,Satara,FAQ,Lonand,1700,800,1500,Maharashtra,Other
09/07/2015,Onion,23,Satara,FAQ,Lonand,2000,1000,1800,Maharashtra,Other
30/07/2015,Onion,23,Satara,FAQ,Lonand,3750,2000,3500,Maharashtra,Other
06/08/2015,Onion,23,Satara,FAQ,Lonand,4050,2000,3500,Maharashtra,Other
20/08/2015,Onion,23,Satara,FAQ,Lonand,4800,2700,4000,Maharashtra,Other
27/08/2015,Onion,23,Satara,FAQ,Lonand,5300,3000,4500,Maharashtra,Other
03/12/2015,Onion,23,Satara,FAQ,Lonand,1651,600,1050,Maharashtra,Other
14/12/2015,Onion,23,Satara,FAQ,Lonand,1700,900,1200,Maharashtra,Other
01/01/2015,Onion,23,Satara,FAQ,Lonand,1300,700,1000,Maharashtra,Red
27/08/2015,Onion,23,Satara,FAQ,Lonand,4500,2500,4000,Maharashtra,Red
31/08/2015,Onion,23,Satara,FAQ,Lonand,4200,3000,4000,Maharashtra,Red
28/09/2015,Onion,23,Satara,FAQ,Lonand,3500,2000,3000,Maharashtra,Red
01/10/2015,Onion,23,Satara,FAQ,Lonand,3300,1500,2900,Maharashtra,Red
02/11/2015,Onion,23,Satara,FAQ,Lonand,2501,800,2000,Maharashtra,Red
09/11/2015,Onion,23,Satara,FAQ,Lonand,3000,1000,2500,Maharashtra,Red
19/11/2015,Onion,23,Satara,FAQ,Lonand,2500,900,2000,Maharashtra,Red
26/11/2015,Onion,23,Satara,FAQ,Lonand,2000,900,1800,Maharashtra,Red
17/12/2015,Onion,23,Satara,FAQ,Lonand,1200,600,1000,Maharashtra,Red
27/02/2003,Onion,23,Satara,FAQ,Lonand,240,130,205,Maharashtra,Other
10/04/2003,Onion,23,Satara,FAQ,Lonand,320,140,280,Maharashtra,Other
24/04/2003,Onion,23,Satara,FAQ,Lonand,375,150,310,Maharashtra,Other
28/04/2003,Onion,23,Satara,FAQ,Lonand,405,150,360,Maharashtra,Other
26/05/2003,Onion,23,Satara,FAQ,Lonand,370,150,325,Maharashtra,Other
02/06/2003,Onion,23,Satara,FAQ,Lonand,425,160,400,Maharashtra,Other
11/08/2003,Onion,23,Satara,FAQ,Lonand,503,225,500,Maharashtra,Other
10/11/2003,Onion,23,Satara,FAQ,Lonand,700,300,550,Maharashtra,Other
13/11/2003,Onion,23,Satara,FAQ,Lonand,751,300,600,Maharashtra,Other
18/12/2003,Onion,23,Satara,FAQ,Lonand,761,350,625,Maharashtra,Other
19/12/2024,Onion,23,Satara,FAQ,Lonand,3000,1000,1800,Maharashtra,Other
26/12/2024,Onion,23,Satara,FAQ,Lonand,3000,1000,1800,Maharashtra,Other
05/12/2024,Onion,23,Satara,FAQ,Lonand,4800,1000,3500,Maharashtra,Red
26/12/2024,Onion,23,Satara,FAQ,Lonand,2700,800,1600,Maharashtra,Red
05/01/2017,Onion,23,Satara,FAQ,Lonand,925,250,750,Maharashtra,Other
23/03/2017,Onion,23,Satara,FAQ,Lonand,612,200,500,Maharashtra,Other
30/03/2017,Onion,23,Satara,FAQ,Lonand,600,200,500,Maharashtra,Other
03/04/2017,Onion,23,Satara,FAQ,Lonand,625,150,500,Maharashtra,Other
10/04/2017,Onion,23,Satara,FAQ,Lonand,600,150,500,Maharashtra,Other
13/04/2017,Onion,23,Satara,FAQ,Lonand,619,150,500,Maharashtra,Other
29/05/2017,Onion,23,Satara,FAQ,Lonand,701,200,550,Maharashtra,Other
22/06/2017,Onion,23,Satara,FAQ,Lonand,776,200,600,Maharashtra,Other
27/07/2017,Onion,23,Satara,FAQ,Lonand,1100,400,900,Maharashtra,Other
07/08/2017,Onion,23,Satara,FAQ,Lonand,2250,600,1900,Maharashtra,Other
14/08/2017,Onion,23,Satara,FAQ,Lonand,2111,800,1800,Maharashtra,Other
21/08/2017,Onion,23,Satara,FAQ,Lonand,2515,800,2100,Maharashtra,Other
18/09/2017,Onion,23,Satara,FAQ,Lonand,1330,500,1100,Maharashtra,Other
13/11/2017,Onion,23,Satara,FAQ,Lonand,3200,1000,2400,Maharashtra,Other
16/11/2017,Onion,23,Satara,FAQ,Lonand,3400,1000,2600,Maharashtra,Other
25/12/2017,Onion,23,Satara,FAQ,Lonand,3140,1000,2400,Maharashtra,Other
28/12/2017,Onion,23,Satara,FAQ,Lonand,3050,1000,2500,Maharashtra,Other
02/02/2017,Onion,23,Satara,FAQ,Lonand,450,200,400,Maharashtra,Red
13/11/2017,Onion,23,Satara,FAQ,Lonand,2800,1000,2100,Maharashtra,Red
16/11/2017,Onion,23,Satara,FAQ,Lonand,2800,1000,2100,Maharashtra,Red
20/11/2017,Onion,23,Satara,FAQ,Lonand,3200,1000,2800,Maharashtra,Red
11/12/2017,Onion,23,Satara,FAQ,Lonand,3800,1000,3200,Maharashtra,Red
21/12/2017,Onion,23,Satara,FAQ,Lonand,2900,800,2200,Maharashtra,Red
25/12/2017,Onion,23,Satara,FAQ,Lonand,3000,800,2200,Maharashtra,Red
29/01/2018,Onion,23,Satara,FAQ,Lonand,1900,800,1500,Maharashtra,Other
01/02/2018,Onion,23,Satara,FAQ,Lonand,1675,500,1200,Maharashtra,Other
05/02/2018,Onion,23,Satara,FAQ,Lonand,2325,800,2000,Maharashtra,Other
22/02/2018,Onion,23,Satara,FAQ,Lonand,1611,500,1300,Maharashtra,Other
12/04/2018,Onion,23,Satara,FAQ,Lonand,786,200,625,Maharashtra,Other
19/04/2018,Onion,23,Satara,FAQ,Lonand,675,200,500,Maharashtra,Other
23/04/2018,Onion,23,Satara,FAQ,Lonand,760,200,575,Maharashtra,Other
03/05/2018,Onion,23,Satara,FAQ,Lonand,901,250,700,Maharashtra,Other
21/05/2018,Onion,23,Satara,FAQ,Lonand,751,200,600,Maharashtra,Other
24/05/2018,Onion,23,Satara,FAQ,Lonand,725,200,600,Maharashtra,Other
11/06/2018,Onion,23,Satara,FAQ,Lonand,1071,400,825,Maharashtra,Other
14/06/2018,Onion,23,Satara,FAQ,Lonand,1011,300,800,Maharashtra,Other
02/07/2018,Onion,23,Satara,FAQ,Lonand,1466,500,1200,Maharashtra,Other
12/07/2018,Onion,23,Satara,FAQ,Lonand,1261,400,1000,Maharashtra,Other
02/08/2018,Onion,23,Satara,FAQ,Lonand,1075,300,850,Maharashtra,Other
09/08/2018,Onion,23,Satara,FAQ,Lonand,1055,400,850,Maharashtra,Other
13/08/2018,Onion,23,Satara,FAQ,Lonand,1026,300,850,Maharashtra,Other
16/08/2018,Onion,23,Satara,FAQ,Lonand,1400,400,1000,Maharashtra,Other
20/08/2018,Onion,23,Satara,FAQ,Lonand,1140,400,900,Maharashtra,Other
10/12/2018,Onion,23,Satara,FAQ,Lonand,701,200,500,Maharashtra,Other
27/12/2018,Onion,23,Satara,FAQ,Lonand,665,150,400,Maharashtra,Other
15/01/2018,Onion,23,Satara,FAQ,Lonand,2900,800,2400,Maharashtra,Red
25/01/2018,Onion,23,Satara,FAQ,Lonand,2300,800,1900,Maharashtra,Red
13/09/2018,Onion,23,Satara,FAQ,Lonand,1050,250,800,Maharashtra,Red
17/09/2018,Onion,23,Satara,FAQ,Lonand,1185,200,800,Maharashtra,Red
24/09/2018,Onion,23,Satara,FAQ,Lonand,1025,300,800,Maharashtra,Red
27/09/2018,Onion,23,Satara,FAQ,Lonand,1182,500,800,Maharashtra,Red
04/10/2018,Onion,23,Satara,FAQ,Lonand,1160,451,850,Maharashtra,Red
18/10/2018,Onion,23,Satara,FAQ,Lonand,1851,500,1400,Maharashtra,Red
29/10/2018,Onion,23,Satara,FAQ,Lonand,1600,500,1100,Maharashtra,Red
15/11/2018,Onion,23,Satara,FAQ,Lonand,1351,400,900,Maharashtra,Red
22/11/2018,Onion,23,Satara,FAQ,Lonand,900,400,650,Maharashtra,Red
26/11/2018,Onion,23,Satara,FAQ,Lonand,976,400,700,Maharashtra,Red
02/01/2020,Onion,23,Satara,FAQ,Lonand,4600,700,3300,Maharashtra,Other
05/03/2020,Onion,23,Satara,FAQ,Lonand,1925,400,1400,Maharashtra,Other
09/03/2020,Onion,23,Satara,FAQ,Lonand,1971,400,1400,Maharashtra,Other
25/05/2020,Onion,23,Satara,FAQ,Lonand,715,100,600,Maharashtra,Other
15/06/2020,Onion,23,Satara,FAQ,Lonand,819,150,600,Maharashtra,Other
18/06/2020,Onion,23,Satara,FAQ,Lonand,901,150,650,Maharashtra,Other
25/06/2020,Onion,23,Satara,FAQ,Lonand,861,100,650,Maharashtra,Other
06/08/2020,Onion,23,Satara,FAQ,Lonand,740,100,600,Maharashtra,Other
10/08/2020,Onion,23,Satara,FAQ,Lonand,785,100,550,Maharashtra,Other
30/11/2020,Onion,23,Satara,FAQ,Lonand,4000,900,3000,Maharashtra,Other
05/10/2020,Onion,23,Satara,FAQ,Lonand,2850,600,2000,Maharashtra,Red
08/10/2020,Onion,23,Satara,FAQ,Lonand,3310,800,2300,Maharashtra,Red
02/11/2020,Onion,23,Satara,FAQ,Lonand,5300,800,3500,Maharashtra,Red
09/11/2020,Onion,23,Satara,FAQ,Lonand,5325,1000,3500,Maharashtra,Red
12/11/2020,Onion,23,Satara,FAQ,Lonand,5450,1000,3800,Maharashtra,Red
01/01/2009,Onion,23,Satara,FAQ,Lonand,1540,500,1050,Maharashtra,Other
19/01/2009,Onion,23,Satara,FAQ,Lonand,1761,550,1400,Maharashtra,Other
14/02/2009,Onion,23,Satara,FAQ,Lonand,1241,550,1125,Maharashtra,Other
28/02/2009,Onion,23,Satara,FAQ,Lonand,925,350,825,Maharashtra,Other
09/03/2009,Onion,23,Satara,FAQ,Lonand,650,250,575,Maharashtra,Other
12/03/2009,Onion,23,Satara,FAQ,Lonand,780,400,700,Maharashtra,Other
16/03/2009,Onion,23,Satara,FAQ,Lonand,860,275,775,Maharashtra,Other
18/03/2009,Onion,23,Satara,FAQ,Lonand,800,350,700,Maharashtra,Other
19/03/2009,Onion,23,Satara,FAQ,Lonand,777,350,700,Maharashtra,Other
16/04/2009,Onion,23,Satara,FAQ,Lonand,600,250,540,Maharashtra,Other
18/04/2009,Onion,23,Satara,FAQ,Lonand,525,250,450,Maharashtra,Other
04/05/2009,Onion,23,Satara,FAQ,Lonand,531,250,500,Maharashtra,Other
11/05/2009,Onion,23,Satara,FAQ,Lonand,625,250,500,Maharashtra,Other
18/05/2009,Onion,23,Satara,FAQ,Lonand,561,250,500,Maharashtra,Other
11/06/2009,Onion,23,Satara,FAQ,Lonand,825,500,700,Maharashtra,Other
02/07/2009,Onion,23,Satara,FAQ,Lonand,751,250,650,Maharashtra,Other
03/09/2009,Onion,23,Satara,FAQ,Lonand,700,350,600,Maharashtra,Other
15/10/2009,Onion,23,Satara,FAQ,Lonand,1351,500,1000,Maharashtra,Other
12/11/2009,Onion,23,Satara,FAQ,Lonand,1875,1600,1700,Maharashtra,Other
28/12/2009,Onion,23,Satara,FAQ,Lonand,2500,1200,1800,Maharashtra,Other
05/11/2009,Onion,23,Satara,FAQ,Lonand,1500,500,1200,Maharashtra,Red
23/11/2009,Onion,23,Satara,FAQ,Lonand,1345,400,1000,Maharashtra,Red
17/12/2009,Onion,23,Satara,FAQ,Lonand,1400,500,1000,Maharashtra,Red
24/12/2009,Onion,23,Satara,FAQ,Lonand,1600,700,1400,Maharashtra,Red
17/11/2008,Onion,23,Satara,FAQ,Lonand,1200,500,900,Maharashtra,Red
24/11/2008,Onion,23,Satara,FAQ,Lonand,1361,600,850,Maharashtra,Red
07/01/2016,Onion,23,Satara,FAQ,Lonand,1700,800,1400,Maharashtra,Other
04/02/2016,Onion,23,Satara,FAQ,Lonand,1175,500,950,Maharashtra,Other
08/02/2016,Onion,23,Satara,FAQ,Lonand,1100,500,850,Maharashtra,Other
11/02/2016,Onion,23,Satara,FAQ,Lonand,1000,400,750,Maharashtra,Other
29/02/2016,Onion,23,Satara,FAQ,Lonand,861,300,675,Maharashtra,Other
28/03/2016,Onion,23,Satara,FAQ,Lonand,925,400,775,Maharashtra,Other
14/07/2016,Onion,23,Satara,FAQ,Lonand,850,500,650,Maharashtra,Other
29/09/2016,Onion,23,Satara,FAQ,Lonand,601,150,450,Maharashtra,Other
12/12/2016,Onion,23,Satara,FAQ,Lonand,1276,300,900,Maharashtra,Other
15/12/2016,Onion,23,Satara,FAQ,Lonand,1151,300,850,Maharashtra,Other
26/12/2016,Onion,23,Satara,FAQ,Lonand,1000,250,750,Maharashtra,Other
18/01/2016,Onion,23,Satara,FAQ,Lonand,1200,600,1000,Maharashtra,Red
06/10/2016,Onion,23,Satara,FAQ,Lonand,615,150,500,Maharashtra,Red
17/11/2016,Onion,23,Satara,FAQ,Lonand,1251,400,950,Maharashtra,Red
24/11/2016,Onion,23,Satara,FAQ,Lonand,1300,300,950,Maharashtra,Red
24/06/2024,Onion,23,Satara,FAQ,Lonand,2910,1000,2300,Maharashtra,Other
11/07/2024,Onion,23,Satara,FAQ,Lonand,3150,800,2000,Maharashtra,Red
29/02/2024,Onion,23,Satara,FAQ,Lonand,1726,900,1200,Maharashtra,Other
01/04/2024,Onion,23,Satara,FAQ,Lonand,1525,900,1100,Maharashtra,Other
04/01/2024,Onion,23,Satara,FAQ,Lonand,2420,450,1700,Maharashtra,Red
29/01/2024,Onion,23,Satara,FAQ,Lonand,1451,500,1000,Maharashtra,Red
28/01/2021,Onion,23,Satara,FAQ,Lonand,2780,1300,2350,Maharashtra,Other
18/02/2021,Onion,23,Satara,FAQ,Lonand,4200,1600,3300,Maharashtra,Other
25/02/2021,Onion,23,Satara,FAQ,Lonand,2750,1000,2350,Maharashtra,Other
01/03/2021,Onion,23,Satara,FAQ,Lonand,2850,1000,2300,Maharashtra,Other
08/03/2021,Onion,23,Satara,FAQ,Lonand,1850,800,1450,Maharashtra,Other
19/04/2021,Onion,23,Satara,FAQ,Lonand,1200,400,950,Maharashtra,Other
24/06/2021,Onion,23,Satara,FAQ,Lonand,2000,600,1550,Maharashtra,Other
08/07/2021,Onion,23,Satara,FAQ,Lonand,1711,600,1450,Maharashtra,Other
12/07/2021,Onion,23,Satara,FAQ,Lonand,1700,550,1400,Maharashtra,Other
15/07/2021,Onion,23,Satara,FAQ,Lonand,1550,550,1350,Maharashtra,Other
19/07/2021,Onion,23,Satara,FAQ,Lonand,1700,700,1500,Maharashtra,Other
19/08/2021,Onion,23,Satara,FAQ,Lonand,2000,700,1500,Maharashtra,Other
23/08/2021,Onion,23,Satara,FAQ,Lonand,1700,500,1400,Maharashtra,Other
30/08/2021,Onion,23,Satara,FAQ,Lonand,1650,650,1350,Maharashtra,Other
02/09/2021,Onion,23,Satara,FAQ,Lonand,1700,600,1400,Maharashtra,Other
23/12/2021,Onion,23,Satara,FAQ,Lonand,2800,600,1750,Maharashtra,Other
06/09/2021,Onion,23,Satara,FAQ,Lonand,1600,500,1250,Maharashtra,Red
16/09/2021,Onion,23,Satara,FAQ,Lonand,1640,500,1300,Maharashtra,Red
18/10/2021,Onion,23,Satara,FAQ,Lonand,3151,550,2300,Maharashtra,Red
21/10/2021,Onion,23,Satara,FAQ,Lonand,3250,550,2700,Maharashtra,Red
15/11/2021,Onion,23,Satara,FAQ,Lonand,2451,600,2100,Maharashtra,Red
22/11/2021,Onion,23,Satara,FAQ,Lonand,2750,600,2200,Maharashtra,Red
06/01/2011,Onion,23,Satara,FAQ,Lonand,5000,2000,3800,Maharashtra,Other
10/01/2011,Onion,23,Satara,FAQ,Lonand,4000,1000,3000,Maharashtra,Other
13/01/2011,Onion,23,Satara,FAQ,Lonand,3100,2000,2700,Maharashtra,Other
24/03/2011,Onion,23,Satara,FAQ,Lonand,635,450,590,Maharashtra,Other
28/03/2011,Onion,23,Satara,FAQ,Lonand,560,350,525,Maharashtra,Other
25/04/2011,Onion,23,Satara,FAQ,Lonand,625,300,550,Maharashtra,Other
30/05/2011,Onion,23,Satara,FAQ,Lonand,675,300,540,Maharashtra,Other
28/07/2011,Onion,23,Satara,FAQ,Lonand,870,400,650,Maharashtra,Other
25/08/2011,Onion,23,Satara,FAQ,Lonand,1501,650,1375,Maharashtra,Other
01/09/2011,Onion,23,Satara,FAQ,Lonand,1500,700,1200,Maharashtra,Other
05/09/2011,Onion,23,Satara,FAQ,Lonand,875,700,825,Maharashtra,Other
19/09/2011,Onion,23,Satara,FAQ,Lonand,965,305,800,Maharashtra,Other
17/10/2011,Onion,23,Satara,FAQ,Lonand,1050,450,800,Maharashtra,Other
20/10/2011,Onion,23,Satara,FAQ,Lonand,900,450,800,Maharashtra,Other
21/11/2011,Onion,23,Satara,FAQ,Lonand,900,500,800,Maharashtra,Other
19/12/2011,Onion,23,Satara,FAQ,Lonand,675,450,550,Maharashtra,Other
06/01/2011,Onion,23,Satara,FAQ,Lonand,4100,1000,3000,Maharashtra,Red
02/01/2014,Onion,23,Satara,FAQ,Lonand,1375,700,1150,Maharashtra,Other
20/01/2014,Onion,23,Satara,FAQ,Lonand,1035,600,900,Maharashtra,Other
06/03/2014,Onion,23,Satara,FAQ,Lonand,850,400,700,Maharashtra,Other
11/03/2014,Onion,23,Satara,FAQ,Lonand,1150,500,950,Maharashtra,Other
13/03/2014,Onion,23,Satara,FAQ,Lonand,830,400,700,Maharashtra,Other
03/04/2014,Onion,23,Satara,FAQ,Lonand,971,400,750,Maharashtra,Other
15/05/2014,Onion,23,Satara,FAQ,Lonand,1290,400,1000,Maharashtra,Other
26/06/2014,Onion,23,Satara,FAQ,Lonand,2300,800,2000,Maharashtra,Other
17/07/2014,Onion,23,Satara,FAQ,Lonand,2250,900,1800,Maharashtra,Other
24/07/2014,Onion,23,Satara,FAQ,Lonand,2100,800,1500,Maharashtra,Other
21/08/2014,Onion,23,Satara,FAQ,Lonand,1900,800,1600,Maharashtra,Other
11/12/2014,Onion,23,Satara,FAQ,Lonand,1875,900,1500,Maharashtra,Other
11/09/2014,Onion,23,Satara,FAQ,Lonand,1600,700,1400,Maharashtra,Red
22/09/2014,Onion,23,Satara,FAQ,Lonand,1500,700,1300,Maharashtra,Red
09/10/2014,Onion,23,Satara,FAQ,Lonand,1800,600,1400,Maharashtra,Red
16/10/2014,Onion,23,Satara,FAQ,Lonand,1850,700,1500,Maharashtra,Red
04/12/2014,Onion,23,Satara,FAQ,Lonand,1701,800,1450,Maharashtra,Red
18/12/2014,Onion,23,Satara,FAQ,Lonand,2100,900,1850,Maharashtra,Red
21/01/2013,Onion,23,Satara,FAQ,Lonand,1911,900,1600,Maharashtra,Other
28/02/2013,Onion,23,Satara,FAQ,Lonand,1200,900,1100,Maharashtra,Other
25/03/2013,Onion,23,Satara,FAQ,Lonand,1050,750,925,Maharashtra,Other
23/05/2013,Onion,23,Satara,FAQ,Lonand,1125,600,1000,Maharashtra,Other
13/06/2013,Onion,23,Satara,FAQ,Lonand,1625,800,1450,Maharashtra,Other
17/06/2013,Onion,23,Satara,FAQ,Lonand,1700,1500,1600,Maharashtra,Other
27/06/2013,Onion,23,Satara,FAQ,Lonand,1900,900,1750,Maharashtra,Other
04/07/2013,Onion,23,Satara,FAQ,Lonand,2000,800,1700,Maharashtra,Other
22/08/2013,Onion,23,Satara,FAQ,Lonand,4400,3000,4000,Maharashtra,Other
05/09/2013,Onion,23,Satara,FAQ,Lonand,5000,3000,4000,Maharashtra,Other
03/10/2013,Onion,23,Satara,FAQ,Lonand,3500,1500,2500,Maharashtra,Other
07/10/2013,Onion,23,Satara,FAQ,Lonand,4400,2000,3300,Maharashtra,Other
21/11/2013,Onion,23,Satara,FAQ,Lonand,3500,1500,2500,Maharashtra,Other
25/11/2013,Onion,23,Satara,FAQ,Lonand,2700,1000,2000,Maharashtra,Other
05/12/2013,Onion,23,Satara,FAQ,Lonand,2500,800,1800,Maharashtra,Other
09/12/2013,Onion,23,Satara,FAQ,Lonand,2400,900,1800,Maharashtra,Other
16/12/2013,Onion,23,Satara,FAQ,Lonand,1415,500,1100,Maharashtra,Other
10/01/2013,Onion,23,Satara,FAQ,Lonand,1451,900,1250,Maharashtra,Red
19/09/2013,Onion,23,Satara,FAQ,Lonand,4400,3000,3500,Maharashtra,Red
07/10/2013,Onion,23,Satara,FAQ,Lonand,3600,1000,2500,Maharashtra,Red
31/10/2013,Onion,23,Satara,FAQ,Lonand,4000,1000,3000,Maharashtra,Red
11/11/2013,Onion,23,Satara,FAQ,Lonand,4651,2000,3000,Maharashtra,Red
18/11/2013,Onion,23,Satara,FAQ,Lonand,3000,1000,2000,Maharashtra,Red
16/12/2013,Onion,23,Satara,FAQ,Lonand,1250,400,1000,Maharashtra,Red
12/01/2012,Onion,23,Satara,FAQ,Lonand,500,200,450,Maharashtra,Other
16/02/2012,Onion,23,Satara,FAQ,Lonand,430,250,390,Maharashtra,Other
23/02/2012,Onion,23,Satara,FAQ,Lonand,425,225,380,Maharashtra,Other
09/04/2012,Onion,23,Satara,FAQ,Lonand,525,250,425,Maharashtra,Other
12/07/2012,Onion,23,Satara,FAQ,Lonand,655,400,575,Maharashtra,Other
16/08/2012,Onion,23,Satara,FAQ,Lonand,725,400,600,Maharashtra,Other
25/10/2012,Onion,23,Satara,FAQ,Lonand,1200,500,900,Maharashtra,Other
04/10/2012,Onion,23,Satara,FAQ,Lonand,525,350,450,Maharashtra,Red
08/11/2012,Onion,23,Satara,FAQ,Lonand,1251,900,1100,Maharashtra,Red
20/12/2012,Onion,23,Satara,FAQ,Lonand,1561,800,1250,Maharashtra,Red
07/02/2005,Onion,23,Satara,FAQ,Lonand,400,120,325,Maharashtra,Other
24/02/2005,Onion,23,Satara,FAQ,Lonand,321,100,260,Maharashtra,Other
07/03/2005,Onion,23,Satara,FAQ,Lonand,321,100,260,Maharashtra,Other
28/07/2005,Onion,23,Satara,FAQ,Lonand,431,250,400,Maharashtra,Other
08/09/2005,Onion,23,Satara,FAQ,Lonand,900,300,600,Maharashtra,Red
31/10/2005,Onion,23,Satara,FAQ,Lonand,900,200,550,Maharashtra,Red
03/11/2005,Onion,23,Satara,FAQ,Lonand,1200,400,825,Maharashtra,Red
10/11/2005,Onion,23,Satara,FAQ,Lonand,1325,450,875,Maharashtra,Red
04/12/2006,Onion,23,Satara,FAQ,Lonand,700,250,380,Maharashtra,Other
05/01/2006,Onion,23,Satara,FAQ,Lonand,350,250,300,Maharashtra,Red
06/03/2023,Onion,23,Satara,FAQ,Lonand,1325,500,1100,Maharashtra,Other
24/04/2023,Onion,23,Satara,FAQ,Lonand,851,300,725,Maharashtra,Other
15/05/2023,Onion,23,Satara,FAQ,Lonand,1066,350,750,Maharashtra,Other
18/05/2023,Onion,23,Satara,FAQ,Lonand,990,350,750,Maharashtra,Other
25/05/2023,Onion,23,Satara,FAQ,Lonand,1151,400,800,Maharashtra,Other
05/01/2023,Onion,23,Satara,FAQ,Lonand,2000,450,1500,Maharashtra,Red
23/01/2023,Onion,23,Satara,FAQ,Lonand,1700,400,1400,Maharashtra,Red
26/01/2023,Onion,23,Satara,FAQ,Lonand,1551,400,1300,Maharashtra,Red
02/02/2023,Onion,23,Satara,FAQ,Lonand,1370,400,1100,Maharashtra,Red
19/10/2023,Onion,23,Satara,FAQ,Lonand,3700,1000,3000,Maharashtra,Red
02/11/2023,Onion,23,Satara,FAQ,Lonand,4300,1500,3000,Maharashtra,Red
06/11/2023,Onion,23,Satara,FAQ,Lonand,4300,2000,3500,Maharashtra,Red
28/11/2023,Onion,23,Satara,FAQ,Lonand,4100,1000,3000,Maharashtra,Red
14/12/2023,Onion,23,Satara,FAQ,Lonand,3100,1000,2500,Maharashtra,Red
29/08/2024,Onion,23,Satara,FAQ,Lonand,4400,1500,3800,Maharashtra,Other
05/08/2024,Onion,23,Satara,FAQ,Lonand,2825,800,1900,Maharashtra,Red
08/08/2024,Onion,23,Satara,FAQ,Lonand,3100,800,1900,Maharashtra,Red
22/08/2024,Onion,23,Satara,FAQ,Lonand,3900,1000,2200,Maharashtra,Red
14/11/2024,Onion,23,Satara,FAQ,Lonand,6560,1500,4500,Maharashtra,Other
21/11/2024,Onion,23,Satara,FAQ,Lonand,4600,1000,3500,Maharashtra,Red
02/05/2024,Onion,23,Satara,FAQ,Lonand,1600,900,1150,Maharashtra,Other
13/05/2024,Onion,23,Satara,FAQ,Lonand,1750,800,1100,Maharashtra,Other
09/09/2024,Onion,23,Satara,FAQ,Lonand,4210,1500,3500,Maharashtra,Other
26/09/2024,Onion,23,Satara,FAQ,Lonand,4500,1500,3500,Maharashtra,Other
12/09/2024,Onion,23,Satara,FAQ,Lonand,4100,1500,3500,Maharashtra,Other
03/02/2025,Onion,23,Satara,Local,Lonand,2500,800,1800,Maharashtra,Other
09/01/2025,Onion,23,Satara,FAQ,Lonand,2900,900,1500,Maharashtra,Other
17/04/2025,Onion,23,Satara,Local,Lonand,1205,400,900,Maharashtra,Other
24/04/2025,Onion,23,Satara,Local,Lonand,1301,400,1000,Maharashtra,Other
28/04/2025,Onion,23,Satara,Local,Lonand,1290,700,950,Maharashtra,Other
12/05/2025,Onion,23,Satara,Local,Lonand,1300,500,900,Maharashtra,Other
08/05/2025,Onion,23,Satara,Local,Lonand,1300,600,850,Maharashtra,Red
20/03/2025,Onion,23,Satara,Local,Lonand,1700,700,1200,Maharashtra,Other
24/03/2025,Onion,23,Satara,Local,Lonand,1750,900,1200,Maharashtra,Other
06/01/2025,Onion,23,Satara,FAQ,Lonand,3310,1200,1500,Maharashtra,Other
16/01/2025,Onion,23,Satara,FAQ,Lonand,2650,800,1500,Maharashtra,Other
20/01/2025,Onion,23,Satara,FAQ,Lonand,3070,1000,2000,Maharashtra,Other
23/01/2025,Onion,23,Satara,FAQ,Lonand,3000,1000,1700,Maharashtra,Other
27/01/2025,Onion,23,Satara,Local,Lonand,2850,800,1700,Maharashtra,Other
10/01/2019,Onion,23,Satara,FAQ,Lonand,805,200,550,Maharashtra,Other
14/01/2019,Onion,23,Satara,FAQ,Lonand,701,150,500,Maharashtra,Other
21/01/2019,Onion,23,Satara,FAQ,Lonand,721,150,500,Maharashtra,Other
14/02/2019,Onion,23,Satara,FAQ,Lonand,551,100,350,Maharashtra,Other
21/02/2019,Onion,23,Satara,FAQ,Lonand,531,100,350,Maharashtra,Other
25/02/2019,Onion,23,Satara,FAQ,Lonand,551,100,375,Maharashtra,Other
01/04/2019,Onion,23,Satara,FAQ,Lonand,700,200,500,Maharashtra,Other
04/04/2019,Onion,23,Satara,FAQ,Lonand,900,200,700,Maharashtra,Other
09/05/2019,Onion,23,Satara,FAQ,Lonand,951,300,750,Maharashtra,Other
27/05/2019,Onion,23,Satara,FAQ,Lonand,1300,700,1000,Maharashtra,Other
20/06/2019,Onion,23,Satara,FAQ,Lonand,1440,300,1200,Maharashtra,Other
01/07/2019,Onion,23,Satara,FAQ,Lonand,1375,400,1050,Maharashtra,Other
15/07/2019,Onion,23,Satara,FAQ,Lonand,1201,300,1000,Maharashtra,Other
15/08/2019,Onion,23,Satara,FAQ,Lonand,1700,500,1500,Maharashtra,Other
12/09/2019,Onion,23,Satara,FAQ,Lonand,2700,1400,2200,Maharashtra,Other
07/10/2019,Onion,23,Satara,FAQ,Lonand,3500,800,2800,Maharashtra,Other
07/11/2019,Onion,23,Satara,FAQ,Lonand,4851,2200,3700,Maharashtra,Other
21/11/2019,Onion,23,Satara,FAQ,Lonand,5300,3000,4200,Maharashtra,Other
14/10/2019,Onion,23,Satara,FAQ,Lonand,3000,900,2500,Maharashtra,Red
16/12/2019,Onion,23,Satara,FAQ,Lonand,7000,800,4000,Maharashtra,Red
19/12/2019,Onion,23,Satara,FAQ,Lonand,9800,1200,6000,Maharashtra,Red
30/12/2019,Onion,23,Satara,FAQ,Lonand,6800,1000,4500,Maharashtra,Red
17/02/2022,Onion,23,Satara,FAQ,Lonand,2750,700,2300,Maharashtra,Other
03/03/2022,Onion,23,Satara,FAQ,Lonand,1760,500,1400,Maharashtra,Other
10/03/2022,Onion,23,Satara,FAQ,Lonand,1651,500,1400,Maharashtra,Other
14/03/2022,Onion,23,Satara,FAQ,Lonand,1367,500,1200,Maharashtra,Other
24/03/2022,Onion,23,Satara,FAQ,Lonand,1200,400,1000,Maharashtra,Other
04/04/2022,Onion,23,Satara,FAQ,Lonand,1251,500,1000,Maharashtra,Other
11/04/2022,Onion,23,Satara,FAQ,Lonand,911,300,800,Maharashtra,Other
14/04/2022,Onion,23,Satara,FAQ,Lonand,860,300,700,Maharashtra,Other
26/05/2022,Onion,23,Satara,FAQ,Lonand,1100,300,800,Maharashtra,Other
02/06/2022,Onion,23,Satara,FAQ,Lonand,1330,400,850,Maharashtra,Other
18/07/2022,Onion,23,Satara,FAQ,Lonand,1501,350,1100,Maharashtra,Other
29/07/2022,Onion,23,Satara,FAQ,Lonand,1200,350,950,Maharashtra,Other
18/08/2022,Onion,23,Satara,FAQ,Lonand,1510,400,1150,Maharashtra,Other
29/09/2022,Onion,23,Satara,FAQ,Lonand,1510,450,1050,Maharashtra,Other
29/09/2022,Onion,23,Satara,FAQ,Lonand,1450,500,1150,Maharashtra,Red
27/10/2022,Onion,23,Satara,FAQ,Lonand,2150,500,1650,Maharashtra,Red
14/11/2022,Onion,23,Satara,FAQ,Lonand,2700,500,1900,Maharashtra,Red
08/12/2022,Onion,23,Satara,FAQ,Lonand,2100,500,1700,Maharashtra,Red
12/12/2022,Onion,23,Satara,FAQ,Lonand,1685,400,1200,Maharashtra,Red
24/07/2025,Onion,23,Satara,Local,Lonand,1345,450,950,Maharashtra,Other
25/08/2025,Onion,23,Satara,Local,Lonand,1610,500,1000,Maharashtra,Other
05/06/2025,Onion,23,Satara,Local,Lonand,1500,400,950,Maharashtra,Other
19/06/2025,Onion,23,Satara,Local,Lonand,1700,500,1300,Maharashtra,Other
30/06/2025,Onion,23,Satara,Local,Lonand,1500,500,950,Maharashtra,Other
08/09/2025,Onion,23,Satara,Local,Lonand,1600,550,1100,Maharashtra,Other
11/09/2025,Onion,23,Satara,Local,Lonand,1450,500,950,Maharashtra,Other
22/09/2025,Onion,23,Satara,Local,Lonand,1500,500,1000,Maharashtra,Other
29/09/2025,Onion,23,Satara,Local,Lonand,1600,500,1000,Maharashtra,Other
16/02/2023,Onion,23,Satara,FAQ,Lonand,1120,350,1000,Maharashtra,Other
27/04/2023,Onion,23,Satara,FAQ,Lonand,875,300,700,Maharashtra,Other
04/05/2023,Onion,23,Satara,FAQ,Lonand,1151,400,850,Maharashtra,Other
08/05/2023,Onion,23,Satara,FAQ,Lonand,1051,400,800,Maharashtra,Other
01/06/2023,Onion,23,Satara,FAQ,Lonand,1100,300,750,Maharashtra,Other
20/07/2023,Onion,23,Satara,FAQ,Lonand,1465,500,800,Maharashtra,Other
10/08/2023,Onion,23,Satara,FAQ,Lonand,2055,500,1650,Maharashtra,Other
30/10/2023,Onion,23,Satara,FAQ,Lonand,5200,2000,4000,Maharashtra,Red
23/11/2023,Onion,23,Satara,FAQ,Lonand,4100,1000,3000,Maharashtra,Red
25/12/2023,Onion,23,Satara,FAQ,Lonand,2050,500,1500,Maharashtra,Red
31/03/2025,Onion,23,Satara,Local,Lonand,1600,800,1200,Maharashtra,Other
02/06/2025,Onion,23,Satara,Local,Lonand,1400,500,1000,Maharashtra,Other
09/06/2025,Onion,23,Satara,Local,Lonand,1800,800,1300,Maharashtra,Other
07/07/2025,Onion,23,Satara,Local,Lonand,1540,500,950,Maharashtra,Other
17/07/2025,Onion,23,Satara,Local,Lonand,1550,500,950,Maharashtra,Other
30/09/2024,Onion,23,Satara,FAQ,Lonand,4000,1000,2800,Maharashtra,Red
20/02/2025,Onion,23,Satara,Local,Lonand,2510,1000,1800,Maharashtra,Other
17/10/2024,Onion,23,Satara,FAQ,Lonand,4300,1500,2700,Maharashtra,Red
03/10/2024,Onion,23,Satara,FAQ,Lonand,3800,1000,2600,Maharashtra,Other
14/10/2024,Onion,23,Satara,FAQ,Lonand,4150,1500,2700,Maharashtra,Red
11/08/2025,Onion,23,Satara,Local,Lonand,1460,500,950,Maharashtra,Other
28/08/2025,Onion,23,Satara,Local,Lonand,1550,500,950,Maharashtra,Other
28/08/2025,Onion,23,Satara,Local,Lonand,1320,500,900,Maharashtra,Red
01/09/2025,Onion,23,Satara,Local,Lonand,1500,500,1000,Maharashtra,Other
08/09/2025,Onion,23,Satara,Local,Lonand,1300,500,850,Maharashtra,Red
15/01/2007,Onion,23,Satara,FAQ,Lonand,1200,425,900,Maharashtra,Other
25/01/2007,Onion,23,Satara,FAQ,Lonand,1011,400,850,Maharashtra,Other
19/02/2007,Onion,23,Satara,FAQ,Lonand,1025,500,950,Maharashtra,Other
19/03/2007,Onion,23,Satara,FAQ,Lonand,670,400,640,Maharashtra,Other
02/04/2007,Onion,23,Satara,FAQ,Lonand,611,450,580,Maharashtra,Other
23/04/2007,Onion,23,Satara,FAQ,Lonand,511,200,475,Maharashtra,Other
21/05/2007,Onion,23,Satara,FAQ,Lonand,551,200,450,Maharashtra,Other
24/05/2007,Onion,23,Satara,FAQ,Lonand,580,250,525,Maharashtra,Other
31/05/2007,Onion,23,Satara,FAQ,Lonand,701,300,600,Maharashtra,Other
28/06/2007,Onion,23,Satara,FAQ,Lonand,960,500,850,Maharashtra,Other
09/08/2007,Onion,23,Satara,FAQ,Lonand,951,250,700,Maharashtra,Red
30/08/2007,Onion,23,Satara,FAQ,Lonand,1151,500,1000,Maharashtra,Red
24/09/2007,Onion,23,Satara,FAQ,Lonand,1500,900,1300,Maharashtra,Red
27/09/2007,Onion,23,Satara,FAQ,Lonand,1600,800,1300,Maharashtra,Red
12/11/2007,Onion,23,Satara,FAQ,Lonand,975,300,775,Maharashtra,Red
11/02/2021,Onion,23,Satara,FAQ,Lonand,4290,1500,3250,Maharashtra,Other
04/03/2021,Onion,23,Satara,FAQ,Lonand,2400,900,2150,Maharashtra,Other
22/03/2021,Onion,23,Satara,FAQ,Lonand,1225,600,1125,Maharashtra,Other
25/03/2021,Onion,23,Satara,FAQ,Lonand,1251,600,1125,Maharashtra,Other
08/04/2021,Onion,23,Satara,FAQ,Lonand,1036,400,850,Maharashtra,Other
26/04/2021,Onion,23,Satara,FAQ,Lonand,1115,400,875,Maharashtra,Other
28/06/2021,Onion,23,Satara,FAQ,Lonand,1816,600,1550,Maharashtra,Other
01/07/2021,Onion,23,Satara,FAQ,Lonand,1700,600,1450,Maharashtra,Other
05/07/2021,Onion,23,Satara,FAQ,Lonand,1700,600,1400,Maharashtra,Other
05/08/2021,Onion,23,Satara,FAQ,Lonand,1700,600,1450,Maharashtra,Other
13/12/2021,Onion,23,Satara,FAQ,Lonand,2000,500,1450,Maharashtra,Other
05/01/2021,Onion,23,Satara,FAQ,Lonand,2700,800,2200,Maharashtra,Red
04/10/2021,Onion,23,Satara,FAQ,Lonand,3010,600,2350,Maharashtra,Red
01/11/2021,Onion,23,Satara,FAQ,Lonand,3200,500,2300,Maharashtra,Red
06/12/2021,Onion,23,Satara,FAQ,Lonand,2200,450,1500,Maharashtra,Red
16/02/2017,Onion,23,Satara,FAQ,Lonand,665,200,500,Maharashtra,Other
24/04/2017,Onion,23,Satara,FAQ,Lonand,530,150,425,Maharashtra,Other
27/04/2017,Onion,23,Satara,FAQ,Lonand,525,150,400,Maharashtra,Other
11/05/2017,Onion,23,Satara,FAQ,Lonand,402,100,300,Maharashtra,Other
18/05/2017,Onion,23,Satara,FAQ,Lonand,475,100,325,Maharashtra,Other
29/06/2017,Onion,23,Satara,FAQ,Lonand,720,200,600,Maharashtra,Other
20/07/2017,Onion,23,Satara,FAQ,Lonand,706,200,600,Maharashtra,Other
31/07/2017,Onion,23,Satara,FAQ,Lonand,1550,1550,1550,Maharashtra,Other
28/08/2017,Onion,23,Satara,FAQ,Lonand,1351,650,1351,Maharashtra,Other
04/09/2017,Onion,23,Satara,FAQ,Lonand,1700,500,1500,Maharashtra,Other
02/10/2017,Onion,23,Satara,FAQ,Lonand,1335,400,1050,Maharashtra,Other
23/10/2017,Onion,23,Satara,FAQ,Lonand,3400,1000,2700,Maharashtra,Other
09/11/2017,Onion,23,Satara,FAQ,Lonand,3250,1000,2400,Maharashtra,Other
20/11/2017,Onion,23,Satara,FAQ,Lonand,3631,1200,3000,Maharashtra,Other
27/11/2017,Onion,23,Satara,FAQ,Lonand,4000,1200,3400,Maharashtra,Other
05/10/2017,Onion,23,Satara,FAQ,Lonand,1901,700,1600,Maharashtra,Red
09/10/2017,Onion,23,Satara,FAQ,Lonand,2800,1500,2500,Maharashtra,Red
23/10/2017,Onion,23,Satara,FAQ,Lonand,2500,800,2200,Maharashtra,Red
26/10/2017,Onion,23,Satara,FAQ,Lonand,3200,1000,2500,Maharashtra,Red
06/11/2017,Onion,23,Satara,FAQ,Lonand,3351,800,2500,Maharashtra,Red
27/11/2017,Onion,23,Satara,FAQ,Lonand,3800,1000,3200,Maharashtra,Red
14/12/2017,Onion,23,Satara,FAQ,Lonand,3500,1000,2800,Maharashtra,Red
08/01/2024,Onion,23,Satara,FAQ,Lonand,2100,500,1500,Maharashtra,Other
18/01/2024,Onion,23,Satara,FAQ,Lonand,2100,500,1600,Maharashtra,Other
01/01/2024,Onion,23,Satara,FAQ,Lonand,2190,450,1500,Maharashtra,Red
01/02/2024,Onion,23,Satara,FAQ,Lonand,1711,700,1100,Maharashtra,Red
06/05/2024,Onion,23,Satara,FAQ,Lonand,2200,900,1400,Maharashtra,Other
22/05/2024,Onion,23,Satara,FAQ,Lonand,2000,900,1400,Maharashtra,Other
10/01/2022,Onion,23,Satara,FAQ,Lonand,2450,600,2100,Maharashtra,Other
20/01/2022,Onion,23,Satara,FAQ,Lonand,2600,500,2300,Maharashtra,Other
24/01/2022,Onion,23,Satara,FAQ,Lonand,2540,700,2200,Maharashtra,Other
21/02/2022,Onion,23,Satara,FAQ,Lonand,3000,700,2350,Maharashtra,Other
28/02/2022,Onion,23,Satara,FAQ,Lonand,2000,500,1450,Maharashtra,Other
09/05/2022,Onion,23,Satara,FAQ,Lonand,1200,350,850,Maharashtra,Other
04/08/2022,Onion,23,Satara,FAQ,Lonand,1461,400,1050,Maharashtra,Other
05/09/2022,Onion,23,Satara,FAQ,Lonand,1200,500,900,Maharashtra,Other
15/09/2022,Onion,23,Satara,FAQ,Lonand,1460,400,1150,Maharashtra,Other
31/10/2022,Onion,23,Satara,FAQ,Lonand,2920,500,2000,Maharashtra,Other
10/11/2022,Onion,23,Satara,FAQ,Lonand,2000,450,1500,Maharashtra,Other
13/10/2022,Onion,23,Satara,FAQ,Lonand,2200,600,1750,Maharashtra,Red
22/12/2022,Onion,23,Satara,FAQ,Lonand,2300,450,1800,Maharashtra,Red
29/12/2022,Onion,23,Satara,FAQ,Lonand,1800,450,1500,Maharashtra,Red
12/10/2015,Onion,23,Satara,FAQ,Lonand,3100,1000,2200,Maharashtra,Red
21/12/2015,Onion,23,Satara,FAQ,Lonand,1200,700,1000,Maharashtra,Red
28/12/2015,Onion,23,Satara,FAQ,Lonand,1300,500,1100,Maharashtra,Red
31/12/2015,Onion,23,Satara,FAQ,Lonand,1500,600,1200,Maharashtra,Red
05/01/2015,Onion,23,Satara,FAQ,Lonand,1851,700,1400,Maharashtra,Other
19/01/2015,Onion,23,Satara,FAQ,Lonand,1725,600,1300,Maharashtra,Other
26/01/2015,Onion,23,Satara,FAQ,Lonand,1551,600,1200,Maharashtra,Other
29/01/2015,Onion,23,Satara,FAQ,Lonand,1550,700,1200,Maharashtra,Other
09/02/2015,Onion,23,Satara,FAQ,Lonand,1675,600,1300,Maharashtra,Other
23/02/2015,Onion,23,Satara,FAQ,Lonand,1550,700,1300,Maharashtra,Other
02/03/2015,Onion,23,Satara,FAQ,Lonand,1700,800,1350,Maharashtra,Other
05/03/2015,Onion,23,Satara,FAQ,Lonand,1500,700,1300,Maharashtra,Other
12/03/2015,Onion,23,Satara,FAQ,Lonand,1500,700,1250,Maharashtra,Other
27/04/2015,Onion,23,Satara,FAQ,Lonand,1350,600,1100,Maharashtra,Other
07/05/2015,Onion,23,Satara,FAQ,Lonand,1800,800,1500,Maharashtra,Other
26/11/2015,Onion,23,Satara,FAQ,Lonand,2575,1000,2000,Maharashtra,Other
21/12/2015,Onion,23,Satara,FAQ,Lonand,1600,900,1200,Maharashtra,Other
24/12/2015,Onion,23,Satara,FAQ,Lonand,1500,700,1200,Maharashtra,Other
16/01/2003,Onion,23,Satara,FAQ,Lonand,300,100,250,Maharashtra,Other
24/03/2003,Onion,23,Satara,FAQ,Lonand,271,150,240,Maharashtra,Other
07/04/2003,Onion,23,Satara,FAQ,Lonand,319,160,275,Maharashtra,Other
15/05/2003,Onion,23,Satara,FAQ,Lonand,330,100,300,Maharashtra,Other
19/06/2003,Onion,23,Satara,FAQ,Lonand,560,300,475,Maharashtra,Other
10/07/2003,Onion,23,Satara,FAQ,Lonand,480,200,375,Maharashtra,Other
24/07/2003,Onion,23,Satara,FAQ,Lonand,550,150,400,Maharashtra,Other
06/11/2003,Onion,23,Satara,FAQ,Lonand,825,350,725,Maharashtra,Other
08/12/2003,Onion,23,Satara,FAQ,Lonand,751,300,625,Maharashtra,Other
16/01/2003,Onion,23,Satara,FAQ,Lonand,180,80,150,Maharashtra,Red
10/02/2003,Onion,23,Satara,FAQ,Lonand,180,60,160,Maharashtra,Red
20/02/2003,Onion,23,Satara,FAQ,Lonand,160,60,140,Maharashtra,Red
02/10/2003,Onion,23,Satara,FAQ,Lonand,925,300,810,Maharashtra,Red
16/10/2003,Onion,23,Satara,FAQ,Lonand,850,300,750,Maharashtra,Red
20/10/2003,Onion,23,Satara,FAQ,Lonand,851,350,700,Maharashtra,Red
03/11/2003,Onion,23,Satara,FAQ,Lonand,825,300,750,Maharashtra,Red
18/11/2003,Onion,23,Satara,FAQ,Lonand,750,300,600,Maharashtra,Red
12/02/2004,Onion,23,Satara,FAQ,Lonand,835,500,750,Maharashtra,Other
15/03/2004,Onion,23,Satara,FAQ,Lonand,450,200,375,Maharashtra,Other
01/04/2004,Onion,23,Satara,FAQ,Lonand,411,150,340,Maharashtra,Other
08/04/2004,Onion,23,Satara,FAQ,Lonand,400,150,340,Maharashtra,Other
19/04/2004,Onion,23,Satara,FAQ,Lonand,368,200,325,Maharashtra,Other
22/04/2004,Onion,23,Satara,FAQ,Lonand,360,150,300,Maharashtra,Other
20/05/2004,Onion,23,Satara,FAQ,Lonand,431,150,340,Maharashtra,Other
29/07/2004,Onion,23,Satara,FAQ,Lonand,400,280,350,Maharashtra,Other
26/08/2004,Onion,23,Satara,FAQ,Lonand,501,100,250,Maharashtra,Other
09/09/2004,Onion,23,Satara,FAQ,Lonand,631,250,525,Maharashtra,Other
27/09/2004,Onion,23,Satara,FAQ,Lonand,451,175,350,Maharashtra,Other
04/10/2004,Onion,23,Satara,FAQ,Lonand,501,200,375,Maharashtra,Other
30/12/2004,Onion,23,Satara,FAQ,Lonand,551,225,425,Maharashtra,Other
12/02/2004,Onion,23,Satara,FAQ,Lonand,750,400,650,Maharashtra,Red
01/11/2004,Onion,23,Satara,FAQ,Lonand,551,125,450,Maharashtra,Red
23/01/2012,Onion,23,Satara,FAQ,Lonand,525,200,450,Maharashtra,Other
15/03/2012,Onion,23,Satara,FAQ,Lonand,450,225,370,Maharashtra,Other
05/07/2012,Onion,23,Satara,FAQ,Lonand,650,300,525,Maharashtra,Other
09/07/2012,Onion,23,Satara,FAQ,Lonand,525,400,475,Maharashtra,Other
23/08/2012,Onion,23,Satara,FAQ,Lonand,700,400,550,Maharashtra,Other
04/10/2012,Onion,23,Satara,FAQ,Lonand,575,350,500,Maharashtra,Other
12/11/2012,Onion,23,Satara,FAQ,Lonand,1000,700,900,Maharashtra,Other
03/12/2012,Onion,23,Satara,FAQ,Lonand,1200,600,1000,Maharashtra,Other
06/12/2012,Onion,23,Satara,FAQ,Lonand,1500,700,1200,Maharashtra,Other
10/12/2012,Onion,23,Satara,FAQ,Lonand,1700,900,1350,Maharashtra,Other
25/10/2012,Onion,23,Satara,FAQ,Lonand,1301,700,1000,Maharashtra,Red
29/10/2012,Onion,23,Satara,FAQ,Lonand,1150,800,1000,Maharashtra,Red
01/11/2012,Onion,23,Satara,FAQ,Lonand,1401,900,1150,Maharashtra,Red
03/12/2012,Onion,23,Satara,FAQ,Lonand,1500,700,1200,Maharashtra,Red
06/12/2012,Onion,23,Satara,FAQ,Lonand,1765,800,1500,Maharashtra,Red
24/12/2012,Onion,23,Satara,FAQ,Lonand,1300,800,1100,Maharashtra,Red
27/12/2012,Onion,23,Satara,FAQ,Lonand,1400,900,1200,Maharashtra,Red
11/01/2010,Onion,23,Satara,FAQ,Lonand,1450,500,1250,Maharashtra,Other
04/03/2010,Onion,23,Satara,FAQ,Lonand,900,400,775,Maharashtra,Other
08/03/2010,Onion,23,Satara,FAQ,Lonand,800,300,675,Maharashtra,Other
02/09/2010,Onion,23,Satara,FAQ,Lonand,1151,400,1000,Maharashtra,Other
16/09/2010,Onion,23,Satara,FAQ,Lonand,1400,900,1200,Maharashtra,Other
30/09/2010,Onion,23,Satara,FAQ,Lonand,1600,700,1350,Maharashtra,Other
08/11/2010,Onion,23,Satara,FAQ,Lonand,1525,500,1200,Maharashtra,Other
25/11/2010,Onion,23,Satara,FAQ,Lonand,800,400,600,Maharashtra,Other
29/11/2010,Onion,23,Satara,FAQ,Lonand,1850,1200,1600,Maharashtra,Other
16/12/2010,Onion,23,Satara,FAQ,Lonand,4200,2500,3500,Maharashtra,Other
11/01/2010,Onion,23,Satara,FAQ,Lonand,1200,350,1000,Maharashtra,Red
14/01/2010,Onion,23,Satara,FAQ,Lonand,1300,400,1000,Maharashtra,Red
11/02/2010,Onion,23,Satara,FAQ,Lonand,1000,400,800,Maharashtra,Red
25/02/2010,Onion,23,Satara,FAQ,Lonand,600,150,500,Maharashtra,Red
04/03/2010,Onion,23,Satara,FAQ,Lonand,750,300,650,Maharashtra,Red
11/03/2010,Onion,23,Satara,FAQ,Lonand,550,250,475,Maharashtra,Red
16/09/2010,Onion,23,Satara,FAQ,Lonand,1251,600,1000,Maharashtra,Red
13/12/2010,Onion,23,Satara,FAQ,Lonand,3400,1000,2700,Maharashtra,Red
30/01/2014,Onion,23,Satara,FAQ,Lonand,841,400,700,Maharashtra,Other
20/03/2014,Onion,23,Satara,FAQ,Lonand,851,400,700,Maharashtra,Other
27/03/2014,Onion,23,Satara,FAQ,Lonand,851,400,700,Maharashtra,Other
14/04/2014,Onion,23,Satara,FAQ,Lonand,911,400,750,Maharashtra,Other
24/04/2014,Onion,23,Satara,FAQ,Lonand,1230,500,1000,Maharashtra,Other
05/05/2014,Onion,23,Satara,FAQ,Lonand,1300,400,1050,Maharashtra,Other
19/05/2014,Onion,23,Satara,FAQ,Lonand,1300,500,1000,Maharashtra,Other
03/07/2014,Onion,23,Satara,FAQ,Lonand,2525,900,2000,Maharashtra,Other
10/07/2014,Onion,23,Satara,FAQ,Lonand,2700,900,2000,Maharashtra,Other
25/12/2014,Onion,23,Satara,FAQ,Lonand,1910,900,1450,Maharashtra,Other
29/09/2014,Onion,23,Satara,FAQ,Lonand,1635,500,1400,Maharashtra,Red
30/10/2014,Onion,23,Satara,FAQ,Lonand,1700,800,1400,Maharashtra,Red
06/11/2014,Onion,23,Satara,FAQ,Lonand,1750,800,1450,Maharashtra,Red
20/11/2014,Onion,23,Satara,FAQ,Lonand,1500,800,1300,Maharashtra,Red
24/11/2014,Onion,23,Satara,FAQ,Lonand,1825,800,1450,Maharashtra,Red
01/12/2014,Onion,23,Satara,FAQ,Lonand,1651,800,1350,Maharashtra,Red
11/12/2014,Onion,23,Satara,FAQ,Lonand,1551,700,1350,Maharashtra,Red
01/01/2018,Onion,23,Satara,FAQ,Lonand,4000,1200,3000,Maharashtra,Other
15/02/2018,Onion,23,Satara,FAQ,Lonand,1700,600,1450,Maharashtra,Other
15/03/2018,Onion,23,Satara,FAQ,Lonand,775,300,600,Maharashtra,Other
29/03/2018,Onion,23,Satara,FAQ,Lonand,811,200,675,Maharashtra,Other
16/04/2018,Onion,23,Satara,FAQ,Lonand,770,200,600,Maharashtra,Other
26/04/2018,Onion,23,Satara,FAQ,Lonand,808,200,625,Maharashtra,Other
14/05/2018,Onion,23,Satara,FAQ,Lonand,811,200,625,Maharashtra,Other
04/06/2018,Onion,23,Satara,FAQ,Lonand,1111,300,850,Maharashtra,Other
18/06/2018,Onion,23,Satara,FAQ,Lonand,1170,400,900,Maharashtra,Other
25/06/2018,Onion,23,Satara,FAQ,Lonand,1200,400,1000,Maharashtra,Other
23/07/2018,Onion,23,Satara,FAQ,Lonand,1230,700,950,Maharashtra,Other
30/07/2018,Onion,23,Satara,FAQ,Lonand,1225,600,1000,Maharashtra,Other
06/08/2018,Onion,23,Satara,FAQ,Lonand,1050,300,850,Maharashtra,Other
13/12/2018,Onion,23,Satara,FAQ,Lonand,801,200,550,Maharashtra,Other
24/12/2018,Onion,23,Satara,FAQ,Lonand,750,150,450,Maharashtra,Other
11/01/2018,Onion,23,Satara,FAQ,Lonand,2600,900,2000,Maharashtra,Red
29/01/2018,Onion,23,Satara,FAQ,Lonand,1800,800,1500,Maharashtra,Red
06/09/2018,Onion,23,Satara,FAQ,Lonand,1100,500,800,Maharashtra,Red
10/09/2018,Onion,23,Satara,FAQ,Lonand,1100,250,850,Maharashtra,Red
01/10/2018,Onion,23,Satara,FAQ,Lonand,1025,500,800,Maharashtra,Red
11/10/2018,Onion,23,Satara,FAQ,Lonand,1351,400,1000,Maharashtra,Red
15/10/2018,Onion,23,Satara,FAQ,Lonand,2000,500,1200,Maharashtra,Red
22/10/2018,Onion,23,Satara,FAQ,Lonand,1400,400,1150,Maharashtra,Red
25/10/2018,Onion,23,Satara,FAQ,Lonand,1670,500,1300,Maharashtra,Red
19/11/2018,Onion,23,Satara,FAQ,Lonand,911,400,700,Maharashtra,Red
06/12/2018,Onion,23,Satara,FAQ,Lonand,875,250,600,Maharashtra,Red
25/01/2016,Onion,23,Satara,FAQ,Lonand,1511,800,1200,Maharashtra,Other
15/02/2016,Onion,23,Satara,FAQ,Lonand,965,300,750,Maharashtra,Other
22/02/2016,Onion,23,Satara,FAQ,Lonand,900,400,725,Maharashtra,Other
17/03/2016,Onion,23,Satara,FAQ,Lonand,700,250,575,Maharashtra,Other
21/03/2016,Onion,23,Satara,FAQ,Lonand,725,300,575,Maharashtra,Other
09/06/2016,Onion,23,Satara,FAQ,Lonand,1100,300,800,Maharashtra,Other
25/08/2016,Onion,23,Satara,FAQ,Lonand,775,200,550,Maharashtra,Other
01/09/2016,Onion,23,Satara,FAQ,Lonand,550,150,400,Maharashtra,Other
08/09/2016,Onion,23,Satara,FAQ,Lonand,751,150,550,Maharashtra,Other
15/09/2016,Onion,23,Satara,FAQ,Lonand,551,150,400,Maharashtra,Other
13/10/2016,Onion,23,Satara,FAQ,Lonand,825,200,600,Maharashtra,Other
25/01/2016,Onion,23,Satara,FAQ,Lonand,1200,500,900,Maharashtra,Red
20/10/2016,Onion,23,Satara,FAQ,Lonand,851,200,575,Maharashtra,Red
10/11/2016,Onion,23,Satara,FAQ,Lonand,1276,400,950,Maharashtra,Red
07/01/2019,Onion,23,Satara,FAQ,Lonand,825,150,600,Maharashtra,Other
17/01/2019,Onion,23,Satara,FAQ,Lonand,751,150,550,Maharashtra,Other
28/01/2019,Onion,23,Satara,FAQ,Lonand,630,100,400,Maharashtra,Other
11/02/2019,Onion,23,Satara,FAQ,Lonand,600,100,400,Maharashtra,Other
07/03/2019,Onion,23,Satara,FAQ,Lonand,675,200,500,Maharashtra,Other
18/03/2019,Onion,23,Satara,FAQ,Lonand,600,100,450,Maharashtra,Other
25/03/2019,Onion,23,Satara,FAQ,Lonand,863,200,650,Maharashtra,Other
28/03/2019,Onion,23,Satara,FAQ,Lonand,700,200,500,Maharashtra,Other
08/04/2019,Onion,23,Satara,FAQ,Lonand,881,250,600,Maharashtra,Other
15/04/2019,Onion,23,Satara,FAQ,Lonand,780,200,550,Maharashtra,Other
18/04/2019,Onion,23,Satara,FAQ,Lonand,816,250,625,Maharashtra,Other
22/04/2019,Onion,23,Satara,FAQ,Lonand,1011,300,800,Maharashtra,Other
29/04/2019,Onion,23,Satara,FAQ,Lonand,1009,300,800,Maharashtra,Other
02/05/2019,Onion,23,Satara,FAQ,Lonand,1000,300,800,Maharashtra,Other
30/05/2019,Onion,23,Satara,FAQ,Lonand,1455,300,1100,Maharashtra,Other
02/09/2019,Onion,23,Satara,FAQ,Lonand,2260,1100,2000,Maharashtra,Other
05/09/2019,Onion,23,Satara,FAQ,Lonand,2411,1000,2000,Maharashtra,Other
09/09/2019,Onion,23,Satara,FAQ,Lonand,2000,2000,2000,Maharashtra,Other
16/09/2019,Onion,23,Satara,FAQ,Lonand,2840,1500,2400,Maharashtra,Other
03/01/2019,Onion,23,Satara,FAQ,Lonand,1025,300,700,Maharashtra,Red
14/11/2019,Onion,23,Satara,FAQ,Lonand,3131,400,2500,Maharashtra,Red
21/11/2019,Onion,23,Satara,FAQ,Lonand,4500,800,3500,Maharashtra,Red
25/11/2019,Onion,23,Satara,FAQ,Lonand,5600,800,3500,Maharashtra,Red
12/12/2019,Onion,23,Satara,FAQ,Lonand,7000,900,4000,Maharashtra,Red
23/12/2019,Onion,23,Satara,FAQ,Lonand,7600,1000,5000,Maharashtra,Red
23/01/2020,Onion,23,Satara,FAQ,Lonand,3650,900,2500,Maharashtra,Other
27/01/2020,Onion,23,Satara,FAQ,Lonand,2800,700,2200,Maharashtra,Other
30/01/2020,Onion,23,Satara,FAQ,Lonand,2800,700,2200,Maharashtra,Other
06/02/2020,Onion,23,Satara,FAQ,Lonand,1801,400,1250,Maharashtra,Other
10/02/2020,Onion,23,Satara,FAQ,Lonand,2225,500,1450,Maharashtra,Other
17/02/2020,Onion,23,Satara,FAQ,Lonand,2251,500,1500,Maharashtra,Other
27/02/2020,Onion,23,Satara,FAQ,Lonand,2200,500,1500,Maharashtra,Other
16/03/2020,Onion,23,Satara,FAQ,Lonand,1651,400,1200,Maharashtra,Other
01/06/2020,Onion,23,Satara,FAQ,Lonand,951,200,725,Maharashtra,Other
22/06/2020,Onion,23,Satara,FAQ,Lonand,851,100,675,Maharashtra,Other
09/07/2020,Onion,23,Satara,FAQ,Lonand,775,150,600,Maharashtra,Other
27/07/2020,Onion,23,Satara,FAQ,Lonand,790,150,600,Maharashtra,Other
13/08/2020,Onion,23,Satara,FAQ,Lonand,1151,150,750,Maharashtra,Other
08/10/2020,Onion,23,Satara,FAQ,Lonand,3650,900,2700,Maharashtra,Other
14/12/2020,Onion,23,Satara,FAQ,Lonand,3400,1000,2800,Maharashtra,Other
17/12/2020,Onion,23,Satara,FAQ,Lonand,2800,900,2000,Maharashtra,Other
21/12/2020,Onion,23,Satara,FAQ,Lonand,2400,900,1800,Maharashtra,Other
28/12/2020,Onion,23,Satara,FAQ,Lonand,2260,800,1900,Maharashtra,Other
05/11/2020,Onion,23,Satara,FAQ,Lonand,3200,800,2300,Maharashtra,Red
30/11/2020,Onion,23,Satara,FAQ,Lonand,3700,800,2600,Maharashtra,Red
03/12/2020,Onion,23,Satara,FAQ,Lonand,3000,800,2300,Maharashtra,Red
15/01/2009,Onion,23,Satara,FAQ,Lonand,1550,600,1200,Maharashtra,Other
04/02/2009,Onion,23,Satara,FAQ,Lonand,1300,600,1150,Maharashtra,Other
19/02/2009,Onion,23,Satara,FAQ,Lonand,1225,475,1125,Maharashtra,Other
26/02/2009,Onion,23,Satara,FAQ,Lonand,1051,450,925,Maharashtra,Other
07/03/2009,Onion,23,Satara,FAQ,Lonand,700,250,625,Maharashtra,Other
01/04/2009,Onion,23,Satara,FAQ,Lonand,575,275,525,Maharashtra,Other
24/04/2009,Onion,23,Satara,FAQ,Lonand,535,250,495,Maharashtra,Other
25/04/2009,Onion,23,Satara,FAQ,Lonand,525,200,450,Maharashtra,Other
31/08/2009,Onion,23,Satara,FAQ,Lonand,651,300,550,Maharashtra,Other
23/10/2009,Onion,23,Satara,FAQ,Lonand,1400,500,1100,Maharashtra,Other
16/11/2009,Onion,23,Satara,FAQ,Lonand,1800,1400,1600,Maharashtra,Other
20/11/2009,Onion,23,Satara,FAQ,Lonand,2000,500,1400,Maharashtra,Other
26/11/2009,Onion,23,Satara,FAQ,Lonand,1425,900,1100,Maharashtra,Other
30/11/2009,Onion,23,Satara,FAQ,Lonand,1850,1000,1500,Maharashtra,Other
07/12/2009,Onion,23,Satara,FAQ,Lonand,1410,700,1150,Maharashtra,Other
17/12/2009,Onion,23,Satara,FAQ,Lonand,1911,700,1550,Maharashtra,Other
29/10/2009,Onion,23,Satara,FAQ,Lonand,1500,500,1100,Maharashtra,Red
12/11/2009,Onion,23,Satara,FAQ,Lonand,1700,600,1350,Maharashtra,Red
26/11/2009,Onion,23,Satara,FAQ,Lonand,1000,400,825,Maharashtra,Red
04/12/2009,Onion,23,Satara,FAQ,Lonand,1200,500,1000,Maharashtra,Red
10/12/2009,Onion,23,Satara,FAQ,Lonand,1600,500,1200,Maharashtra,Red
14/12/2009,Onion,23,Satara,FAQ,Lonand,1500,500,1150,Maharashtra,Red
31/12/2009,Onion,23,Satara,FAQ,Lonand,1600,1000,1300,Maharashtra,Red
06/10/2011,Onion,23,Satara,FAQ,Lonand,1130,700,1000,Maharashtra,Other
10/11/2011,Onion,23,Satara,FAQ,Lonand,1151,700,1000,Maharashtra,Other
22/12/2011,Onion,23,Satara,FAQ,Lonand,525,400,475,Maharashtra,Other
25/02/2011,Onion,23,Satara,FAQ,Lonand,675,400,625,Maharashtra,Other
31/03/2011,Onion,23,Satara,FAQ,Lonand,580,350,520,Maharashtra,Other
07/04/2011,Onion,23,Satara,FAQ,Lonand,600,300,525,Maharashtra,Other
14/04/2011,Onion,23,Satara,FAQ,Lonand,551,300,480,Maharashtra,Other
16/05/2011,Onion,23,Satara,FAQ,Lonand,611,300,525,Maharashtra,Other
19/05/2011,Onion,23,Satara,FAQ,Lonand,625,300,525,Maharashtra,Other
30/06/2011,Onion,23,Satara,FAQ,Lonand,875,300,675,Maharashtra,Other
07/07/2011,Onion,23,Satara,FAQ,Lonand,875,400,700,Maharashtra,Other
29/09/2011,Onion,23,Satara,FAQ,Lonand,1300,900,1150,Maharashtra,Other
07/01/2013,Onion,23,Satara,FAQ,Lonand,1250,800,1050,Maharashtra,Other
07/02/2013,Onion,23,Satara,FAQ,Lonand,1951,1200,1500,Maharashtra,Other
14/02/2013,Onion,23,Satara,FAQ,Lonand,1326,900,1175,Maharashtra,Other
14/03/2013,Onion,23,Satara,FAQ,Lonand,1200,900,1075,Maharashtra,Other
21/03/2013,Onion,23,Satara,FAQ,Lonand,1131,900,1000,Maharashtra,Other
04/04/2013,Onion,23,Satara,FAQ,Lonand,1111,750,1025,Maharashtra,Other
25/04/2013,Onion,23,Satara,FAQ,Lonand,1000,500,850,Maharashtra,Other
10/06/2013,Onion,23,Satara,FAQ,Lonand,1601,800,1450,Maharashtra,Other
08/08/2013,Onion,23,Satara,FAQ,Lonand,3200,1000,2700,Maharashtra,Other
29/08/2013,Onion,23,Satara,FAQ,Lonand,4350,2500,3500,Maharashtra,Other
29/08/2013,Onion,23,Satara,FAQ,Lonand,3525,1200,2500,Maharashtra,Red
12/09/2013,Onion,23,Satara,FAQ,Lonand,4200,2500,3500,Maharashtra,Red
23/09/2013,Onion,23,Satara,FAQ,Lonand,2850,1000,2000,Maharashtra,Red
21/10/2013,Onion,23,Satara,FAQ,Lonand,5100,2000,4000,Maharashtra,Red
07/11/2013,Onion,23,Satara,FAQ,Lonand,5552,2000,4500,Maharashtra,Red
05/12/2013,Onion,23,Satara,FAQ,Lonand,2200,700,1500,Maharashtra,Red
12/12/2013,Onion,23,Satara,FAQ,Lonand,1200,500,1000,Maharashtra,Red
19/12/2013,Onion,23,Satara,FAQ,Lonand,1100,500,900,Maharashtra,Red
12/10/2006,Onion,23,Satara,FAQ,Lonand,361,200,275,Maharashtra,Other
10/01/2005,Onion,23,Satara,FAQ,Lonand,475,175,400,Maharashtra,Other
17/01/2005,Onion,23,Satara,FAQ,Lonand,463,150,350,Maharashtra,Other
03/02/2005,Onion,23,Satara,FAQ,Lonand,380,100,315,Maharashtra,Other
21/02/2005,Onion,23,Satara,FAQ,Lonand,330,125,280,Maharashtra,Other
28/03/2005,Onion,23,Satara,FAQ,Lonand,301,100,245,Maharashtra,Other
31/03/2005,Onion,23,Satara,FAQ,Lonand,371,100,300,Maharashtra,Other
16/05/2005,Onion,23,Satara,FAQ,Lonand,286,100,220,Maharashtra,Other
13/01/2005,Onion,23,Satara,FAQ,Lonand,350,150,300,Maharashtra,Red
06/10/2005,Onion,23,Satara,FAQ,Lonand,1151,400,750,Maharashtra,Red
07/01/2008,Onion,23,Satara,FAQ,Lonand,550,200,425,Maharashtra,Other
12/03/2008,Onion,23,Satara,FAQ,Lonand,325,200,270,Maharashtra,Other
18/09/2008,Onion,23,Satara,FAQ,Lonand,900,250,650,Maharashtra,Red
02/10/2008,Onion,23,Satara,FAQ,Lonand,650,200,425,Maharashtra,Red
06/11/2008,Onion,23,Satara,FAQ,Lonand,1125,550,850,Maharashtra,Red
13/11/2008,Onion,23,Satara,FAQ,Lonand,1500,500,950,Maharashtra,Red
05/05/2025,Onion,23,Satara,Local,Lonand,1225,400,950,Maharashtra,Other
14/04/2025,Onion,23,Satara,Local,Lonand,1145,600,900,Maharashtra,Other
25/11/2024,Onion,23,Satara,FAQ,Lonand,5300,1500,3600,Maharashtra,Other
07/11/2024,Onion,23,Satara,FAQ,Lonand,5000,1500,3000,Maharashtra,Red
02/12/2024,Onion,23,Satara,FAQ,Lonand,4850,1500,3200,Maharashtra,Other
02/12/2024,Onion,23,Satara,FAQ,Lonand,4600,1200,3000,Maharashtra,Red
09/12/2024,Onion,23,Satara,FAQ,Lonand,5700,1200,3500,Maharashtra,Red
02/09/2024,Onion,23,Satara,FAQ,Lonand,4600,1500,3000,Maharashtra,Red
26/09/2024,Onion,23,Satara,FAQ,Lonand,4251,1000,3000,Maharashtra,Red
16/02/2026,Onion,23,Satara,Local,Lonand APMC,1351,400,950,Maharashtra,Other
08/01/2026,Onion,23,Satara,Local,Lonand APMC,1900,500,1300,Maharashtra,Other
15/01/2026,Onion,23,Satara,Local,Lonand APMC,1800,400,1300,Maharashtra,Other
06/01/2026,Onion,23,Satara,Local,Lonand APMC,2200,400,1500,Maharashtra,Other
05/03/2026,Onion,23,Satara,Local,Lonand APMC,1260,400,950,Maharashtra,Other
19/03/2026,Onion,23,Satara,Local,Lonand APMC,1120,400,900,Maharashtra,Other
23/03/2026,Onion,23,Satara,Local,Lonand APMC,1115,450,950,Maharashtra,Other
16/03/2026,Onion,23,Satara,Local,Lonand APMC,1100,450,900,Maharashtra,Other
04/05/2026,Onion,23,Satara,Local,Lonand APMC,1350,400,1000,Maharashtra,Red
11/05/2026,Onion,23,Satara,Local,Lonand APMC,1050,400,800,Maharashtra,Unhali
20/04/2026,Onion,23,Satara,Local,Lonand APMC,1050,400,850,Maharashtra,Other
23/04/2026,Onion,23,Satara,Local,Lonand APMC,900,250,650,Maharashtra,Other
04/06/2026,Onion,23,Satara,Local,Lonand APMC,1711,450,1250,Maharashtra,Unhali
11/06/2026,Onion,23,Satara,Local,Lonand APMC,1751,400,1150,Maharashtra,Unhali
30/06/2026,Onion,23,Satara,Local,Lonand APMC,2310,500,1800,Maharashtra,Unhali
02/08/2026,Onion,23,Satara,Local,Lonand APMC,2300,450,1800,Maharashtra,Unhali
10/08/2026,Onion,23,Satara,Local,Lonand APMC,2555,500,2000,Maharashtra,Unhali
17/08/2026,Onion,23,Satara,Local,Lonand APMC,3410,1001,2500,Maharashtra,Unhali
18/12/2025,Onion,23,Satara,Local,Lonand APMC,2540,400,1500,Maharashtra,Red
12/01/2026,Onion,23,Satara,Local,Lonand APMC,1800,400,1400,Maharashtra,Other
26/02/2026,Onion,23,Satara,Local,Lonand APMC,1210,400,800,Maharashtra,Other
07/05/2026,Onion,23,Satara,Local,Lonand APMC,1200,400,950,Maharashtra,Unhali
18/05/2026,Onion,23,Satara,Local,Lonand APMC,1150,400,800,Maharashtra,Unhali
21/05/2026,Onion,23,Satara,Local,Lonand APMC,1160,400,850,Maharashtra,Unhali
28/05/2026,Onion,23,Satara,Local,Lonand APMC,1751,600,1200,Maharashtra,Unhali
23/02/2026,Onion,23,Satara,Local,Lonand APMC,1160,450,850,Maharashtra,Other
09/02/2026,Onion,23,Satara,Local,Lonand APMC,1550,400,1050,Maharashtra,Other
02/02/2026,Onion,23,Satara,Local,Lonand APMC,1400,400,950,Maharashtra,Other
09/03/2026,Onion,23,Satara,Local,Lonand APMC,1400,450,1050,Maharashtra,Other
22/12/2025,Onion,23,Satara,Local,Lonand APMC,2500,400,1600,Maharashtra,Red
01/06/2026,Onion,23,Satara,Local,Lonand APMC,1700,500,1250,Maharashtra,Unhali
15/06/2026,Onion,23,Satara,Local,Lonand APMC,1800,450,1300,Maharashtra,Unhali
22/06/2026,Onion,23,Satara,Local,Lonand APMC,2040,700,1500,Maharashtra,Unhali
20/08/2026,Onion,23,Satara,Local,Lonand APMC,3950,1200,2900,Maharashtra,Unhali
24/08/2026,Onion,23,Satara,Local,Lonand APMC,4500,1500,3200,Maharashtra,Unhali
29/12/2025,Onion,23,Satara,Local,Lonand APMC,2000,400,1500,Maharashtra,Other
04/12/2025,Onion,23,Satara,Local,Lonand APMC,2200,200,1200,Maharashtra,Red
25/12/2025,Onion,23,Satara,Local,Lonand APMC,2400,400,1600,Maharashtra,Red
20/04/2026,Onion,23,Satara,Local,Lonand APMC,1050,450,850,Maharashtra,Other
27/04/2026,Onion,23,Satara,Local,Lonand APMC,1075,350,800,Maharashtra,Other
09/04/2026,Onion,23,Satara,Local,Lonand APMC,1150,400,950,Maharashtra,Other
16/04/2026,Onion,23,Satara,Local,Lonand APMC,1050,400,750,Maharashtra,Other
14/05/2026,Onion,23,Satara,Local,Lonand APMC,1150,400,850,Maharashtra,Unhali
18/06/2026,Onion,23,Satara,Local,Lonand APMC,1900,450,1350,Maharashtra,Unhali
02/07/2026,Onion,23,Satara,Local,Lonand APMC,2415,500,1900,Maharashtra,Unhali
09/07/2026,Onion,23,Satara,Local,Lonand APMC,2600,500,2100,Maharashtra,Unhali
13/07/2026,Onion,23,Satara,Local,Lonand APMC,2460,450,1900,Maharashtra,Unhali
20/07/2026,Onion,23,Satara,Local,Lonand APMC,2410,600,2000,Maharashtra,Unhali
23/07/2026,Onion,23,Satara,Local,Lonand APMC,2410,500,1950,Maharashtra,Unhali
08/12/2025,Onion,23,Satara,Local,Lonand APMC,2100,400,1400,Maharashtra,Red
22/01/2026,Onion,23,Satara,Local,Lonand APMC,1800,400,1350,Maharashtra,Other
01/01/2026,Onion,23,Satara,Local,Lonand APMC,2115,400,1500,Maharashtra,Other
30/01/2026,Onion,23,Satara,Local,Lonand APMC,1400,400,1050,Maharashtra,Other
26/01/2026,Onion,23,Satara,Local,Lonand APMC,1600,400,1200,Maharashtra,Other
12/02/2026,Onion,23,Satara,Local,Lonand APMC,1400,400,1000,Maharashtra,Other
25/05/2026,Onion,23,Satara,Local,Lonand APMC,1251,400,950,Maharashtra,Unhali
25/06/2026,Onion,23,Satara,Local,Lonand APMC,2410,500,1900,Maharashtra,Unhali
06/07/2026,Onion,23,Satara,Local,Lonand APMC,2600,600,2000,Maharashtra,Unhali
27/07/2026,Onion,23,Satara,Local,Lonand APMC,2425,500,1850,Maharashtra,Unhali
30/07/2026,Onion,23,Satara,Local,Lonand APMC,2240,400,1900,Maharashtra,Unhali
06/08/2026,Onion,23,Satara,Local,Lonand APMC,2470,500,1900,Maharashtra,Unhali
13/08/2026,Onion,23,Satara,Local,Lonand APMC,2900,500,2200,Maharashtra,Unhali
15/10/2007,Onion,23,Satara,FAQ,Patan,800,500,650,Maharashtra,Other
07/07/2008,Onion,23,Satara,FAQ,Patan,500,400,450,Maharashtra,Other
27/05/2015,Onion,23,Satara,FAQ,Phaltan,2000,300,1500,Maharashtra,Hybrid
03/06/2015,Onion,23,Satara,FAQ,Phaltan,2175,500,1600,Maharashtra,Hybrid
30/06/2015,Onion,23,Satara,FAQ,Phaltan,2000,300,1500,Maharashtra,Hybrid
04/08/2015,Onion,23,Satara,FAQ,Phaltan,4001,1300,3300,Maharashtra,Hybrid
01/09/2015,Onion,23,Satara,FAQ,Phaltan,5500,1300,4000,Maharashtra,Hybrid
08/09/2015,Onion,23,Satara,FAQ,Phaltan,4750,1000,3500,Maharashtra,Hybrid
21/10/2015,Onion,23,Satara,FAQ,Phaltan,2731,500,1900,Maharashtra,Hybrid
02/12/2015,Onion,23,Satara,FAQ,Phaltan,1900,500,1100,Maharashtra,Hybrid
23/12/2015,Onion,23,Satara,FAQ,Phaltan,1500,400,950,Maharashtra,Hybrid
14/01/2015,Onion,23,Satara,FAQ,Phaltan,1551,300,1000,Maharashtra,Other
21/04/2015,Onion,23,Satara,FAQ,Phaltan,1399,300,1000,Maharashtra,Other
17/02/2016,Onion,23,Satara,FAQ,Phaltan,911,300,700,Maharashtra,Hybrid
07/06/2016,Onion,23,Satara,FAQ,Phaltan,1200,400,800,Maharashtra,Hybrid
02/08/2016,Onion,23,Satara,FAQ,Phaltan,801,300,500,Maharashtra,Hybrid
16/08/2016,Onion,23,Satara,FAQ,Phaltan,802,200,600,Maharashtra,Hybrid
14/02/2017,Onion,23,Satara,FAQ,Phaltan,711,200,550,Maharashtra,Hybrid
14/03/2017,Onion,23,Satara,FAQ,Phaltan,721,225,550,Maharashtra,Hybrid
04/07/2017,Onion,23,Satara,FAQ,Phaltan,735,200,550,Maharashtra,Hybrid
10/10/2017,Onion,23,Satara,FAQ,Phaltan,2700,800,1900,Maharashtra,Hybrid
28/11/2017,Onion,23,Satara,FAQ,Phaltan,5001,1500,4000,Maharashtra,Hybrid
03/01/2006,Onion,23,Satara,FAQ,Phaltan,501,200,375,Maharashtra,Other
05/12/2006,Onion,23,Satara,FAQ,Phaltan,800,200,650,Maharashtra,Other
12/01/2010,Onion,23,Satara,FAQ,Phaltan,1300,300,900,Maharashtra,Other
19/01/2010,Onion,23,Satara,FAQ,Phaltan,1651,300,1000,Maharashtra,Other
27/01/2010,Onion,23,Satara,FAQ,Phaltan,1585,300,1000,Maharashtra,Other
09/02/2010,Onion,23,Satara,FAQ,Phaltan,1370,300,1000,Maharashtra,Other
13/04/2010,Onion,23,Satara,FAQ,Phaltan,551,200,400,Maharashtra,Other
27/07/2010,Onion,23,Satara,FAQ,Phaltan,851,100,500,Maharashtra,Other
10/08/2010,Onion,23,Satara,FAQ,Phaltan,1031,200,600,Maharashtra,Other
05/10/2010,Onion,23,Satara,FAQ,Phaltan,1800,300,1200,Maharashtra,Other
09/11/2010,Onion,23,Satara,FAQ,Phaltan,2700,500,2000,Maharashtra,Other
11/01/2011,Onion,23,Satara,FAQ,Phaltan,3500,500,2000,Maharashtra,Other
01/03/2011,Onion,23,Satara,FAQ,Phaltan,611,150,375,Maharashtra,Other
02/05/2011,Onion,23,Satara,FAQ,Phaltan,599,100,400,Maharashtra,Other
27/09/2011,Onion,23,Satara,FAQ,Phaltan,1351,600,1025,Maharashtra,Other
01/11/2011,Onion,23,Satara,FAQ,Phaltan,1401,450,1050,Maharashtra,Other
07/08/2012,Onion,23,Satara,FAQ,Phaltan,700,150,600,Maharashtra,Other
14/08/2012,Onion,23,Satara,FAQ,Phaltan,950,250,750,Maharashtra,Other
04/09/2012,Onion,23,Satara,FAQ,Phaltan,700,100,575,Maharashtra,Other
18/09/2012,Onion,23,Satara,FAQ,Phaltan,651,100,500,Maharashtra,Other
02/10/2012,Onion,23,Satara,FAQ,Phaltan,661,100,500,Maharashtra,Other
06/11/2012,Onion,23,Satara,FAQ,Phaltan,1511,300,800,Maharashtra,Other
11/12/2012,Onion,23,Satara,FAQ,Phaltan,1626,400,900,Maharashtra,Other
08/02/2012,Onion,23,Satara,FAQ,Phaltan,500,130,275,Maharashtra,Other
03/04/2012,Onion,23,Satara,FAQ,Phaltan,500,100,375,Maharashtra,Other
24/04/2012,Onion,23,Satara,FAQ,Phaltan,451,100,300,Maharashtra,Other
19/06/2012,Onion,23,Satara,FAQ,Phaltan,700,100,575,Maharashtra,Other
10/07/2012,Onion,23,Satara,FAQ,Phaltan,627,150,575,Maharashtra,Other
13/02/2009,Onion,23,Satara,FAQ,Phaltan,1111,400,800,Maharashtra,Other
03/03/2009,Onion,23,Satara,FAQ,Phaltan,951,350,750,Maharashtra,Other
06/03/2009,Onion,23,Satara,FAQ,Phaltan,831,350,600,Maharashtra,Other
16/06/2009,Onion,23,Satara,FAQ,Phaltan,810,150,500,Maharashtra,Other
30/06/2009,Onion,23,Satara,FAQ,Phaltan,781,150,500,Maharashtra,Other
07/07/2009,Onion,23,Satara,FAQ,Phaltan,751,100,500,Maharashtra,Other
28/07/2009,Onion,23,Satara,FAQ,Phaltan,700,200,475,Maharashtra,Other
04/08/2009,Onion,23,Satara,FAQ,Phaltan,657,150,500,Maharashtra,Other
30/10/2009,Onion,23,Satara,FAQ,Phaltan,1150,200,800,Maharashtra,Other
20/11/2009,Onion,23,Satara,FAQ,Phaltan,1751,400,900,Maharashtra,Other
08/07/2008,Onion,23,Satara,FAQ,Phaltan,551,200,300,Maharashtra,Other
02/12/2008,Onion,23,Satara,FAQ,Phaltan,1150,400,900,Maharashtra,Other
16/12/2008,Onion,23,Satara,FAQ,Phaltan,1175,350,900,Maharashtra,Other
11/06/2024,Onion,23,Satara,FAQ,Phaltan,3500,750,2200,Maharashtra,Hybrid
15/01/2013,Onion,23,Satara,FAQ,Phaltan,1550,500,1000,Maharashtra,Other
05/02/2013,Onion,23,Satara,FAQ,Phaltan,1800,500,1300,Maharashtra,Other
12/02/2013,Onion,23,Satara,FAQ,Phaltan,1575,600,1375,Maharashtra,Other
16/04/2013,Onion,23,Satara,FAQ,Phaltan,950,300,700,Maharashtra,Other
30/04/2013,Onion,23,Satara,FAQ,Phaltan,1012,350,800,Maharashtra,Other
21/05/2013,Onion,23,Satara,FAQ,Phaltan,1151,350,750,Maharashtra,Other
11/06/2013,Onion,23,Satara,FAQ,Phaltan,1675,800,1350,Maharashtra,Other
17/09/2013,Onion,23,Satara,FAQ,Phaltan,6500,1100,4500,Maharashtra,Other
26/03/2013,Onion,23,Satara,FAQ,Phaltan,1173,600,1000,Maharashtra,Red
07/01/2014,Onion,23,Satara,FAQ,Phaltan,1200,200,700,Maharashtra,Other
01/04/2014,Onion,23,Satara,FAQ,Phaltan,822,200,600,Maharashtra,Other
27/05/2014,Onion,23,Satara,FAQ,Phaltan,1350,300,900,Maharashtra,Other
17/06/2014,Onion,23,Satara,FAQ,Phaltan,2500,500,1750,Maharashtra,Other
29/07/2014,Onion,23,Satara,FAQ,Phaltan,2400,500,1900,Maharashtra,Other
17/12/2014,Onion,23,Satara,FAQ,Phaltan,2310,500,1400,Maharashtra,Other
18/02/2005,Onion,23,Satara,FAQ,Phaltan,379,100,300,Maharashtra,Other
04/03/2005,Onion,23,Satara,FAQ,Phaltan,326,100,290,Maharashtra,Other
15/03/2005,Onion,23,Satara,FAQ,Phaltan,299,100,250,Maharashtra,Other
22/03/2005,Onion,23,Satara,FAQ,Phaltan,261,100,240,Maharashtra,Other
19/04/2005,Onion,23,Satara,FAQ,Phaltan,241,100,180,Maharashtra,Other
13/05/2005,Onion,23,Satara,FAQ,Phaltan,280,100,225,Maharashtra,Other
24/05/2005,Onion,23,Satara,FAQ,Phaltan,331,100,270,Maharashtra,Other
09/08/2005,Onion,23,Satara,FAQ,Phaltan,675,200,550,Maharashtra,Other
02/09/2005,Onion,23,Satara,FAQ,Phaltan,800,150,500,Maharashtra,Other
25/10/2005,Onion,23,Satara,FAQ,Phaltan,1200,200,900,Maharashtra,Other
22/11/2005,Onion,23,Satara,FAQ,Phaltan,1200,550,950,Maharashtra,Other
12/01/2007,Onion,23,Satara,FAQ,Phaltan,900,250,650,Maharashtra,Other
13/02/2007,Onion,23,Satara,FAQ,Phaltan,1061,600,850,Maharashtra,Other
06/03/2007,Onion,23,Satara,FAQ,Phaltan,725,200,650,Maharashtra,Other
06/04/2007,Onion,23,Satara,FAQ,Phaltan,601,300,525,Maharashtra,Other
10/04/2007,Onion,23,Satara,FAQ,Phaltan,525,300,475,Maharashtra,Other
13/04/2007,Onion,23,Satara,FAQ,Phaltan,500,250,411,Maharashtra,Other
29/06/2007,Onion,23,Satara,FAQ,Phaltan,1000,650,890,Maharashtra,Other
06/07/2007,Onion,23,Satara,FAQ,Phaltan,1015,817,980,Maharashtra,Other
17/07/2007,Onion,23,Satara,FAQ,Phaltan,1027,650,800,Maharashtra,Other
07/09/2007,Onion,23,Satara,FAQ,Phaltan,1261,700,1100,Maharashtra,Other
27/01/2021,Onion,23,Satara,FAQ,Phaltan,2551,850,2200,Maharashtra,Hybrid
07/09/2021,Onion,23,Satara,FAQ,Phaltan,1775,350,1500,Maharashtra,Hybrid
23/11/2021,Onion,23,Satara,FAQ,Phaltan,3000,600,1800,Maharashtra,Hybrid
07/12/2021,Onion,23,Satara,FAQ,Phaltan,2800,400,1500,Maharashtra,Hybrid
16/01/2024,Onion,23,Satara,FAQ,Phaltan,2300,300,1500,Maharashtra,Hybrid
13/02/2024,Onion,23,Satara,FAQ,Phaltan,1412,400,1000,Maharashtra,Hybrid
14/01/2020,Onion,23,Satara,FAQ,Phaltan,4001,1000,2800,Maharashtra,Hybrid
28/01/2020,Onion,23,Satara,FAQ,Phaltan,3000,1000,2200,Maharashtra,Hybrid
02/06/2020,Onion,23,Satara,FAQ,Phaltan,726,200,500,Maharashtra,Hybrid
16/06/2020,Onion,23,Satara,FAQ,Phaltan,901,200,600,Maharashtra,Hybrid
22/09/2020,Onion,23,Satara,FAQ,Phaltan,5201,800,3500,Maharashtra,Hybrid
24/09/2024,Onion,23,Satara,FAQ,Phaltan,5000,2550,4050,Maharashtra,Hybrid
18/01/2022,Onion,23,Satara,FAQ,Phaltan,3700,1000,2250,Maharashtra,Hybrid
08/02/2022,Onion,23,Satara,FAQ,Phaltan,2600,300,1700,Maharashtra,Hybrid
01/03/2022,Onion,23,Satara,FAQ,Phaltan,1750,500,1100,Maharashtra,Hybrid
08/03/2022,Onion,23,Satara,FAQ,Phaltan,1551,500,1200,Maharashtra,Hybrid
05/04/2022,Onion,23,Satara,FAQ,Phaltan,1200,200,750,Maharashtra,Hybrid
19/04/2022,Onion,23,Satara,FAQ,Phaltan,1251,300,800,Maharashtra,Hybrid
14/06/2022,Onion,23,Satara,FAQ,Phaltan,1800,200,1000,Maharashtra,Hybrid
06/09/2022,Onion,23,Satara,FAQ,Phaltan,1350,200,600,Maharashtra,Hybrid
15/11/2022,Onion,23,Satara,FAQ,Phaltan,2325,200,1400,Maharashtra,Hybrid
06/03/2018,Onion,23,Satara,FAQ,Phaltan,1000,300,700,Maharashtra,Hybrid
27/03/2018,Onion,23,Satara,FAQ,Phaltan,950,300,700,Maharashtra,Hybrid
03/04/2018,Onion,23,Satara,FAQ,Phaltan,750,200,475,Maharashtra,Hybrid
24/04/2018,Onion,23,Satara,FAQ,Phaltan,800,200,500,Maharashtra,Hybrid
28/08/2018,Onion,23,Satara,FAQ,Phaltan,1150,200,800,Maharashtra,Hybrid
09/10/2018,Onion,23,Satara,FAQ,Phaltan,1300,400,800,Maharashtra,Hybrid
16/10/2018,Onion,23,Satara,FAQ,Phaltan,1800,400,800,Maharashtra,Hybrid
27/05/2025,Onion,23,Satara,Local,Phaltan,1650,300,1000,Maharashtra,Hybrid
02/09/2025,Onion,23,Satara,Local,Phaltan,1460,200,1000,Maharashtra,Hybrid
23/09/2025,Onion,23,Satara,Local,Phaltan,1512,200,1000,Maharashtra,Hybrid
30/09/2025,Onion,23,Satara,Local,Phaltan,1651,200,1100,Maharashtra,Hybrid
25/03/2025,Onion,23,Satara,Local,Phaltan,1700,500,1200,Maharashtra,Hybrid
17/12/2024,Onion,23,Satara,FAQ,Phaltan,6413,700,3000,Maharashtra,Hybrid
31/12/2024,Onion,23,Satara,FAQ,Phaltan,5651,1000,2450,Maharashtra,Hybrid
08/01/2019,Onion,23,Satara,FAQ,Phaltan,800,150,500,Maharashtra,Hybrid
05/02/2019,Onion,23,Satara,FAQ,Phaltan,700,200,400,Maharashtra,Hybrid
05/03/2019,Onion,23,Satara,FAQ,Phaltan,511,150,425,Maharashtra,Hybrid
26/03/2019,Onion,23,Satara,FAQ,Phaltan,781,150,500,Maharashtra,Hybrid
02/04/2019,Onion,23,Satara,FAQ,Phaltan,775,150,550,Maharashtra,Hybrid
09/04/2019,Onion,23,Satara,FAQ,Phaltan,830,150,500,Maharashtra,Hybrid
23/07/2019,Onion,23,Satara,FAQ,Phaltan,1500,500,1000,Maharashtra,Hybrid
17/12/2019,Onion,23,Satara,FAQ,Phaltan,17001,3000,8000,Maharashtra,Hybrid
17/01/2023,Onion,23,Satara,FAQ,Phaltan,2000,300,1100,Maharashtra,Hybrid
04/07/2023,Onion,23,Satara,FAQ,Phaltan,2000,400,1200,Maharashtra,Hybrid
11/07/2023,Onion,23,Satara,FAQ,Phaltan,1700,400,1000,Maharashtra,Hybrid
16/08/2023,Onion,23,Satara,FAQ,Phaltan,2700,900,1700,Maharashtra,Hybrid
22/08/2023,Onion,23,Satara,FAQ,Phaltan,2551,600,1800,Maharashtra,Hybrid
12/12/2023,Onion,23,Satara,FAQ,Phaltan,4200,1000,2500,Maharashtra,Hybrid
15/07/2025,Onion,23,Satara,Local,Phaltan,1611,200,1000,Maharashtra,Hybrid
28/04/2015,Onion,23,Satara,FAQ,Phaltan,1420,300,1100,Maharashtra,Hybrid
12/05/2015,Onion,23,Satara,FAQ,Phaltan,1851,400,1300,Maharashtra,Hybrid
18/08/2015,Onion,23,Satara,FAQ,Phaltan,5700,1500,4000,Maharashtra,Hybrid
23/09/2015,Onion,23,Satara,FAQ,Phaltan,4216,1000,2800,Maharashtra,Hybrid
25/11/2015,Onion,23,Satara,FAQ,Phaltan,2100,500,1500,Maharashtra,Hybrid
07/01/2015,Onion,23,Satara,FAQ,Phaltan,1875,400,1200,Maharashtra,Other
21/01/2015,Onion,23,Satara,FAQ,Phaltan,1700,400,1000,Maharashtra,Other
15/04/2015,Onion,23,Satara,FAQ,Phaltan,1460,300,1100,Maharashtra,Other
08/01/2013,Onion,23,Satara,FAQ,Phaltan,1451,300,850,Maharashtra,Other
26/02/2013,Onion,23,Satara,FAQ,Phaltan,1301,400,1000,Maharashtra,Other
24/04/2013,Onion,23,Satara,FAQ,Phaltan,1000,300,600,Maharashtra,Other
04/06/2013,Onion,23,Satara,FAQ,Phaltan,1600,650,1100,Maharashtra,Other
19/03/2013,Onion,23,Satara,FAQ,Phaltan,1251,600,1000,Maharashtra,Red
10/01/2012,Onion,23,Satara,FAQ,Phaltan,451,100,275,Maharashtra,Other
15/05/2012,Onion,23,Satara,FAQ,Phaltan,511,100,385,Maharashtra,Other
31/07/2012,Onion,23,Satara,FAQ,Phaltan,745,150,625,Maharashtra,Other
21/08/2012,Onion,23,Satara,FAQ,Phaltan,811,150,650,Maharashtra,Other
11/09/2012,Onion,23,Satara,FAQ,Phaltan,751,150,575,Maharashtra,Other
25/09/2012,Onion,23,Satara,FAQ,Phaltan,700,100,550,Maharashtra,Other
20/11/2012,Onion,23,Satara,FAQ,Phaltan,1700,400,850,Maharashtra,Other
27/11/2012,Onion,23,Satara,FAQ,Phaltan,1350,400,930,Maharashtra,Other
28/07/2018,Onion,23,Satara,FAQ,Phaltan,1311,300,850,Maharashtra,Hybrid
04/09/2018,Onion,23,Satara,FAQ,Phaltan,1100,300,875,Maharashtra,Hybrid
11/09/2018,Onion,23,Satara,FAQ,Phaltan,1175,300,800,Maharashtra,Hybrid
23/10/2018,Onion,23,Satara,FAQ,Phaltan,1751,400,800,Maharashtra,Hybrid
18/12/2018,Onion,23,Satara,FAQ,Phaltan,800,150,500,Maharashtra,Hybrid
19/03/2019,Onion,23,Satara,FAQ,Phaltan,711,150,475,Maharashtra,Hybrid
07/05/2019,Onion,23,Satara,FAQ,Phaltan,1001,200,600,Maharashtra,Hybrid
28/05/2019,Onion,23,Satara,FAQ,Phaltan,1401,500,900,Maharashtra,Hybrid
18/06/2019,Onion,23,Satara,FAQ,Phaltan,1615,500,1200,Maharashtra,Hybrid
25/06/2019,Onion,23,Satara,FAQ,Phaltan,1551,300,1050,Maharashtra,Hybrid
20/08/2019,Onion,23,Satara,FAQ,Phaltan,2760,1000,1900,Maharashtra,Hybrid
01/10/2019,Onion,23,Satara,FAQ,Phaltan,3700,1000,2700,Maharashtra,Hybrid
08/10/2019,Onion,23,Satara,FAQ,Phaltan,3500,1000,3000,Maharashtra,Hybrid
22/10/2019,Onion,23,Satara,FAQ,Phaltan,3500,500,2800,Maharashtra,Hybrid
19/11/2019,Onion,23,Satara,FAQ,Phaltan,6100,1000,3500,Maharashtra,Hybrid
03/02/2016,Onion,23,Satara,FAQ,Phaltan,1250,300,950,Maharashtra,Hybrid
24/02/2016,Onion,23,Satara,FAQ,Phaltan,875,300,600,Maharashtra,Hybrid
16/03/2016,Onion,23,Satara,FAQ,Phaltan,800,300,600,Maharashtra,Hybrid
26/04/2016,Onion,23,Satara,FAQ,Phaltan,925,300,650,Maharashtra,Hybrid
03/05/2016,Onion,23,Satara,FAQ,Phaltan,826,300,650,Maharashtra,Hybrid
14/06/2016,Onion,23,Satara,FAQ,Phaltan,1000,300,780,Maharashtra,Hybrid
28/06/2016,Onion,23,Satara,FAQ,Phaltan,1000,300,800,Maharashtra,Hybrid
05/10/2016,Onion,23,Satara,FAQ,Phaltan,701,100,400,Maharashtra,Hybrid
06/12/2016,Onion,23,Satara,FAQ,Phaltan,951,200,650,Maharashtra,Hybrid
28/12/2016,Onion,23,Satara,FAQ,Phaltan,850,150,475,Maharashtra,Hybrid
11/03/2014,Onion,23,Satara,FAQ,Phaltan,1051,300,650,Maharashtra,Other
22/04/2014,Onion,23,Satara,FAQ,Phaltan,1252,300,700,Maharashtra,Other
29/04/2014,Onion,23,Satara,FAQ,Phaltan,1152,200,800,Maharashtra,Other
22/07/2014,Onion,23,Satara,FAQ,Phaltan,2400,500,1800,Maharashtra,Other
28/10/2014,Onion,23,Satara,FAQ,Phaltan,2325,500,1600,Maharashtra,Other
05/12/2008,Onion,23,Satara,FAQ,Phaltan,1000,350,875,Maharashtra,Other
09/12/2008,Onion,23,Satara,FAQ,Phaltan,1150,300,900,Maharashtra,Other
30/12/2008,Onion,23,Satara,FAQ,Phaltan,1700,700,1000,Maharashtra,Other
09/01/2009,Onion,23,Satara,FAQ,Phaltan,1325,500,1000,Maharashtra,Other
20/01/2009,Onion,23,Satara,FAQ,Phaltan,1600,500,1050,Maharashtra,Other
24/03/2009,Onion,23,Satara,FAQ,Phaltan,601,250,450,Maharashtra,Other
02/06/2009,Onion,23,Satara,FAQ,Phaltan,811,175,475,Maharashtra,Other
14/07/2009,Onion,23,Satara,FAQ,Phaltan,701,100,550,Maharashtra,Other
15/09/2009,Onion,23,Satara,FAQ,Phaltan,751,150,450,Maharashtra,Other
09/10/2009,Onion,23,Satara,FAQ,Phaltan,1400,300,800,Maharashtra,Other
11/11/2009,Onion,23,Satara,FAQ,Phaltan,1380,300,850,Maharashtra,Other
16/12/2009,Onion,23,Satara,FAQ,Phaltan,2700,500,1200,Maharashtra,Other
22/12/2009,Onion,23,Satara,FAQ,Phaltan,2300,300,700,Maharashtra,Other
18/01/2011,Onion,23,Satara,FAQ,Phaltan,3700,500,2000,Maharashtra,Other
15/02/2011,Onion,23,Satara,FAQ,Phaltan,1150,300,875,Maharashtra,Other
05/04/2011,Onion,23,Satara,FAQ,Phaltan,611,200,475,Maharashtra,Other
17/05/2011,Onion,23,Satara,FAQ,Phaltan,579,100,400,Maharashtra,Other
24/05/2011,Onion,23,Satara,FAQ,Phaltan,675,175,375,Maharashtra,Other
05/07/2011,Onion,23,Satara,FAQ,Phaltan,1051,200,600,Maharashtra,Other
13/09/2011,Onion,23,Satara,FAQ,Phaltan,1300,700,1150,Maharashtra,Other
11/10/2011,Onion,23,Satara,FAQ,Phaltan,1167,600,1025,Maharashtra,Other
18/10/2011,Onion,23,Satara,FAQ,Phaltan,1100,500,975,Maharashtra,Other
22/11/2011,Onion,23,Satara,FAQ,Phaltan,1221,500,950,Maharashtra,Other
27/12/2011,Onion,23,Satara,FAQ,Phaltan,662,300,440,Maharashtra,Other
14/01/2005,Onion,23,Satara,FAQ,Phaltan,381,100,300,Maharashtra,Other
18/01/2005,Onion,23,Satara,FAQ,Phaltan,475,100,300,Maharashtra,Other
07/06/2005,Onion,23,Satara,FAQ,Phaltan,325,100,270,Maharashtra,Other
12/07/2005,Onion,23,Satara,FAQ,Phaltan,471,200,350,Maharashtra,Other
08/10/2005,Onion,23,Satara,FAQ,Phaltan,1051,200,800,Maharashtra,Other
14/10/2005,Onion,23,Satara,FAQ,Phaltan,1100,200,800,Maharashtra,Other
19/11/2024,Onion,23,Satara,FAQ,Phaltan,6000,1000,2550,Maharashtra,Hybrid
26/11/2024,Onion,23,Satara,FAQ,Phaltan,6700,1200,2650,Maharashtra,Hybrid
07/01/2025,Onion,23,Satara,FAQ,Phaltan,5101,1000,2100,Maharashtra,Hybrid
05/01/2007,Onion,23,Satara,FAQ,Phaltan,1000,350,850,Maharashtra,Other
17/02/2007,Onion,23,Satara,FAQ,Phaltan,961,500,800,Maharashtra,Other
20/03/2007,Onion,23,Satara,FAQ,Phaltan,675,300,500,Maharashtra,Other
27/04/2007,Onion,23,Satara,FAQ,Phaltan,511,250,375,Maharashtra,Other
04/05/2007,Onion,23,Satara,FAQ,Phaltan,619,300,450,Maharashtra,Other
11/05/2007,Onion,23,Satara,FAQ,Phaltan,551,300,475,Maharashtra,Other
25/05/2007,Onion,23,Satara,FAQ,Phaltan,575,300,425,Maharashtra,Other
15/06/2007,Onion,23,Satara,FAQ,Phaltan,901,700,825,Maharashtra,Other
03/07/2007,Onion,23,Satara,FAQ,Phaltan,1100,650,850,Maharashtra,Other
31/07/2007,Onion,23,Satara,FAQ,Phaltan,1061,750,900,Maharashtra,Other
07/08/2007,Onion,23,Satara,FAQ,Phaltan,1025,821,900,Maharashtra,Other
11/09/2007,Onion,23,Satara,FAQ,Phaltan,1400,700,1050,Maharashtra,Other
18/09/2007,Onion,23,Satara,FAQ,Phaltan,1700,950,1251,Maharashtra,Other
09/10/2007,Onion,23,Satara,FAQ,Phaltan,1451,700,850,Maharashtra,Other
02/11/2007,Onion,23,Satara,FAQ,Phaltan,850,300,550,Maharashtra,Other
01/10/2024,Onion,23,Satara,FAQ,Phaltan,4201,1250,2950,Maharashtra,Hybrid
20/08/2024,Onion,23,Satara,FAQ,Phaltan,3651,1000,2500,Maharashtra,Hybrid
03/09/2024,Onion,23,Satara,FAQ,Phaltan,5100,2200,3850,Maharashtra,Hybrid
02/02/2010,Onion,23,Satara,FAQ,Phaltan,1331,300,900,Maharashtra,Other
17/03/2010,Onion,23,Satara,FAQ,Phaltan,785,200,500,Maharashtra,Other
15/06/2010,Onion,23,Satara,FAQ,Phaltan,929,200,600,Maharashtra,Other
03/08/2010,Onion,23,Satara,FAQ,Phaltan,951,200,500,Maharashtra,Other
28/09/2010,Onion,23,Satara,FAQ,Phaltan,2000,500,1300,Maharashtra,Other
16/11/2010,Onion,23,Satara,FAQ,Phaltan,3300,500,2000,Maharashtra,Other
07/12/2010,Onion,23,Satara,FAQ,Phaltan,3725,500,2000,Maharashtra,Other
20/05/2025,Onion,23,Satara,Local,Phaltan,1425,200,800,Maharashtra,Hybrid
10/01/2017,Onion,23,Satara,FAQ,Phaltan,801,200,600,Maharashtra,Hybrid
17/01/2017,Onion,23,Satara,FAQ,Phaltan,950,150,550,Maharashtra,Hybrid
31/01/2017,Onion,23,Satara,FAQ,Phaltan,750,200,550,Maharashtra,Hybrid
07/03/2017,Onion,23,Satara,FAQ,Phaltan,700,250,525,Maharashtra,Hybrid
25/04/2017,Onion,23,Satara,FAQ,Phaltan,525,200,400,Maharashtra,Hybrid
02/05/2017,Onion,23,Satara,FAQ,Phaltan,476,200,350,Maharashtra,Hybrid
25/07/2017,Onion,23,Satara,FAQ,Phaltan,1000,300,650,Maharashtra,Hybrid
08/08/2017,Onion,23,Satara,FAQ,Phaltan,3001,700,1500,Maharashtra,Hybrid
16/08/2017,Onion,23,Satara,FAQ,Phaltan,2600,700,1950,Maharashtra,Hybrid
06/09/2017,Onion,23,Satara,FAQ,Phaltan,1860,500,1200,Maharashtra,Hybrid
12/09/2017,Onion,23,Satara,FAQ,Phaltan,1425,500,1000,Maharashtra,Hybrid
19/09/2017,Onion,23,Satara,FAQ,Phaltan,1511,300,1150,Maharashtra,Hybrid
14/11/2017,Onion,23,Satara,FAQ,Phaltan,3340,500,2500,Maharashtra,Hybrid
19/12/2017,Onion,23,Satara,FAQ,Phaltan,3500,500,2000,Maharashtra,Hybrid
26/12/2017,Onion,23,Satara,FAQ,Phaltan,4000,1000,2500,Maharashtra,Hybrid
21/01/2020,Onion,23,Satara,FAQ,Phaltan,4500,1000,3000,Maharashtra,Hybrid
25/02/2020,Onion,23,Satara,FAQ,Phaltan,1800,500,1200,Maharashtra,Hybrid
03/03/2020,Onion,23,Satara,FAQ,Phaltan,1800,500,1400,Maharashtra,Hybrid
09/06/2020,Onion,23,Satara,FAQ,Phaltan,1000,200,700,Maharashtra,Hybrid
07/07/2020,Onion,23,Satara,FAQ,Phaltan,900,200,600,Maharashtra,Hybrid
14/07/2020,Onion,23,Satara,FAQ,Phaltan,801,200,550,Maharashtra,Hybrid
04/08/2020,Onion,23,Satara,FAQ,Phaltan,850,200,600,Maharashtra,Hybrid
11/08/2020,Onion,23,Satara,FAQ,Phaltan,801,200,600,Maharashtra,Hybrid
16/09/2020,Onion,23,Satara,FAQ,Phaltan,3100,600,2100,Maharashtra,Hybrid
24/01/2023,Onion,23,Satara,FAQ,Phaltan,1726,300,1000,Maharashtra,Hybrid
07/03/2023,Onion,23,Satara,FAQ,Phaltan,1501,500,700,Maharashtra,Hybrid
14/03/2023,Onion,23,Satara,FAQ,Phaltan,1300,300,800,Maharashtra,Hybrid
22/05/2023,Onion,23,Satara,FAQ,Phaltan,1000,200,600,Maharashtra,Hybrid
06/06/2023,Onion,23,Satara,FAQ,Phaltan,1300,300,700,Maharashtra,Hybrid
29/08/2023,Onion,23,Satara,FAQ,Phaltan,2500,400,1700,Maharashtra,Hybrid
10/10/2023,Onion,23,Satara,FAQ,Phaltan,2525,400,1650,Maharashtra,Hybrid
03/05/2022,Onion,23,Satara,FAQ,Phaltan,1100,300,650,Maharashtra,Hybrid
10/05/2022,Onion,23,Satara,FAQ,Phaltan,1000,250,600,Maharashtra,Hybrid
19/07/2022,Onion,23,Satara,FAQ,Phaltan,1400,200,900,Maharashtra,Hybrid
19/01/2021,Onion,23,Satara,FAQ,Phaltan,3300,1250,2500,Maharashtra,Hybrid
02/02/2021,Onion,23,Satara,FAQ,Phaltan,4000,1500,2400,Maharashtra,Hybrid
09/02/2021,Onion,23,Satara,FAQ,Phaltan,4000,1551,2800,Maharashtra,Hybrid
02/03/2021,Onion,23,Satara,FAQ,Phaltan,3001,900,2200,Maharashtra,Hybrid
28/09/2021,Onion,23,Satara,FAQ,Phaltan,2400,400,1400,Maharashtra,Hybrid
05/10/2021,Onion,23,Satara,FAQ,Phaltan,3500,500,2000,Maharashtra,Hybrid
12/10/2021,Onion,23,Satara,FAQ,Phaltan,4000,1000,2500,Maharashtra,Hybrid
07/10/2025,Onion,23,Satara,Local,Phaltan,1580,200,1000,Maharashtra,Hybrid
25/03/2014,Onion,23,Satara,FAQ,Phaltan,900,200,600,Maharashtra,Other
08/04/2014,Onion,23,Satara,FAQ,Phaltan,817,200,600,Maharashtra,Other
03/06/2014,Onion,23,Satara,FAQ,Phaltan,1952,500,1500,Maharashtra,Other
10/06/2014,Onion,23,Satara,FAQ,Phaltan,1800,400,1000,Maharashtra,Other
14/10/2014,Onion,23,Satara,FAQ,Phaltan,2200,600,1600,Maharashtra,Other
31/12/2014,Onion,23,Satara,FAQ,Phaltan,1799,400,1100,Maharashtra,Other
01/01/2013,Onion,23,Satara,FAQ,Phaltan,1451,300,900,Maharashtra,Other
20/02/2013,Onion,23,Satara,FAQ,Phaltan,1551,500,1200,Maharashtra,Other
28/05/2013,Onion,23,Satara,FAQ,Phaltan,1500,450,851,Maharashtra,Other
12/03/2013,Onion,23,Satara,FAQ,Phaltan,1075,600,850,Maharashtra,Red
02/04/2013,Onion,23,Satara,FAQ,Phaltan,1167,400,1000,Maharashtra,Red
04/12/2004,Onion,23,Satara,FAQ,Phaltan,475,150,300,Maharashtra,Other
11/02/2020,Onion,23,Satara,FAQ,Phaltan,2500,500,1600,Maharashtra,Hybrid
17/03/2020,Onion,23,Satara,FAQ,Phaltan,1751,500,1200,Maharashtra,Hybrid
18/08/2020,Onion,23,Satara,FAQ,Phaltan,2000,400,1200,Maharashtra,Hybrid
24/02/2021,Onion,23,Satara,FAQ,Phaltan,4000,1500,3200,Maharashtra,Hybrid
09/11/2021,Onion,23,Satara,FAQ,Phaltan,3200,1000,2000,Maharashtra,Hybrid
05/05/2015,Onion,23,Satara,FAQ,Phaltan,1995,300,1400,Maharashtra,Hybrid
10/06/2015,Onion,23,Satara,FAQ,Phaltan,2800,500,1800,Maharashtra,Hybrid
16/06/2015,Onion,23,Satara,FAQ,Phaltan,2400,500,1700,Maharashtra,Hybrid
07/07/2015,Onion,23,Satara,FAQ,Phaltan,2150,500,1700,Maharashtra,Hybrid
14/07/2015,Onion,23,Satara,FAQ,Phaltan,2399,500,1900,Maharashtra,Hybrid
28/07/2015,Onion,23,Satara,FAQ,Phaltan,4100,1500,3000,Maharashtra,Hybrid
11/08/2015,Onion,23,Satara,FAQ,Phaltan,4000,1000,3200,Maharashtra,Hybrid
25/08/2015,Onion,23,Satara,FAQ,Phaltan,6500,1500,4000,Maharashtra,Hybrid
29/09/2015,Onion,23,Satara,FAQ,Phaltan,4200,1000,2800,Maharashtra,Hybrid
06/10/2015,Onion,23,Satara,FAQ,Phaltan,3600,1000,3000,Maharashtra,Hybrid
04/11/2015,Onion,23,Satara,FAQ,Phaltan,2400,500,1800,Maharashtra,Hybrid
18/11/2015,Onion,23,Satara,FAQ,Phaltan,3000,500,2000,Maharashtra,Hybrid
09/12/2015,Onion,23,Satara,FAQ,Phaltan,1300,500,1000,Maharashtra,Hybrid
30/12/2015,Onion,23,Satara,FAQ,Phaltan,1951,300,1400,Maharashtra,Hybrid
06/01/2016,Onion,23,Satara,FAQ,Phaltan,1800,300,1200,Maharashtra,Hybrid
02/03/2016,Onion,23,Satara,FAQ,Phaltan,800,300,500,Maharashtra,Hybrid
09/03/2016,Onion,23,Satara,FAQ,Phaltan,821,300,650,Maharashtra,Hybrid
12/04/2016,Onion,23,Satara,FAQ,Phaltan,700,300,500,Maharashtra,Hybrid
06/09/2016,Onion,23,Satara,FAQ,Phaltan,1000,100,550,Maharashtra,Hybrid
08/11/2016,Onion,23,Satara,FAQ,Phaltan,1401,200,800,Maharashtra,Hybrid
13/12/2016,Onion,23,Satara,FAQ,Phaltan,1000,200,700,Maharashtra,Hybrid
12/12/2006,Onion,23,Satara,FAQ,Phaltan,711,200,400,Maharashtra,Other
25/01/2005,Onion,23,Satara,FAQ,Phaltan,431,100,300,Maharashtra,Other
05/03/2005,Onion,23,Satara,FAQ,Phaltan,375,150,275,Maharashtra,Other
11/03/2005,Onion,23,Satara,FAQ,Phaltan,280,100,250,Maharashtra,Other
08/04/2005,Onion,23,Satara,FAQ,Phaltan,300,100,260,Maharashtra,Other
12/04/2005,Onion,23,Satara,FAQ,Phaltan,275,100,231,Maharashtra,Other
20/05/2005,Onion,23,Satara,FAQ,Phaltan,268,100,225,Maharashtra,Other
08/07/2005,Onion,23,Satara,FAQ,Phaltan,450,100,350,Maharashtra,Other
15/07/2005,Onion,23,Satara,FAQ,Phaltan,465,125,400,Maharashtra,Other
22/07/2005,Onion,23,Satara,FAQ,Phaltan,430,151,350,Maharashtra,Other
12/08/2005,Onion,23,Satara,FAQ,Phaltan,575,150,500,Maharashtra,Other
19/08/2005,Onion,23,Satara,FAQ,Phaltan,800,500,750,Maharashtra,Other
07/02/2017,Onion,23,Satara,FAQ,Phaltan,700,150,525,Maharashtra,Hybrid
28/02/2017,Onion,23,Satara,FAQ,Phaltan,825,100,550,Maharashtra,Hybrid
23/05/2017,Onion,23,Satara,FAQ,Phaltan,700,200,450,Maharashtra,Hybrid
20/06/2017,Onion,23,Satara,FAQ,Phaltan,800,200,550,Maharashtra,Hybrid
24/10/2017,Onion,23,Satara,FAQ,Phaltan,3700,500,1950,Maharashtra,Hybrid
05/12/2017,Onion,23,Satara,FAQ,Phaltan,3700,300,2000,Maharashtra,Hybrid
31/01/2012,Onion,23,Satara,FAQ,Phaltan,428,100,280,Maharashtra,Other
14/02/2012,Onion,23,Satara,FAQ,Phaltan,400,150,275,Maharashtra,Other
28/02/2012,Onion,23,Satara,FAQ,Phaltan,425,150,270,Maharashtra,Other
13/03/2012,Onion,23,Satara,FAQ,Phaltan,451,150,275,Maharashtra,Other
05/06/2012,Onion,23,Satara,FAQ,Phaltan,525,100,390,Maharashtra,Other
12/06/2012,Onion,23,Satara,FAQ,Phaltan,560,100,400,Maharashtra,Other
03/07/2012,Onion,23,Satara,FAQ,Phaltan,800,150,625,Maharashtra,Other
24/07/2012,Onion,23,Satara,FAQ,Phaltan,757,150,600,Maharashtra,Other
09/10/2012,Onion,23,Satara,FAQ,Phaltan,700,100,550,Maharashtra,Other
26/12/2012,Onion,23,Satara,FAQ,Phaltan,1611,400,925,Maharashtra,Other
08/02/2011,Onion,23,Satara,FAQ,Phaltan,1100,300,800,Maharashtra,Other
15/03/2011,Onion,23,Satara,FAQ,Phaltan,611,200,475,Maharashtra,Other
12/04/2011,Onion,23,Satara,FAQ,Phaltan,565,200,375,Maharashtra,Other
10/05/2011,Onion,23,Satara,FAQ,Phaltan,551,200,425,Maharashtra,Other
31/05/2011,Onion,23,Satara,FAQ,Phaltan,725,175,500,Maharashtra,Other
02/08/2011,Onion,23,Satara,FAQ,Phaltan,1100,300,700,Maharashtra,Other
23/08/2011,Onion,23,Satara,FAQ,Phaltan,1376,400,1000,Maharashtra,Other
20/09/2011,Onion,23,Satara,FAQ,Phaltan,1400,500,1000,Maharashtra,Other
04/10/2011,Onion,23,Satara,FAQ,Phaltan,1175,600,950,Maharashtra,Other
29/11/2011,Onion,23,Satara,FAQ,Phaltan,965,450,650,Maharashtra,Other
16/02/2010,Onion,23,Satara,FAQ,Phaltan,1100,300,850,Maharashtra,Other
20/04/2010,Onion,23,Satara,FAQ,Phaltan,511,200,350,Maharashtra,Other
29/06/2010,Onion,23,Satara,FAQ,Phaltan,800,200,500,Maharashtra,Other
26/10/2010,Onion,23,Satara,FAQ,Phaltan,1751,300,1250,Maharashtra,Other
21/12/2010,Onion,23,Satara,FAQ,Phaltan,7000,1000,3500,Maharashtra,Other
28/12/2010,Onion,23,Satara,FAQ,Phaltan,4001,400,2000,Maharashtra,Other
02/01/2009,Onion,23,Satara,FAQ,Phaltan,1371,400,800,Maharashtra,Other
13/01/2009,Onion,23,Satara,FAQ,Phaltan,1375,500,1000,Maharashtra,Other
03/02/2009,Onion,23,Satara,FAQ,Phaltan,1201,500,900,Maharashtra,Other
17/02/2009,Onion,23,Satara,FAQ,Phaltan,1351,400,1100,Maharashtra,Other
10/03/2009,Onion,23,Satara,FAQ,Phaltan,670,200,500,Maharashtra,Other
17/03/2009,Onion,23,Satara,FAQ,Phaltan,801,250,550,Maharashtra,Other
26/05/2009,Onion,23,Satara,FAQ,Phaltan,715,150,450,Maharashtra,Other
25/08/2009,Onion,23,Satara,FAQ,Phaltan,761,150,450,Maharashtra,Other
01/09/2009,Onion,23,Satara,FAQ,Phaltan,725,100,450,Maharashtra,Other
08/09/2009,Onion,23,Satara,FAQ,Phaltan,745,100,450,Maharashtra,Other
22/09/2009,Onion,23,Satara,FAQ,Phaltan,801,200,500,Maharashtra,Other
06/10/2009,Onion,23,Satara,FAQ,Phaltan,2000,200,1000,Maharashtra,Other
20/10/2009,Onion,23,Satara,FAQ,Phaltan,1551,300,800,Maharashtra,Other
27/10/2009,Onion,23,Satara,FAQ,Phaltan,1850,300,900,Maharashtra,Other
02/12/2009,Onion,23,Satara,FAQ,Phaltan,2300,300,800,Maharashtra,Other
09/12/2009,Onion,23,Satara,FAQ,Phaltan,2600,400,900,Maharashtra,Other
01/07/2008,Onion,23,Satara,FAQ,Phaltan,575,200,350,Maharashtra,Other
09/01/2007,Onion,23,Satara,FAQ,Phaltan,1100,400,875,Maharashtra,Other
30/01/2007,Onion,23,Satara,FAQ,Phaltan,1251,400,900,Maharashtra,Other
02/02/2007,Onion,23,Satara,FAQ,Phaltan,1071,500,850,Maharashtra,Other
21/02/2007,Onion,23,Satara,FAQ,Phaltan,1000,500,750,Maharashtra,Other
23/02/2007,Onion,23,Satara,FAQ,Phaltan,900,600,800,Maharashtra,Other
09/03/2007,Onion,23,Satara,FAQ,Phaltan,600,250,525,Maharashtra,Other
15/05/2007,Onion,23,Satara,FAQ,Phaltan,639,300,480,Maharashtra,Other
18/05/2007,Onion,23,Satara,FAQ,Phaltan,590,300,450,Maharashtra,Other
29/05/2007,Onion,23,Satara,FAQ,Phaltan,700,300,550,Maharashtra,Other
05/06/2007,Onion,23,Satara,FAQ,Phaltan,771,350,600,Maharashtra,Other
10/07/2007,Onion,23,Satara,FAQ,Phaltan,1000,600,950,Maharashtra,Other
14/08/2007,Onion,23,Satara,FAQ,Phaltan,1200,850,1110,Maharashtra,Other
24/08/2007,Onion,23,Satara,FAQ,Phaltan,1076,800,940,Maharashtra,Other
28/08/2007,Onion,23,Satara,FAQ,Phaltan,1525,700,1250,Maharashtra,Other
28/09/2007,Onion,23,Satara,FAQ,Phaltan,1691,700,1250,Maharashtra,Other
26/10/2007,Onion,23,Satara,FAQ,Phaltan,1170,600,850,Maharashtra,Other
15/11/2007,Onion,23,Satara,FAQ,Phaltan,1100,650,900,Maharashtra,Other
22/11/2007,Onion,23,Satara,FAQ,Phaltan,575,250,475,Maharashtra,Other
27/12/2007,Onion,23,Satara,FAQ,Phaltan,500,200,375,Maharashtra,Other
16/05/2023,Onion,23,Satara,FAQ,Phaltan,1100,200,600,Maharashtra,Hybrid
18/07/2023,Onion,23,Satara,FAQ,Phaltan,2000,300,1200,Maharashtra,Hybrid
01/08/2023,Onion,23,Satara,FAQ,Phaltan,1600,300,1000,Maharashtra,Hybrid
17/10/2023,Onion,23,Satara,FAQ,Phaltan,3500,500,2000,Maharashtra,Hybrid
21/11/2023,Onion,23,Satara,FAQ,Phaltan,4700,1000,3200,Maharashtra,Hybrid
05/12/2023,Onion,23,Satara,FAQ,Phaltan,4400,1000,3000,Maharashtra,Hybrid
01/02/2022,Onion,23,Satara,FAQ,Phaltan,2901,200,1200,Maharashtra,Hybrid
15/02/2022,Onion,23,Satara,FAQ,Phaltan,2700,500,1800,Maharashtra,Hybrid
15/03/2022,Onion,23,Satara,FAQ,Phaltan,1355,300,1000,Maharashtra,Hybrid
22/03/2022,Onion,23,Satara,FAQ,Phaltan,1300,200,900,Maharashtra,Hybrid
24/05/2022,Onion,23,Satara,FAQ,Phaltan,1100,200,600,Maharashtra,Hybrid
07/06/2022,Onion,23,Satara,FAQ,Phaltan,1400,200,900,Maharashtra,Hybrid
21/06/2022,Onion,23,Satara,FAQ,Phaltan,1801,300,1100,Maharashtra,Hybrid
23/08/2022,Onion,23,Satara,FAQ,Phaltan,1551,300,900,Maharashtra,Hybrid
18/10/2022,Onion,23,Satara,FAQ,Phaltan,3000,900,1600,Maharashtra,Hybrid
08/11/2022,Onion,23,Satara,FAQ,Phaltan,2500,300,1500,Maharashtra,Hybrid
22/11/2022,Onion,23,Satara,FAQ,Phaltan,1800,300,1200,Maharashtra,Hybrid
15/01/2019,Onion,23,Satara,FAQ,Phaltan,700,150,400,Maharashtra,Hybrid
16/04/2019,Onion,23,Satara,FAQ,Phaltan,751,150,550,Maharashtra,Hybrid
24/04/2019,Onion,23,Satara,FAQ,Phaltan,1150,200,700,Maharashtra,Hybrid
14/05/2019,Onion,23,Satara,FAQ,Phaltan,1000,200,600,Maharashtra,Hybrid
21/05/2019,Onion,23,Satara,FAQ,Phaltan,1140,300,800,Maharashtra,Hybrid
02/07/2019,Onion,23,Satara,FAQ,Phaltan,1500,400,1000,Maharashtra,Hybrid
09/07/2019,Onion,23,Satara,FAQ,Phaltan,1351,500,900,Maharashtra,Hybrid
30/07/2019,Onion,23,Satara,FAQ,Phaltan,1551,400,1100,Maharashtra,Hybrid
06/08/2019,Onion,23,Satara,FAQ,Phaltan,1750,600,1300,Maharashtra,Hybrid
03/09/2019,Onion,23,Satara,FAQ,Phaltan,2655,1100,2200,Maharashtra,Hybrid
25/12/2019,Onion,23,Satara,FAQ,Phaltan,11000,2000,6700,Maharashtra,Hybrid
31/12/2019,Onion,23,Satara,FAQ,Phaltan,9800,1000,4500,Maharashtra,Hybrid
08/05/2024,Onion,23,Satara,FAQ,Phaltan,2000,400,1300,Maharashtra,Hybrid
12/03/2024,Onion,23,Satara,FAQ,Phaltan,1600,500,1100,Maharashtra,Hybrid
02/04/2024,Onion,23,Satara,FAQ,Phaltan,1700,400,1200,Maharashtra,Hybrid
16/01/2018,Onion,23,Satara,FAQ,Phaltan,3000,1000,2350,Maharashtra,Hybrid
22/05/2018,Onion,23,Satara,FAQ,Phaltan,700,200,475,Maharashtra,Hybrid
12/06/2018,Onion,23,Satara,FAQ,Phaltan,1100,300,800,Maharashtra,Hybrid
17/07/2018,Onion,23,Satara,FAQ,Phaltan,1300,300,1000,Maharashtra,Hybrid
14/08/2018,Onion,23,Satara,FAQ,Phaltan,1251,300,850,Maharashtra,Hybrid
30/07/2024,Onion,23,Satara,FAQ,Phaltan,2900,1000,2500,Maharashtra,Hybrid
04/02/2025,Onion,23,Satara,Local,Phaltan,2501,900,1950,Maharashtra,Hybrid
18/09/2024,Onion,23,Satara,FAQ,Phaltan,5000,2600,4200,Maharashtra,Hybrid
01/07/2025,Onion,23,Satara,Local,Phaltan,1821,200,1200,Maharashtra,Hybrid
17/06/2025,Onion,23,Satara,Local,Phaltan,2000,200,1200,Maharashtra,Hybrid
19/08/2025,Onion,23,Satara,Local,Phaltan,2000,300,1200,Maharashtra,Hybrid
28/10/2025,Onion,23,Satara,Local,Phaltan,2000,200,1200,Maharashtra,Hybrid
02/03/2010,Onion,23,Satara,FAQ,Phaltan,771,300,500,Maharashtra,Other
23/03/2010,Onion,23,Satara,FAQ,Phaltan,685,200,450,Maharashtra,Other
09/04/2010,Onion,23,Satara,FAQ,Phaltan,500,200,300,Maharashtra,Other
09/06/2010,Onion,23,Satara,FAQ,Phaltan,750,200,475,Maharashtra,Other
20/07/2010,Onion,23,Satara,FAQ,Phaltan,875,200,500,Maharashtra,Other
24/08/2010,Onion,23,Satara,FAQ,Phaltan,1070,150,550,Maharashtra,Other
19/10/2010,Onion,23,Satara,FAQ,Phaltan,1700,300,1250,Maharashtra,Other
06/02/2007,Onion,23,Satara,FAQ,Phaltan,1325,700,1050,Maharashtra,Other
03/04/2007,Onion,23,Satara,FAQ,Phaltan,625,300,580,Maharashtra,Other
24/04/2007,Onion,23,Satara,FAQ,Phaltan,520,300,450,Maharashtra,Other
19/06/2007,Onion,23,Satara,FAQ,Phaltan,1052,600,800,Maharashtra,Other
22/06/2007,Onion,23,Satara,FAQ,Phaltan,1000,1000,1000,Maharashtra,Other
21/08/2007,Onion,23,Satara,FAQ,Phaltan,2000,1000,1400,Maharashtra,Other
31/08/2007,Onion,23,Satara,FAQ,Phaltan,1100,400,825,Maharashtra,Other
04/09/2007,Onion,23,Satara,FAQ,Phaltan,1520,900,1150,Maharashtra,Other
14/09/2007,Onion,23,Satara,FAQ,Phaltan,1000,500,700,Maharashtra,Other
02/10/2007,Onion,23,Satara,FAQ,Phaltan,2000,1000,1300,Maharashtra,Other
16/10/2007,Onion,23,Satara,FAQ,Phaltan,1800,800,1150,Maharashtra,Other
13/11/2007,Onion,23,Satara,FAQ,Phaltan,1152,400,850,Maharashtra,Other
20/11/2007,Onion,23,Satara,FAQ,Phaltan,851,400,650,Maharashtra,Other
21/07/2015,Onion,23,Satara,FAQ,Phaltan,2901,700,2000,Maharashtra,Hybrid
04/02/2015,Onion,23,Satara,FAQ,Phaltan,1725,500,1200,Maharashtra,Other
08/04/2015,Onion,23,Satara,FAQ,Phaltan,1400,300,1000,Maharashtra,Other
03/12/2024,Onion,23,Satara,FAQ,Phaltan,6710,1200,2700,Maharashtra,Hybrid
03/01/2017,Onion,23,Satara,FAQ,Phaltan,800,200,600,Maharashtra,Hybrid
11/04/2017,Onion,23,Satara,FAQ,Phaltan,551,200,400,Maharashtra,Hybrid
30/05/2017,Onion,23,Satara,FAQ,Phaltan,675,300,550,Maharashtra,Hybrid
18/07/2017,Onion,23,Satara,FAQ,Phaltan,791,200,550,Maharashtra,Hybrid
01/08/2017,Onion,23,Satara,FAQ,Phaltan,1675,500,1200,Maharashtra,Hybrid
29/08/2017,Onion,23,Satara,FAQ,Phaltan,1800,500,1200,Maharashtra,Hybrid
17/10/2017,Onion,23,Satara,FAQ,Phaltan,2500,300,750,Maharashtra,Hybrid
31/10/2017,Onion,23,Satara,FAQ,Phaltan,3200,500,2200,Maharashtra,Hybrid
21/11/2017,Onion,23,Satara,FAQ,Phaltan,3600,600,1750,Maharashtra,Hybrid
13/02/2018,Onion,23,Satara,FAQ,Phaltan,1750,800,1300,Maharashtra,Hybrid
20/03/2018,Onion,23,Satara,FAQ,Phaltan,825,300,700,Maharashtra,Hybrid
10/04/2018,Onion,23,Satara,FAQ,Phaltan,750,200,600,Maharashtra,Hybrid
29/05/2018,Onion,23,Satara,FAQ,Phaltan,851,200,550,Maharashtra,Hybrid
19/06/2018,Onion,23,Satara,FAQ,Phaltan,1151,300,850,Maharashtra,Hybrid
07/08/2018,Onion,23,Satara,FAQ,Phaltan,1125,300,800,Maharashtra,Hybrid
18/09/2018,Onion,23,Satara,FAQ,Phaltan,1255,300,950,Maharashtra,Hybrid
20/11/2018,Onion,23,Satara,FAQ,Phaltan,1150,100,600,Maharashtra,Hybrid
11/12/2018,Onion,23,Satara,FAQ,Phaltan,800,150,500,Maharashtra,Hybrid
07/01/2020,Onion,23,Satara,FAQ,Phaltan,6800,1000,4000,Maharashtra,Hybrid
04/02/2020,Onion,23,Satara,FAQ,Phaltan,2251,500,1500,Maharashtra,Hybrid
10/03/2020,Onion,23,Satara,FAQ,Phaltan,2100,500,1400,Maharashtra,Hybrid
26/08/2020,Onion,23,Satara,FAQ,Phaltan,1751,300,1200,Maharashtra,Hybrid
06/01/2009,Onion,23,Satara,FAQ,Phaltan,1700,500,1000,Maharashtra,Other
16/01/2009,Onion,23,Satara,FAQ,Phaltan,1300,500,700,Maharashtra,Other
20/02/2009,Onion,23,Satara,FAQ,Phaltan,1200,400,975,Maharashtra,Other
13/03/2009,Onion,23,Satara,FAQ,Phaltan,751,250,450,Maharashtra,Other
20/03/2009,Onion,23,Satara,FAQ,Phaltan,711,250,575,Maharashtra,Other
23/06/2009,Onion,23,Satara,FAQ,Phaltan,725,150,500,Maharashtra,Other
21/07/2009,Onion,23,Satara,FAQ,Phaltan,701,150,475,Maharashtra,Other
29/09/2009,Onion,23,Satara,FAQ,Phaltan,1000,300,700,Maharashtra,Other
14/10/2009,Onion,23,Satara,FAQ,Phaltan,1500,300,800,Maharashtra,Other
25/11/2009,Onion,23,Satara,FAQ,Phaltan,1200,300,700,Maharashtra,Other
11/11/2008,Onion,23,Satara,FAQ,Phaltan,1300,300,975,Maharashtra,Other
13/01/2016,Onion,23,Satara,FAQ,Phaltan,1551,500,1150,Maharashtra,Hybrid
20/01/2016,Onion,23,Satara,FAQ,Phaltan,1700,500,1000,Maharashtra,Hybrid
24/05/2016,Onion,23,Satara,FAQ,Phaltan,950,300,700,Maharashtra,Hybrid
31/05/2016,Onion,23,Satara,FAQ,Phaltan,900,300,700,Maharashtra,Hybrid
09/08/2016,Onion,23,Satara,FAQ,Phaltan,850,200,600,Maharashtra,Hybrid
26/10/2016,Onion,23,Satara,FAQ,Phaltan,901,100,500,Maharashtra,Hybrid
23/01/2024,Onion,23,Satara,FAQ,Phaltan,1700,400,1200,Maharashtra,Hybrid
19/03/2024,Onion,23,Satara,FAQ,Phaltan,1500,400,1100,Maharashtra,Hybrid
26/03/2024,Onion,23,Satara,FAQ,Phaltan,1625,500,1200,Maharashtra,Hybrid
16/02/2021,Onion,23,Satara,FAQ,Phaltan,4051,1500,3000,Maharashtra,Hybrid
09/03/2021,Onion,23,Satara,FAQ,Phaltan,1501,600,1125,Maharashtra,Hybrid
04/01/2011,Onion,23,Satara,FAQ,Phaltan,4700,500,3000,Maharashtra,Other
25/01/2011,Onion,23,Satara,FAQ,Phaltan,1400,300,900,Maharashtra,Other
22/02/2011,Onion,23,Satara,FAQ,Phaltan,1117,300,850,Maharashtra,Other
03/05/2011,Onion,23,Satara,FAQ,Phaltan,599,100,400,Maharashtra,Other
12/07/2011,Onion,23,Satara,FAQ,Phaltan,1050,200,650,Maharashtra,Other
13/12/2011,Onion,23,Satara,FAQ,Phaltan,750,300,550,Maharashtra,Other
20/12/2011,Onion,23,Satara,FAQ,Phaltan,651,250,450,Maharashtra,Other
04/03/2014,Onion,23,Satara,FAQ,Phaltan,741,200,500,Maharashtra,Other
18/03/2014,Onion,23,Satara,FAQ,Phaltan,820,200,600,Maharashtra,Other
06/05/2014,Onion,23,Satara,FAQ,Phaltan,1400,350,900,Maharashtra,Other
24/06/2014,Onion,23,Satara,FAQ,Phaltan,2300,400,1800,Maharashtra,Other
15/07/2014,Onion,23,Satara,FAQ,Phaltan,2511,800,1800,Maharashtra,Other
08/10/2014,Onion,23,Satara,FAQ,Phaltan,1751,400,1300,Maharashtra,Other
03/12/2014,Onion,23,Satara,FAQ,Phaltan,1500,400,1000,Maharashtra,Other
10/12/2014,Onion,23,Satara,FAQ,Phaltan,2000,400,1200,Maharashtra,Other
29/01/2013,Onion,23,Satara,FAQ,Phaltan,1900,700,1300,Maharashtra,Other
12/03/2013,Onion,23,Satara,FAQ,Phaltan,1075,600,850,Maharashtra,Other
12/11/2013,Onion,23,Satara,FAQ,Phaltan,4800,1200,3000,Maharashtra,Other
03/01/2012,Onion,23,Satara,FAQ,Phaltan,600,300,425,Maharashtra,Other
17/01/2012,Onion,23,Satara,FAQ,Phaltan,775,100,350,Maharashtra,Other
06/03/2012,Onion,23,Satara,FAQ,Phaltan,425,125,250,Maharashtra,Other
10/04/2012,Onion,23,Satara,FAQ,Phaltan,500,100,275,Maharashtra,Other
08/05/2012,Onion,23,Satara,FAQ,Phaltan,600,100,350,Maharashtra,Other
29/05/2012,Onion,23,Satara,FAQ,Phaltan,541,100,385,Maharashtra,Other
28/08/2012,Onion,23,Satara,FAQ,Phaltan,731,150,600,Maharashtra,Other
16/10/2012,Onion,23,Satara,FAQ,Phaltan,999,250,700,Maharashtra,Other
23/10/2012,Onion,23,Satara,FAQ,Phaltan,1575,351,800,Maharashtra,Other
30/10/2012,Onion,23,Satara,FAQ,Phaltan,1701,400,850,Maharashtra,Other
11/01/2005,Onion,23,Satara,FAQ,Phaltan,450,100,360,Maharashtra,Other
22/02/2005,Onion,23,Satara,FAQ,Phaltan,355,100,275,Maharashtra,Other
05/04/2005,Onion,23,Satara,FAQ,Phaltan,300,100,240,Maharashtra,Other
10/05/2005,Onion,23,Satara,FAQ,Phaltan,301,100,250,Maharashtra,Other
27/05/2005,Onion,23,Satara,FAQ,Phaltan,311,100,250,Maharashtra,Other
21/06/2005,Onion,23,Satara,FAQ,Phaltan,445,100,340,Maharashtra,Other
29/07/2005,Onion,23,Satara,FAQ,Phaltan,441,100,390,Maharashtra,Other
02/08/2005,Onion,23,Satara,FAQ,Phaltan,545,275,450,Maharashtra,Other
30/09/2005,Onion,23,Satara,FAQ,Phaltan,969,200,750,Maharashtra,Other
18/11/2005,Onion,23,Satara,FAQ,Phaltan,1171,400,900,Maharashtra,Other
03/01/2023,Onion,23,Satara,FAQ,Phaltan,1600,300,900,Maharashtra,Hybrid
31/01/2023,Onion,23,Satara,FAQ,Phaltan,1500,300,800,Maharashtra,Hybrid
14/02/2023,Onion,23,Satara,FAQ,Phaltan,1401,300,900,Maharashtra,Hybrid
30/05/2023,Onion,23,Satara,FAQ,Phaltan,1181,200,700,Maharashtra,Hybrid
27/06/2023,Onion,23,Satara,FAQ,Phaltan,1511,300,1000,Maharashtra,Hybrid
20/09/2023,Onion,23,Satara,FAQ,Phaltan,2350,400,1200,Maharashtra,Hybrid
26/09/2023,Onion,23,Satara,FAQ,Phaltan,2400,400,1500,Maharashtra,Hybrid
22/10/2024,Onion,23,Satara,FAQ,Phaltan,5000,1800,3350,Maharashtra,Hybrid
12/11/2024,Onion,23,Satara,FAQ,Phaltan,6100,1000,3250,Maharashtra,Hybrid
14/05/2024,Onion,23,Satara,FAQ,Phaltan,2000,400,1200,Maharashtra,Hybrid
01/01/2019,Onion,23,Satara,FAQ,Phaltan,1065,150,600,Maharashtra,Hybrid
26/02/2019,Onion,23,Satara,FAQ,Phaltan,465,150,300,Maharashtra,Hybrid
12/03/2019,Onion,23,Satara,FAQ,Phaltan,751,200,500,Maharashtra,Hybrid
04/06/2019,Onion,23,Satara,FAQ,Phaltan,1451,400,900,Maharashtra,Hybrid
11/06/2019,Onion,23,Satara,FAQ,Phaltan,1600,500,1200,Maharashtra,Hybrid
13/08/2019,Onion,23,Satara,FAQ,Phaltan,1751,700,1300,Maharashtra,Hybrid
24/09/2019,Onion,23,Satara,FAQ,Phaltan,4500,1500,2300,Maharashtra,Hybrid
26/04/2022,Onion,23,Satara,FAQ,Phaltan,1201,300,700,Maharashtra,Hybrid
17/05/2022,Onion,23,Satara,FAQ,Phaltan,1100,200,600,Maharashtra,Hybrid
27/09/2022,Onion,23,Satara,FAQ,Phaltan,1400,200,800,Maharashtra,Hybrid
11/10/2022,Onion,23,Satara,FAQ,Phaltan,2500,700,1400,Maharashtra,Hybrid
01/11/2022,Onion,23,Satara,FAQ,Phaltan,3400,1000,1800,Maharashtra,Hybrid
20/12/2022,Onion,23,Satara,FAQ,Phaltan,1851,250,1000,Maharashtra,Hybrid
08/07/2025,Onion,23,Satara,Local,Phaltan,1800,200,1200,Maharashtra,Hybrid
12/08/2025,Onion,23,Satara,Local,Phaltan,1700,200,1100,Maharashtra,Hybrid
23/05/2023,Onion,23,Satara,FAQ,Phaltan,1000,200,600,Maharashtra,Hybrid
25/07/2023,Onion,23,Satara,FAQ,Phaltan,2000,300,1200,Maharashtra,Hybrid
08/08/2023,Onion,23,Satara,FAQ,Phaltan,2000,300,1300,Maharashtra,Hybrid
03/10/2023,Onion,23,Satara,FAQ,Phaltan,2600,500,1500,Maharashtra,Hybrid
04/03/2025,Onion,23,Satara,Local,Phaltan,2551,800,2100,Maharashtra,Hybrid
11/03/2025,Onion,23,Satara,Local,Phaltan,1700,300,900,Maharashtra,Hybrid
24/06/2025,Onion,23,Satara,Local,Phaltan,2001,300,1000,Maharashtra,Hybrid
10/06/2025,Onion,23,Satara,Local,Phaltan,2100,300,1000,Maharashtra,Hybrid
28/01/2025,Onion,23,Satara,Local,Phaltan,2851,900,2100,Maharashtra,Hybrid
09/02/2007,Onion,23,Satara,FAQ,Phaltan,931,400,815,Maharashtra,Other
23/03/2007,Onion,23,Satara,FAQ,Phaltan,661,300,600,Maharashtra,Other
17/04/2007,Onion,23,Satara,FAQ,Phaltan,513,300,450,Maharashtra,Other
20/04/2007,Onion,23,Satara,FAQ,Phaltan,471,300,400,Maharashtra,Other
22/05/2007,Onion,23,Satara,FAQ,Phaltan,608,300,450,Maharashtra,Other
01/06/2007,Onion,23,Satara,FAQ,Phaltan,590,300,475,Maharashtra,Other
08/06/2007,Onion,23,Satara,FAQ,Phaltan,900,300,825,Maharashtra,Other
12/06/2007,Onion,23,Satara,FAQ,Phaltan,900,550,750,Maharashtra,Other
13/07/2007,Onion,23,Satara,FAQ,Phaltan,925,790,811,Maharashtra,Other
21/09/2007,Onion,23,Satara,FAQ,Phaltan,1650,1000,1200,Maharashtra,Other
26/09/2007,Onion,23,Satara,FAQ,Phaltan,1700,800,1200,Maharashtra,Other
05/10/2007,Onion,23,Satara,FAQ,Phaltan,1560,600,875,Maharashtra,Other
12/10/2007,Onion,23,Satara,FAQ,Phaltan,1200,600,800,Maharashtra,Other
19/10/2007,Onion,23,Satara,FAQ,Phaltan,1400,600,1000,Maharashtra,Other
23/10/2007,Onion,23,Satara,FAQ,Phaltan,1400,700,1050,Maharashtra,Other
18/12/2007,Onion,23,Satara,FAQ,Phaltan,651,250,475,Maharashtra,Other
25/12/2007,Onion,23,Satara,FAQ,Phaltan,601,250,475,Maharashtra,Other
21/09/2021,Onion,23,Satara,FAQ,Phaltan,1700,150,1250,Maharashtra,Hybrid
19/10/2021,Onion,23,Satara,FAQ,Phaltan,3600,500,2400,Maharashtra,Hybrid
26/10/2021,Onion,23,Satara,FAQ,Phaltan,3000,700,2000,Maharashtra,Hybrid
16/11/2021,Onion,23,Satara,FAQ,Phaltan,2500,1000,2000,Maharashtra,Hybrid
30/11/2021,Onion,23,Satara,FAQ,Phaltan,2200,300,1500,Maharashtra,Hybrid
14/12/2021,Onion,23,Satara,FAQ,Phaltan,3500,300,1500,Maharashtra,Hybrid
22/03/2017,Onion,23,Satara,FAQ,Phaltan,600,200,400,Maharashtra,Hybrid
04/04/2017,Onion,23,Satara,FAQ,Phaltan,650,200,475,Maharashtra,Hybrid
18/04/2017,Onion,23,Satara,FAQ,Phaltan,601,200,400,Maharashtra,Hybrid
16/05/2017,Onion,23,Satara,FAQ,Phaltan,500,200,300,Maharashtra,Hybrid
13/06/2017,Onion,23,Satara,FAQ,Phaltan,875,300,500,Maharashtra,Hybrid
11/07/2017,Onion,23,Satara,FAQ,Phaltan,800,300,550,Maharashtra,Hybrid
03/10/2017,Onion,23,Satara,FAQ,Phaltan,2000,500,1250,Maharashtra,Hybrid
07/11/2017,Onion,23,Satara,FAQ,Phaltan,3701,700,2000,Maharashtra,Hybrid
06/02/2024,Onion,23,Satara,FAQ,Phaltan,1800,500,1000,Maharashtra,Hybrid
20/02/2024,Onion,23,Satara,FAQ,Phaltan,2200,500,1200,Maharashtra,Hybrid
21/05/2024,Onion,23,Satara,FAQ,Phaltan,2000,400,1300,Maharashtra,Hybrid
11/01/2022,Onion,23,Satara,FAQ,Phaltan,3536,800,2100,Maharashtra,Hybrid
25/01/2022,Onion,23,Satara,FAQ,Phaltan,3000,800,1900,Maharashtra,Hybrid
05/07/2022,Onion,23,Satara,FAQ,Phaltan,1600,200,950,Maharashtra,Hybrid
02/08/2022,Onion,23,Satara,FAQ,Phaltan,1601,300,900,Maharashtra,Hybrid
09/08/2022,Onion,23,Satara,FAQ,Phaltan,1550,300,1000,Maharashtra,Hybrid
16/08/2022,Onion,23,Satara,FAQ,Phaltan,1600,300,950,Maharashtra,Hybrid
19/05/2015,Onion,23,Satara,FAQ,Phaltan,1875,400,1400,Maharashtra,Hybrid
23/06/2015,Onion,23,Satara,FAQ,Phaltan,2151,500,1600,Maharashtra,Hybrid
15/09/2015,Onion,23,Satara,FAQ,Phaltan,5100,1500,4000,Maharashtra,Hybrid
28/10/2015,Onion,23,Satara,FAQ,Phaltan,3801,1000,2500,Maharashtra,Hybrid
16/12/2015,Onion,23,Satara,FAQ,Phaltan,1600,500,1100,Maharashtra,Hybrid
28/01/2015,Onion,23,Satara,FAQ,Phaltan,1450,400,1000,Maharashtra,Other
11/02/2015,Onion,23,Satara,FAQ,Phaltan,1600,600,1200,Maharashtra,Other
18/02/2015,Onion,23,Satara,FAQ,Phaltan,1675,500,1300,Maharashtra,Other
21/02/2012,Onion,23,Satara,FAQ,Phaltan,400,150,280,Maharashtra,Other
20/03/2012,Onion,23,Satara,FAQ,Phaltan,461,150,275,Maharashtra,Other
22/05/2012,Onion,23,Satara,FAQ,Phaltan,511,100,350,Maharashtra,Other
26/06/2012,Onion,23,Satara,FAQ,Phaltan,700,100,575,Maharashtra,Other
17/07/2012,Onion,23,Satara,FAQ,Phaltan,702,150,575,Maharashtra,Other
04/12/2012,Onion,23,Satara,FAQ,Phaltan,1578,300,900,Maharashtra,Other
18/12/2012,Onion,23,Satara,FAQ,Phaltan,1600,500,900,Maharashtra,Other
06/01/2010,Onion,23,Satara,FAQ,Phaltan,1501,300,800,Maharashtra,Other
23/02/2010,Onion,23,Satara,FAQ,Phaltan,801,200,500,Maharashtra,Other
09/03/2010,Onion,23,Satara,FAQ,Phaltan,751,200,500,Maharashtra,Other
06/04/2010,Onion,23,Satara,FAQ,Phaltan,625,200,400,Maharashtra,Other
06/07/2010,Onion,23,Satara,FAQ,Phaltan,801,200,475,Maharashtra,Other
31/08/2010,Onion,23,Satara,FAQ,Phaltan,1600,200,900,Maharashtra,Other
07/09/2010,Onion,23,Satara,FAQ,Phaltan,1400,200,950,Maharashtra,Other
14/09/2010,Onion,23,Satara,FAQ,Phaltan,1475,500,1050,Maharashtra,Other
21/09/2010,Onion,23,Satara,FAQ,Phaltan,2100,500,1250,Maharashtra,Other
12/10/2010,Onion,23,Satara,FAQ,Phaltan,1700,300,1300,Maharashtra,Other
14/12/2010,Onion,23,Satara,FAQ,Phaltan,4011,500,2200,Maharashtra,Other
15/04/2014,Onion,23,Satara,FAQ,Phaltan,875,200,600,Maharashtra,Other
13/05/2014,Onion,23,Satara,FAQ,Phaltan,1200,300,850,Maharashtra,Other
20/05/2014,Onion,23,Satara,FAQ,Phaltan,1380,325,950,Maharashtra,Other
08/07/2014,Onion,23,Satara,FAQ,Phaltan,2830,1000,2000,Maharashtra,Other
24/12/2014,Onion,23,Satara,FAQ,Phaltan,2501,500,1400,Maharashtra,Other
05/06/2018,Onion,23,Satara,FAQ,Phaltan,920,200,700,Maharashtra,Hybrid
03/07/2018,Onion,23,Satara,FAQ,Phaltan,1600,500,1000,Maharashtra,Hybrid
10/07/2018,Onion,23,Satara,FAQ,Phaltan,1351,300,900,Maharashtra,Hybrid
31/07/2018,Onion,23,Satara,FAQ,Phaltan,1250,200,850,Maharashtra,Hybrid
21/08/2018,Onion,23,Satara,FAQ,Phaltan,1300,200,900,Maharashtra,Hybrid
04/12/2018,Onion,23,Satara,FAQ,Phaltan,951,100,600,Maharashtra,Hybrid
25/12/2018,Onion,23,Satara,FAQ,Phaltan,700,100,400,Maharashtra,Hybrid
10/02/2016,Onion,23,Satara,FAQ,Phaltan,1000,300,700,Maharashtra,Hybrid
05/04/2016,Onion,23,Satara,FAQ,Phaltan,900,300,700,Maharashtra,Hybrid
11/05/2016,Onion,23,Satara,FAQ,Phaltan,717,300,600,Maharashtra,Hybrid
21/06/2016,Onion,23,Satara,FAQ,Phaltan,1300,400,850,Maharashtra,Hybrid
20/07/2016,Onion,23,Satara,FAQ,Phaltan,900,200,700,Maharashtra,Hybrid
26/07/2016,Onion,23,Satara,FAQ,Phaltan,951,200,650,Maharashtra,Hybrid
23/08/2016,Onion,23,Satara,FAQ,Phaltan,831,100,500,Maharashtra,Hybrid
28/09/2016,Onion,23,Satara,FAQ,Phaltan,700,100,400,Maharashtra,Hybrid
22/11/2016,Onion,23,Satara,FAQ,Phaltan,1000,200,700,Maharashtra,Hybrid
20/12/2016,Onion,23,Satara,FAQ,Phaltan,800,200,600,Maharashtra,Hybrid
12/02/2019,Onion,23,Satara,FAQ,Phaltan,650,150,450,Maharashtra,Hybrid
19/02/2019,Onion,23,Satara,FAQ,Phaltan,600,150,400,Maharashtra,Hybrid
30/04/2019,Onion,23,Satara,FAQ,Phaltan,1000,200,600,Maharashtra,Hybrid
27/08/2019,Onion,23,Satara,FAQ,Phaltan,2800,1200,2300,Maharashtra,Hybrid
10/09/2019,Onion,23,Satara,FAQ,Phaltan,2700,1000,1900,Maharashtra,Hybrid
15/10/2019,Onion,23,Satara,FAQ,Phaltan,3500,1000,2800,Maharashtra,Hybrid
05/11/2019,Onion,23,Satara,FAQ,Phaltan,6000,1000,4000,Maharashtra,Hybrid
12/11/2019,Onion,23,Satara,FAQ,Phaltan,7001,1000,3500,Maharashtra,Hybrid
26/11/2019,Onion,23,Satara,FAQ,Phaltan,10151,3000,6000,Maharashtra,Hybrid
04/12/2019,Onion,23,Satara,FAQ,Phaltan,13501,2000,6000,Maharashtra,Hybrid
10/12/2019,Onion,23,Satara,FAQ,Phaltan,14000,2000,5000,Maharashtra,Hybrid
26/05/2020,Onion,23,Satara,FAQ,Phaltan,801,150,500,Maharashtra,Hybrid
30/06/2020,Onion,23,Satara,FAQ,Phaltan,950,200,600,Maharashtra,Hybrid
28/07/2020,Onion,23,Satara,FAQ,Phaltan,901,200,600,Maharashtra,Hybrid
06/02/2009,Onion,23,Satara,FAQ,Phaltan,1350,500,800,Maharashtra,Other
10/02/2009,Onion,23,Satara,FAQ,Phaltan,1200,300,900,Maharashtra,Other
24/02/2009,Onion,23,Satara,FAQ,Phaltan,1175,400,1000,Maharashtra,Other
19/05/2009,Onion,23,Satara,FAQ,Phaltan,621,150,450,Maharashtra,Other
09/06/2009,Onion,23,Satara,FAQ,Phaltan,815,250,650,Maharashtra,Other
18/08/2009,Onion,23,Satara,FAQ,Phaltan,851,200,500,Maharashtra,Other
18/11/2009,Onion,23,Satara,FAQ,Phaltan,2300,500,1500,Maharashtra,Other
30/12/2009,Onion,23,Satara,FAQ,Phaltan,2154,400,1000,Maharashtra,Other
08/03/2011,Onion,23,Satara,FAQ,Phaltan,551,200,350,Maharashtra,Other
22/03/2011,Onion,23,Satara,FAQ,Phaltan,575,200,450,Maharashtra,Other
19/04/2011,Onion,23,Satara,FAQ,Phaltan,600,200,400,Maharashtra,Other
07/06/2011,Onion,23,Satara,FAQ,Phaltan,1000,200,750,Maharashtra,Other
14/06/2011,Onion,23,Satara,FAQ,Phaltan,825,200,450,Maharashtra,Other
21/06/2011,Onion,23,Satara,FAQ,Phaltan,950,200,600,Maharashtra,Other
28/06/2011,Onion,23,Satara,FAQ,Phaltan,1000,200,600,Maharashtra,Other
19/07/2011,Onion,23,Satara,FAQ,Phaltan,1000,200,600,Maharashtra,Other
26/07/2011,Onion,23,Satara,FAQ,Phaltan,951,200,600,Maharashtra,Other
08/11/2011,Onion,23,Satara,FAQ,Phaltan,1171,500,950,Maharashtra,Other
15/11/2011,Onion,23,Satara,FAQ,Phaltan,1100,500,850,Maharashtra,Other
06/12/2011,Onion,23,Satara,FAQ,Phaltan,875,550,625,Maharashtra,Other
22/01/2013,Onion,23,Satara,FAQ,Phaltan,2001,600,1350,Maharashtra,Other
05/03/2013,Onion,23,Satara,FAQ,Phaltan,965,400,800,Maharashtra,Other
07/05/2013,Onion,23,Satara,FAQ,Phaltan,1350,600,800,Maharashtra,Other
14/05/2013,Onion,23,Satara,FAQ,Phaltan,1150,500,850,Maharashtra,Other
25/06/2013,Onion,23,Satara,FAQ,Phaltan,2001,1150,1500,Maharashtra,Other
20/08/2013,Onion,23,Satara,FAQ,Phaltan,4072,1401,3300,Maharashtra,Other
19/11/2013,Onion,23,Satara,FAQ,Phaltan,3701,1800,2800,Maharashtra,Other
09/04/2013,Onion,23,Satara,FAQ,Phaltan,1100,350,750,Maharashtra,Red
28/01/2005,Onion,23,Satara,FAQ,Phaltan,351,100,200,Maharashtra,Other
25/02/2005,Onion,23,Satara,FAQ,Phaltan,283,100,250,Maharashtra,Other
22/04/2005,Onion,23,Satara,FAQ,Phaltan,261,100,180,Maharashtra,Other
29/04/2005,Onion,23,Satara,FAQ,Phaltan,271,100,220,Maharashtra,Other
17/05/2005,Onion,23,Satara,FAQ,Phaltan,300,100,225,Maharashtra,Other
03/06/2005,Onion,23,Satara,FAQ,Phaltan,290,100,230,Maharashtra,Other
14/06/2005,Onion,23,Satara,FAQ,Phaltan,481,100,310,Maharashtra,Other
17/06/2005,Onion,23,Satara,FAQ,Phaltan,435,100,350,Maharashtra,Other
26/07/2005,Onion,23,Satara,FAQ,Phaltan,475,100,375,Maharashtra,Other
08/11/2005,Onion,23,Satara,FAQ,Phaltan,1800,400,1100,Maharashtra,Other
29/11/2005,Onion,23,Satara,FAQ,Phaltan,1050,350,650,Maharashtra,Other
09/12/2005,Onion,23,Satara,FAQ,Phaltan,751,300,650,Maharashtra,Other
05/08/2008,Onion,23,Satara,FAQ,Phaltan,900,300,750,Maharashtra,Other
07/11/2008,Onion,23,Satara,FAQ,Phaltan,890,200,500,Maharashtra,Other
18/11/2008,Onion,23,Satara,FAQ,Phaltan,1200,400,900,Maharashtra,Other
21/11/2008,Onion,23,Satara,FAQ,Phaltan,1080,200,639,Maharashtra,Other
25/11/2008,Onion,23,Satara,FAQ,Phaltan,1400,500,1000,Maharashtra,Other
19/12/2008,Onion,23,Satara,FAQ,Phaltan,900,450,775,Maharashtra,Other
24/12/2008,Onion,23,Satara,FAQ,Phaltan,1325,500,1000,Maharashtra,Other
26/12/2008,Onion,23,Satara,FAQ,Phaltan,1351,450,900,Maharashtra,Other
05/11/2024,Onion,23,Satara,FAQ,Phaltan,6000,1000,3250,Maharashtra,Hybrid
24/12/2024,Onion,23,Satara,FAQ,Phaltan,4700,700,2250,Maharashtra,Hybrid
11/11/2025,Onion,23,Satara,Local,Phaltan APMC,1550,200,1000,Maharashtra,Hybrid
18/11/2025,Onion,23,Satara,Local,Phaltan APMC,1325,200,800,Maharashtra,Hybrid
14/04/2026,Onion,23,Satara,Local,Phaltan APMC,1050,300,700,Maharashtra,Hybrid
14/07/2026,Onion,23,Satara,Local,Phaltan APMC,3000,600,1800,Maharashtra,Hybrid
18/08/2026,Onion,23,Satara,Local,Phaltan APMC,4501,1000,2000,Maharashtra,Hybrid
23/12/2025,Onion,23,Satara,Local,Phaltan APMC,2111,200,1000,Maharashtra,Hybrid
09/12/2025,Onion,23,Satara,Local,Phaltan APMC,1525,200,1000,Maharashtra,Hybrid
17/03/2026,Onion,23,Satara,Local,Phaltan APMC,1351,300,800,Maharashtra,Hybrid
12/05/2026,Onion,23,Satara,Local,Phaltan APMC,1200,200,700,Maharashtra,Hybrid
26/05/2026,Onion,23,Satara,Local,Phaltan APMC,1400,300,1000,Maharashtra,Hybrid
16/06/2026,Onion,23,Satara,Local,Phaltan APMC,2001,300,1100,Maharashtra,Hybrid
03/02/2026,Onion,23,Satara,Local,Phaltan APMC,1412,300,1000,Maharashtra,Hybrid
10/02/2026,Onion,23,Satara,Local,Phaltan APMC,1500,400,1000,Maharashtra,Hybrid
24/02/2026,Onion,23,Satara,Local,Phaltan APMC,1150,300,900,Maharashtra,Hybrid
24/03/2026,Onion,23,Satara,Local,Phaltan APMC,1200,350,900,Maharashtra,Hybrid
16/12/2025,Onion,23,Satara,Local,Phaltan APMC,3151,500,2000,Maharashtra,Hybrid
19/05/2026,Onion,23,Satara,Local,Phaltan APMC,1251,200,800,Maharashtra,Hybrid
07/07/2026,Onion,23,Satara,Local,Phaltan APMC,3100,800,2000,Maharashtra,Hybrid
03/03/2026,Onion,23,Satara,Local,Phaltan APMC,1501,300,800,Maharashtra,Hybrid
10/03/2026,Onion,23,Satara,Local,Phaltan APMC,1400,350,900,Maharashtra,Hybrid
05/05/2026,Onion,23,Satara,Local,Phaltan APMC,1500,300,900,Maharashtra,Hybrid
30/06/2026,Onion,23,Satara,Local,Phaltan APMC,3000,500,1800,Maharashtra,Other
21/07/2026,Onion,23,Satara,Local,Phaltan APMC,2746,700,1600,Maharashtra,Hybrid
11/08/2026,Onion,23,Satara,Local,Phaltan APMC,2600,600,1800,Maharashtra,Hybrid
02/06/2026,Onion,23,Satara,Local,Phaltan APMC,2000,400,1200,Maharashtra,Hybrid
09/06/2026,Onion,23,Satara,Local,Phaltan APMC,1581,300,1200,Maharashtra,Hybrid
15/02/2015,Onion,23,Satara,FAQ,Satara,1700,1000,1350,Maharashtra,Other
12/03/2015,Onion,23,Satara,FAQ,Satara,1700,1300,1500,Maharashtra,Other
22/03/2015,Onion,23,Satara,FAQ,Satara,1400,1000,1200,Maharashtra,Other
02/04/2015,Onion,23,Satara,FAQ,Satara,1500,1000,1250,Maharashtra,Other
11/06/2015,Onion,23,Satara,FAQ,Satara,2500,2000,2250,Maharashtra,Other
14/06/2015,Onion,23,Satara,FAQ,Satara,2400,2000,2200,Maharashtra,Other
16/07/2015,Onion,23,Satara,FAQ,Satara,2200,1800,2000,Maharashtra,Other
23/07/2015,Onion,23,Satara,FAQ,Satara,3100,2800,2950,Maharashtra,Other
30/07/2015,Onion,23,Satara,FAQ,Satara,4000,3400,3700,Maharashtra,Other
23/08/2015,Onion,23,Satara,FAQ,Satara,6500,4000,5250,Maharashtra,Other
19/11/2015,Onion,23,Satara,FAQ,Satara,2700,2500,2650,Maharashtra,Other
26/11/2015,Onion,23,Satara,FAQ,Satara,2700,1000,1850,Maharashtra,Other
03/12/2015,Onion,23,Satara,FAQ,Satara,2000,500,1250,Maharashtra,Other
03/01/2016,Onion,23,Satara,FAQ,Satara,2200,1200,1800,Maharashtra,Other
07/01/2016,Onion,23,Satara,FAQ,Satara,2000,1000,1500,Maharashtra,Other
17/01/2016,Onion,23,Satara,FAQ,Satara,1900,900,1400,Maharashtra,Other
24/01/2016,Onion,23,Satara,FAQ,Satara,1800,900,1350,Maharashtra,Other
07/02/2016,Onion,23,Satara,FAQ,Satara,1100,700,900,Maharashtra,Other
17/03/2016,Onion,23,Satara,FAQ,Satara,900,400,650,Maharashtra,Other
20/03/2016,Onion,23,Satara,FAQ,Satara,900,400,650,Maharashtra,Other
27/03/2016,Onion,23,Satara,FAQ,Satara,800,300,550,Maharashtra,Other
31/03/2016,Onion,23,Satara,FAQ,Satara,900,300,600,Maharashtra,Other
07/04/2016,Onion,23,Satara,FAQ,Satara,800,300,550,Maharashtra,Other
08/05/2016,Onion,23,Satara,FAQ,Satara,800,500,650,Maharashtra,Other
26/06/2016,Onion,23,Satara,FAQ,Satara,1000,400,700,Maharashtra,Other
14/08/2016,Onion,23,Satara,FAQ,Satara,800,300,550,Maharashtra,Other
21/08/2016,Onion,23,Satara,FAQ,Satara,850,400,600,Maharashtra,Other
28/08/2016,Onion,23,Satara,FAQ,Satara,750,300,500,Maharashtra,Other
08/09/2016,Onion,23,Satara,FAQ,Satara,800,300,550,Maharashtra,Other
25/09/2016,Onion,23,Satara,FAQ,Satara,800,300,550,Maharashtra,Other
29/09/2016,Onion,23,Satara,FAQ,Satara,700,300,500,Maharashtra,Other
09/10/2016,Onion,23,Satara,FAQ,Satara,700,300,500,Maharashtra,Other
13/10/2016,Onion,23,Satara,FAQ,Satara,900,300,600,Maharashtra,Other
23/10/2016,Onion,23,Satara,FAQ,Satara,900,600,750,Maharashtra,Other
03/11/2016,Onion,23,Satara,FAQ,Satara,1000,300,650,Maharashtra,Other
06/11/2016,Onion,23,Satara,FAQ,Satara,1200,300,750,Maharashtra,Other
20/11/2016,Onion,23,Satara,FAQ,Satara,1200,300,750,Maharashtra,Other
11/12/2016,Onion,23,Satara,FAQ,Satara,1100,300,700,Maharashtra,Other
18/12/2016,Onion,23,Satara,FAQ,Satara,900,400,650,Maharashtra,Other
12/01/2017,Onion,23,Satara,FAQ,Satara,1000,400,700,Maharashtra,Other
15/01/2017,Onion,23,Satara,FAQ,Satara,1000,400,700,Maharashtra,Other
19/01/2017,Onion,23,Satara,FAQ,Satara,900,400,650,Maharashtra,Other
25/01/2017,Onion,23,Satara,FAQ,Satara,900,400,650,Maharashtra,Other
02/02/2017,Onion,23,Satara,FAQ,Satara,900,500,700,Maharashtra,Other
22/02/2017,Onion,23,Satara,FAQ,Satara,900,500,700,Maharashtra,Other
02/03/2017,Onion,23,Satara,FAQ,Satara,800,400,600,Maharashtra,Other
19/03/2017,Onion,23,Satara,FAQ,Satara,700,300,500,Maharashtra,Other
09/04/2017,Onion,23,Satara,FAQ,Satara,700,300,500,Maharashtra,Other
27/04/2017,Onion,23,Satara,FAQ,Satara,700,300,500,Maharashtra,Other
28/05/2017,Onion,23,Satara,FAQ,Satara,700,400,550,Maharashtra,Other
01/06/2017,Onion,23,Satara,FAQ,Satara,800,400,600,Maharashtra,Other
06/06/2017,Onion,23,Satara,FAQ,Satara,1100,500,800,Maharashtra,Other
08/06/2017,Onion,23,Satara,FAQ,Satara,950,400,675,Maharashtra,Other
08/07/2017,Onion,23,Satara,FAQ,Satara,900,600,750,Maharashtra,Other
23/07/2017,Onion,23,Satara,FAQ,Satara,900,500,700,Maharashtra,Other
27/08/2017,Onion,23,Satara,FAQ,Satara,2200,1000,1600,Maharashtra,Other
03/09/2017,Onion,23,Satara,FAQ,Satara,2200,1600,1900,Maharashtra,Other
01/10/2017,Onion,23,Satara,FAQ,Satara,1800,1000,1400,Maharashtra,Other
05/11/2017,Onion,23,Satara,FAQ,Satara,3800,1000,2400,Maharashtra,Other
09/11/2017,Onion,23,Satara,FAQ,Satara,3600,1000,2300,Maharashtra,Other
30/11/2017,Onion,23,Satara,FAQ,Satara,4800,3000,3900,Maharashtra,Other
19/02/2006,Onion,23,Satara,FAQ,Satara,400,200,300,Maharashtra,Other
13/07/2006,Onion,23,Satara,FAQ,Satara,400,200,300,Maharashtra,Other
16/07/2006,Onion,23,Satara,FAQ,Satara,350,250,300,Maharashtra,Other
17/09/2006,Onion,23,Satara,FAQ,Satara,450,300,350,Maharashtra,Other
05/11/2006,Onion,23,Satara,FAQ,Satara,600,300,450,Maharashtra,Other
12/11/2006,Onion,23,Satara,FAQ,Satara,600,200,400,Maharashtra,Other
17/12/2006,Onion,23,Satara,FAQ,Satara,900,300,600,Maharashtra,Other
02/07/2024,Onion,23,Satara,FAQ,Satara,3000,2500,2750,Maharashtra,Other
07/07/2024,Onion,23,Satara,FAQ,Satara,3000,2500,2750,Maharashtra,Other
14/07/2024,Onion,23,Satara,FAQ,Satara,3200,2500,2800,Maharashtra,Other
04/08/2024,Onion,23,Satara,FAQ,Satara,3000,2000,2500,Maharashtra,Other
06/08/2024,Onion,23,Satara,FAQ,Satara,3000,2500,2750,Maharashtra,Other
14/08/2024,Onion,23,Satara,FAQ,Satara,3200,1000,2100,Maharashtra,Other
17/08/2024,Onion,23,Satara,FAQ,Satara,3200,2000,2600,Maharashtra,Other
18/08/2024,Onion,23,Satara,FAQ,Satara,3200,1500,2350,Maharashtra,Other
07/01/2010,Onion,23,Satara,FAQ,Satara,1600,500,1000,Maharashtra,Other
21/01/2010,Onion,23,Satara,FAQ,Satara,1500,500,1000,Maharashtra,Other
28/01/2010,Onion,23,Satara,FAQ,Satara,1500,500,1000,Maharashtra,Other
21/02/2010,Onion,23,Satara,FAQ,Satara,1000,500,750,Maharashtra,Other
28/02/2010,Onion,23,Satara,FAQ,Satara,700,500,600,Maharashtra,Other
04/03/2010,Onion,23,Satara,FAQ,Satara,750,500,600,Maharashtra,Other
11/03/2010,Onion,23,Satara,FAQ,Satara,800,600,700,Maharashtra,Other
01/04/2010,Onion,23,Satara,FAQ,Satara,750,400,600,Maharashtra,Other
29/04/2010,Onion,23,Satara,FAQ,Satara,600,400,500,Maharashtra,Other
20/05/2010,Onion,23,Satara,FAQ,Satara,700,400,550,Maharashtra,Other
23/05/2010,Onion,23,Satara,FAQ,Satara,700,400,550,Maharashtra,Other
27/05/2010,Onion,23,Satara,FAQ,Satara,800,400,600,Maharashtra,Other
11/07/2010,Onion,23,Satara,FAQ,Satara,850,500,675,Maharashtra,Other
27/07/2010,Onion,23,Satara,FAQ,Satara,800,400,600,Maharashtra,Other
08/08/2010,Onion,23,Satara,FAQ,Satara,850,400,625,Maharashtra,Other
19/08/2010,Onion,23,Satara,FAQ,Satara,1100,400,750,Maharashtra,Other
09/09/2010,Onion,23,Satara,FAQ,Satara,1350,700,1000,Maharashtra,Other
30/09/2010,Onion,23,Satara,FAQ,Satara,1800,500,1150,Maharashtra,Other
06/10/2010,Onion,23,Satara,FAQ,Satara,2000,500,1250,Maharashtra,Other
14/10/2010,Onion,23,Satara,FAQ,Satara,1900,500,1200,Maharashtra,Other
11/01/2011,Onion,23,Satara,FAQ,Satara,4000,1000,2500,Maharashtra,Other
25/01/2011,Onion,23,Satara,FAQ,Satara,1800,800,1300,Maharashtra,Other
31/01/2011,Onion,23,Satara,FAQ,Satara,2100,1000,1550,Maharashtra,Other
05/02/2011,Onion,23,Satara,FAQ,Satara,1100,500,800,Maharashtra,Other
03/04/2011,Onion,23,Satara,FAQ,Satara,750,300,525,Maharashtra,Other
10/04/2011,Onion,23,Satara,FAQ,Satara,750,250,500,Maharashtra,Other
14/04/2011,Onion,23,Satara,FAQ,Satara,700,300,500,Maharashtra,Other
05/05/2011,Onion,23,Satara,FAQ,Satara,700,300,500,Maharashtra,Other
12/05/2011,Onion,23,Satara,FAQ,Satara,700,300,500,Maharashtra,Other
19/05/2011,Onion,23,Satara,FAQ,Satara,700,300,500,Maharashtra,Other
19/06/2011,Onion,23,Satara,FAQ,Satara,1000,400,700,Maharashtra,Other
04/09/2011,Onion,23,Satara,FAQ,Satara,1500,800,1150,Maharashtra,Other
14/10/2011,Onion,23,Satara,FAQ,Satara,1200,800,1000,Maharashtra,Other
01/01/2012,Onion,23,Satara,FAQ,Satara,600,300,450,Maharashtra,Other
05/01/2012,Onion,23,Satara,FAQ,Satara,600,300,450,Maharashtra,Other
02/02/2012,Onion,23,Satara,FAQ,Satara,600,200,400,Maharashtra,Other
09/02/2012,Onion,23,Satara,FAQ,Satara,800,300,550,Maharashtra,Other
16/02/2012,Onion,23,Satara,FAQ,Satara,500,200,350,Maharashtra,Other
01/03/2012,Onion,23,Satara,FAQ,Satara,500,200,350,Maharashtra,Other
04/03/2012,Onion,23,Satara,FAQ,Satara,500,200,350,Maharashtra,Other
15/03/2012,Onion,23,Satara,FAQ,Satara,500,200,350,Maharashtra,Other
25/03/2012,Onion,23,Satara,FAQ,Satara,600,200,400,Maharashtra,Other
03/05/2012,Onion,23,Satara,FAQ,Satara,500,200,350,Maharashtra,Other
08/05/2012,Onion,23,Satara,FAQ,Satara,500,200,350,Maharashtra,Other
27/05/2012,Onion,23,Satara,FAQ,Satara,600,200,400,Maharashtra,Other
05/07/2012,Onion,23,Satara,FAQ,Satara,700,500,600,Maharashtra,Other
29/07/2012,Onion,23,Satara,FAQ,Satara,800,400,600,Maharashtra,Other
19/08/2012,Onion,23,Satara,FAQ,Satara,900,400,650,Maharashtra,Other
02/09/2012,Onion,23,Satara,FAQ,Satara,900,400,650,Maharashtra,Other
13/09/2012,Onion,23,Satara,FAQ,Satara,800,400,600,Maharashtra,Other
14/10/2012,Onion,23,Satara,FAQ,Satara,900,500,700,Maharashtra,Other
01/11/2012,Onion,23,Satara,FAQ,Satara,1300,500,900,Maharashtra,Other
11/11/2012,Onion,23,Satara,FAQ,Satara,1200,500,850,Maharashtra,Other
06/12/2012,Onion,23,Satara,FAQ,Satara,1600,500,1050,Maharashtra,Other
13/12/2012,Onion,23,Satara,FAQ,Satara,1600,800,1200,Maharashtra,Other
20/12/2012,Onion,23,Satara,FAQ,Satara,1800,800,1300,Maharashtra,Other
30/12/2012,Onion,23,Satara,FAQ,Satara,1600,700,1150,Maharashtra,Other
20/01/2009,Onion,23,Satara,FAQ,Satara,1700,700,1200,Maharashtra,Other
05/02/2009,Onion,23,Satara,FAQ,Satara,1500,500,1000,Maharashtra,Other
12/02/2009,Onion,23,Satara,FAQ,Satara,1300,800,1050,Maharashtra,Other
24/02/2009,Onion,23,Satara,FAQ,Satara,1200,400,800,Maharashtra,Other
03/03/2009,Onion,23,Satara,FAQ,Satara,900,500,700,Maharashtra,Other
19/03/2009,Onion,23,Satara,FAQ,Satara,900,300,600,Maharashtra,Other
22/03/2009,Onion,23,Satara,FAQ,Satara,800,600,700,Maharashtra,Other
24/03/2009,Onion,23,Satara,FAQ,Satara,900,600,750,Maharashtra,Other
02/04/2009,Onion,23,Satara,FAQ,Satara,650,500,600,Maharashtra,Other
08/04/2009,Onion,23,Satara,FAQ,Satara,650,400,550,Maharashtra,Other
22/04/2009,Onion,23,Satara,FAQ,Satara,600,400,500,Maharashtra,Other
25/05/2009,Onion,23,Satara,FAQ,Satara,700,500,600,Maharashtra,Other
03/06/2009,Onion,23,Satara,FAQ,Satara,700,500,600,Maharashtra,Other
15/06/2009,Onion,23,Satara,FAQ,Satara,850,600,700,Maharashtra,Other
12/07/2009,Onion,23,Satara,FAQ,Satara,800,600,700,Maharashtra,Other
13/08/2009,Onion,23,Satara,FAQ,Satara,800,600,700,Maharashtra,Other
16/08/2009,Onion,23,Satara,FAQ,Satara,750,500,650,Maharashtra,Other
23/08/2009,Onion,23,Satara,FAQ,Satara,800,600,700,Maharashtra,Other
30/08/2009,Onion,23,Satara,FAQ,Satara,800,600,700,Maharashtra,Other
26/09/2009,Onion,23,Satara,FAQ,Satara,900,400,600,Maharashtra,Other
25/10/2009,Onion,23,Satara,FAQ,Satara,1500,500,1000,Maharashtra,Other
03/11/2009,Onion,23,Satara,FAQ,Satara,1600,500,1000,Maharashtra,Other
04/11/2009,Onion,23,Satara,FAQ,Satara,1600,1400,1500,Maharashtra,Other
19/11/2009,Onion,23,Satara,FAQ,Satara,2400,500,1500,Maharashtra,Other
12/12/2009,Onion,23,Satara,FAQ,Satara,3300,2000,2600,Maharashtra,Other
24/12/2009,Onion,23,Satara,FAQ,Satara,1800,500,1200,Maharashtra,Other
28/12/2009,Onion,23,Satara,FAQ,Satara,2500,1500,2000,Maharashtra,Other
03/01/2008,Onion,23,Satara,FAQ,Satara,550,200,350,Maharashtra,Other
06/01/2008,Onion,23,Satara,FAQ,Satara,400,200,300,Maharashtra,Other
10/02/2008,Onion,23,Satara,FAQ,Satara,350,200,250,Maharashtra,Other
02/03/2008,Onion,23,Satara,FAQ,Satara,350,200,225,Maharashtra,Other
17/04/2008,Onion,23,Satara,FAQ,Satara,300,200,250,Maharashtra,Other
29/04/2008,Onion,23,Satara,FAQ,Satara,400,200,300,Maharashtra,Other
30/04/2008,Onion,23,Satara,FAQ,Satara,400,200,300,Maharashtra,Other
08/05/2008,Onion,23,Satara,FAQ,Satara,350,150,250,Maharashtra,Other
11/05/2008,Onion,23,Satara,FAQ,Satara,350,200,275,Maharashtra,Other
01/06/2008,Onion,23,Satara,FAQ,Satara,450,200,325,Maharashtra,Other
05/06/2008,Onion,23,Satara,FAQ,Satara,500,200,350,Maharashtra,Other
15/06/2008,Onion,23,Satara,FAQ,Satara,600,300,450,Maharashtra,Other
22/06/2008,Onion,23,Satara,FAQ,Satara,600,300,450,Maharashtra,Other
26/07/2008,Onion,23,Satara,FAQ,Satara,1000,700,850,Maharashtra,Other
31/07/2008,Onion,23,Satara,FAQ,Satara,800,600,700,Maharashtra,Other
04/08/2008,Onion,23,Satara,FAQ,Satara,1000,600,800,Maharashtra,Other
21/08/2008,Onion,23,Satara,FAQ,Satara,800,300,550,Maharashtra,Other
24/08/2008,Onion,23,Satara,FAQ,Satara,800,500,650,Maharashtra,Other
04/09/2008,Onion,23,Satara,FAQ,Satara,800,400,600,Maharashtra,Other
16/09/2008,Onion,23,Satara,FAQ,Satara,800,600,700,Maharashtra,Other
25/09/2008,Onion,23,Satara,FAQ,Satara,750,600,700,Maharashtra,Other
09/10/2008,Onion,23,Satara,FAQ,Satara,800,300,550,Maharashtra,Other
12/10/2008,Onion,23,Satara,FAQ,Satara,800,250,550,Maharashtra,Other
19/10/2008,Onion,23,Satara,FAQ,Satara,850,300,600,Maharashtra,Other
16/11/2008,Onion,23,Satara,FAQ,Satara,1100,500,800,Maharashtra,Other
14/12/2008,Onion,23,Satara,FAQ,Satara,1200,500,850,Maharashtra,Other
28/12/2008,Onion,23,Satara,FAQ,Satara,1700,700,1200,Maharashtra,Other
09/06/2024,Onion,23,Satara,FAQ,Satara,3200,2500,2800,Maharashtra,Other
12/06/2024,Onion,23,Satara,FAQ,Satara,3200,2000,2600,Maharashtra,Other
15/06/2024,Onion,23,Satara,FAQ,Satara,3200,2000,2600,Maharashtra,Other
25/06/2024,Onion,23,Satara,FAQ,Satara,3000,2500,2750,Maharashtra,Other
16/09/2004,Onion,23,Satara,FAQ,Satara,450,200,320,Maharashtra,Other
26/09/2004,Onion,23,Satara,FAQ,Satara,500,300,400,Maharashtra,Other
10/10/2004,Onion,23,Satara,FAQ,Satara,450,200,325,Maharashtra,Other
13/12/2004,Onion,23,Satara,FAQ,Satara,500,300,400,Maharashtra,Other
03/02/2013,Onion,23,Satara,FAQ,Satara,2000,1500,1700,Maharashtra,Other
14/03/2013,Onion,23,Satara,FAQ,Satara,1200,600,900,Maharashtra,Other
31/03/2013,Onion,23,Satara,FAQ,Satara,1400,600,1000,Maharashtra,Other
21/04/2013,Onion,23,Satara,FAQ,Satara,1200,600,900,Maharashtra,Other
26/05/2013,Onion,23,Satara,FAQ,Satara,1300,700,1000,Maharashtra,Other
20/06/2013,Onion,23,Satara,FAQ,Satara,1800,1200,1500,Maharashtra,Other
04/07/2013,Onion,23,Satara,FAQ,Satara,2100,1800,1950,Maharashtra,Other
14/07/2013,Onion,23,Satara,FAQ,Satara,2400,1400,1900,Maharashtra,Other
18/07/2013,Onion,23,Satara,FAQ,Satara,2800,2000,2400,Maharashtra,Other
15/09/2013,Onion,23,Satara,FAQ,Satara,5700,3500,4600,Maharashtra,Other
02/10/2013,Onion,23,Satara,FAQ,Satara,3500,3000,3250,Maharashtra,Other
03/10/2013,Onion,23,Satara,FAQ,Satara,5500,3000,4250,Maharashtra,Other
13/10/2013,Onion,23,Satara,FAQ,Satara,5500,3000,4250,Maharashtra,Other
24/10/2013,Onion,23,Satara,FAQ,Satara,5000,3000,4000,Maharashtra,Other
10/11/2013,Onion,23,Satara,FAQ,Satara,5000,3000,4000,Maharashtra,Other
22/11/2013,Onion,23,Satara,FAQ,Satara,3500,1500,2500,Maharashtra,Other
28/11/2013,Onion,23,Satara,FAQ,Satara,2500,2000,2250,Maharashtra,Other
19/12/2013,Onion,23,Satara,FAQ,Satara,1300,700,1000,Maharashtra,Other
22/12/2013,Onion,23,Satara,FAQ,Satara,1600,800,1200,Maharashtra,Other
26/12/2013,Onion,23,Satara,FAQ,Satara,1200,800,1000,Maharashtra,Other
29/12/2013,Onion,23,Satara,FAQ,Satara,1600,1200,1400,Maharashtra,Other
13/02/2014,Onion,23,Satara,FAQ,Satara,700,500,600,Maharashtra,Other
16/03/2014,Onion,23,Satara,FAQ,Satara,1000,700,850,Maharashtra,Other
20/03/2014,Onion,23,Satara,FAQ,Satara,900,700,800,Maharashtra,Other
30/03/2014,Onion,23,Satara,FAQ,Satara,1000,800,900,Maharashtra,Other
10/04/2014,Onion,23,Satara,FAQ,Satara,900,700,800,Maharashtra,Other
13/04/2014,Onion,23,Satara,FAQ,Satara,900,600,750,Maharashtra,Other
20/04/2014,Onion,23,Satara,FAQ,Satara,1000,800,900,Maharashtra,Other
15/05/2014,Onion,23,Satara,FAQ,Satara,1100,800,950,Maharashtra,Other
22/05/2014,Onion,23,Satara,FAQ,Satara,1300,1000,1150,Maharashtra,Other
29/05/2014,Onion,23,Satara,FAQ,Satara,1500,700,1100,Maharashtra,Other
19/06/2014,Onion,23,Satara,FAQ,Satara,2000,1600,1800,Maharashtra,Other
03/07/2014,Onion,23,Satara,FAQ,Satara,2800,2500,2650,Maharashtra,Other
10/08/2014,Onion,23,Satara,FAQ,Satara,2000,1500,1750,Maharashtra,Other
17/08/2014,Onion,23,Satara,FAQ,Satara,1800,1500,1650,Maharashtra,Other
31/08/2014,Onion,23,Satara,FAQ,Satara,2000,1800,1900,Maharashtra,Other
16/10/2014,Onion,23,Satara,FAQ,Satara,2200,1700,2050,Maharashtra,Other
18/10/2014,Onion,23,Satara,FAQ,Satara,2200,1000,1600,Maharashtra,Other
26/10/2014,Onion,23,Satara,FAQ,Satara,2000,1600,1800,Maharashtra,Other
30/10/2014,Onion,23,Satara,FAQ,Satara,2500,2000,2250,Maharashtra,Other
02/11/2014,Onion,23,Satara,FAQ,Satara,2200,1000,1600,Maharashtra,Other
09/11/2014,Onion,23,Satara,FAQ,Satara,2000,1000,1500,Maharashtra,Other
13/11/2014,Onion,23,Satara,FAQ,Satara,1700,1200,1400,Maharashtra,Other
12/01/2005,Onion,23,Satara,FAQ,Satara,550,200,375,Maharashtra,Other
16/01/2005,Onion,23,Satara,FAQ,Satara,550,200,375,Maharashtra,Other
17/01/2005,Onion,23,Satara,FAQ,Satara,550,200,375,Maharashtra,Other
23/01/2005,Onion,23,Satara,FAQ,Satara,500,300,400,Maharashtra,Other
02/02/2005,Onion,23,Satara,FAQ,Satara,500,300,400,Maharashtra,Other
13/02/2005,Onion,23,Satara,FAQ,Satara,450,200,325,Maharashtra,Other
27/02/2005,Onion,23,Satara,FAQ,Satara,350,200,275,Maharashtra,Other
03/03/2005,Onion,23,Satara,FAQ,Satara,350,200,225,Maharashtra,Other
10/03/2005,Onion,23,Satara,FAQ,Satara,350,200,275,Maharashtra,Other
03/04/2005,Onion,23,Satara,FAQ,Satara,400,200,300,Maharashtra,Other
04/04/2005,Onion,23,Satara,FAQ,Satara,400,200,300,Maharashtra,Other
05/04/2005,Onion,23,Satara,FAQ,Satara,400,200,300,Maharashtra,Other
07/04/2005,Onion,23,Satara,FAQ,Satara,400,200,300,Maharashtra,Other
27/04/2005,Onion,23,Satara,FAQ,Satara,300,150,250,Maharashtra,Other
03/05/2005,Onion,23,Satara,FAQ,Satara,300,150,225,Maharashtra,Other
04/05/2005,Onion,23,Satara,FAQ,Satara,300,150,200,Maharashtra,Other
07/05/2005,Onion,23,Satara,FAQ,Satara,350,200,250,Maharashtra,Other
08/05/2005,Onion,23,Satara,FAQ,Satara,350,200,300,Maharashtra,Other
14/05/2005,Onion,23,Satara,FAQ,Satara,350,200,250,Maharashtra,Other
07/06/2005,Onion,23,Satara,FAQ,Satara,400,200,300,Maharashtra,Other
21/06/2005,Onion,23,Satara,FAQ,Satara,500,300,400,Maharashtra,Other
04/07/2005,Onion,23,Satara,FAQ,Satara,450,300,350,Maharashtra,Other
10/07/2005,Onion,23,Satara,FAQ,Satara,500,300,400,Maharashtra,Other
21/07/2005,Onion,23,Satara,FAQ,Satara,550,300,400,Maharashtra,Other
24/07/2005,Onion,23,Satara,FAQ,Satara,570,300,400,Maharashtra,Other
28/07/2005,Onion,23,Satara,FAQ,Satara,550,300,400,Maharashtra,Other
01/08/2005,Onion,23,Satara,FAQ,Satara,600,400,500,Maharashtra,Other
07/08/2005,Onion,23,Satara,FAQ,Satara,700,400,500,Maharashtra,Other
18/08/2005,Onion,23,Satara,FAQ,Satara,900,500,750,Maharashtra,Other
21/08/2005,Onion,23,Satara,FAQ,Satara,900,700,800,Maharashtra,Other
25/08/2005,Onion,23,Satara,FAQ,Satara,800,600,700,Maharashtra,Other
08/09/2005,Onion,23,Satara,FAQ,Satara,1100,700,950,Maharashtra,Other
02/10/2005,Onion,23,Satara,FAQ,Satara,1300,300,900,Maharashtra,Other
05/10/2005,Onion,23,Satara,FAQ,Satara,1300,1000,1150,Maharashtra,Other
13/10/2005,Onion,23,Satara,FAQ,Satara,1400,400,900,Maharashtra,Other
23/10/2005,Onion,23,Satara,FAQ,Satara,2000,1500,1700,Maharashtra,Other
06/11/2005,Onion,23,Satara,FAQ,Satara,1600,1000,1300,Maharashtra,Other
10/11/2005,Onion,23,Satara,FAQ,Satara,1500,500,1000,Maharashtra,Other
19/11/2005,Onion,23,Satara,FAQ,Satara,1400,400,900,Maharashtra,Red
11/12/2005,Onion,23,Satara,FAQ,Satara,900,400,700,Maharashtra,Red
15/12/2005,Onion,23,Satara,FAQ,Satara,800,300,550,Maharashtra,Red
18/12/2005,Onion,23,Satara,FAQ,Satara,600,400,500,Maharashtra,Red
07/01/2007,Onion,23,Satara,FAQ,Satara,1200,800,1000,Maharashtra,Other
25/02/2007,Onion,23,Satara,FAQ,Satara,1100,300,700,Maharashtra,Other
07/03/2007,Onion,23,Satara,FAQ,Satara,800,300,600,Maharashtra,Other
15/03/2007,Onion,23,Satara,FAQ,Satara,900,300,600,Maharashtra,Other
22/03/2007,Onion,23,Satara,FAQ,Satara,700,400,550,Maharashtra,Other
06/05/2007,Onion,23,Satara,FAQ,Satara,750,300,500,Maharashtra,Other
20/05/2007,Onion,23,Satara,FAQ,Satara,700,400,550,Maharashtra,Other
27/05/2007,Onion,23,Satara,FAQ,Satara,700,300,500,Maharashtra,Other
06/06/2007,Onion,23,Satara,FAQ,Satara,800,500,650,Maharashtra,Other
08/07/2007,Onion,23,Satara,FAQ,Satara,1100,900,1000,Maharashtra,Other
15/07/2007,Onion,23,Satara,FAQ,Satara,1100,900,1000,Maharashtra,Other
22/07/2007,Onion,23,Satara,FAQ,Satara,1050,900,1000,Maharashtra,Other
09/08/2007,Onion,23,Satara,FAQ,Satara,1200,1000,1100,Maharashtra,Other
02/09/2007,Onion,23,Satara,FAQ,Satara,1400,1000,1200,Maharashtra,Other
16/09/2007,Onion,23,Satara,FAQ,Satara,1400,1000,1200,Maharashtra,Other
02/10/2007,Onion,23,Satara,FAQ,Satara,1800,400,1100,Maharashtra,Other
07/10/2007,Onion,23,Satara,FAQ,Satara,2000,400,1200,Maharashtra,Other
27/11/2007,Onion,23,Satara,FAQ,Satara,800,300,500,Maharashtra,Other
28/11/2007,Onion,23,Satara,FAQ,Satara,800,300,550,Maharashtra,Other
02/12/2007,Onion,23,Satara,FAQ,Satara,800,300,550,Maharashtra,Other
10/12/2007,Onion,23,Satara,FAQ,Satara,750,400,550,Maharashtra,Other
16/12/2007,Onion,23,Satara,FAQ,Satara,700,200,450,Maharashtra,Other
04/05/2024,Onion,23,Satara,FAQ,Satara,2000,1500,1750,Maharashtra,Other
05/05/2024,Onion,23,Satara,FAQ,Satara,2500,1500,2000,Maharashtra,Other
12/05/2024,Onion,23,Satara,FAQ,Satara,2000,1500,1750,Maharashtra,Other
14/05/2024,Onion,23,Satara,FAQ,Satara,2000,1500,1750,Maharashtra,Other
18/05/2024,Onion,23,Satara,FAQ,Satara,2000,1500,1750,Maharashtra,Other
20/05/2024,Onion,23,Satara,FAQ,Satara,2000,1500,1750,Maharashtra,Other
25/05/2024,Onion,23,Satara,FAQ,Satara,2200,1500,1800,Maharashtra,Other
28/05/2024,Onion,23,Satara,FAQ,Satara,2200,1500,1850,Maharashtra,Other
09/04/2021,Onion,23,Satara,FAQ,Satara,1200,800,1000,Maharashtra,Other
12/04/2021,Onion,23,Satara,FAQ,Satara,1200,800,1000,Maharashtra,Other
03/05/2021,Onion,23,Satara,FAQ,Satara,1200,1000,1100,Maharashtra,Other
15/05/2021,Onion,23,Satara,FAQ,Satara,1300,500,900,Maharashtra,Other
17/05/2021,Onion,23,Satara,FAQ,Satara,1300,1000,1150,Maharashtra,Other
22/05/2021,Onion,23,Satara,FAQ,Satara,1400,1000,1200,Maharashtra,Other
24/05/2021,Onion,23,Satara,FAQ,Satara,1400,1000,1200,Maharashtra,Other
22/06/2021,Onion,23,Satara,FAQ,Satara,2000,1200,1600,Maharashtra,Other
02/07/2021,Onion,23,Satara,FAQ,Satara,2000,1400,1700,Maharashtra,Other
19/07/2021,Onion,23,Satara,FAQ,Satara,2000,1400,1700,Maharashtra,Other
24/07/2021,Onion,23,Satara,FAQ,Satara,2000,1000,1500,Maharashtra,Other
25/07/2021,Onion,23,Satara,FAQ,Satara,2000,1000,1500,Maharashtra,Other
27/07/2021,Onion,23,Satara,FAQ,Satara,2000,1000,1500,Maharashtra,Other
28/07/2021,Onion,23,Satara,FAQ,Satara,2000,1000,1500,Maharashtra,Other
29/07/2021,Onion,23,Satara,FAQ,Satara,2000,1000,1500,Maharashtra,Other
31/07/2021,Onion,23,Satara,FAQ,Satara,2000,1000,1500,Maharashtra,Other
21/08/2021,Onion,23,Satara,FAQ,Satara,1800,1600,1700,Maharashtra,Other
22/08/2021,Onion,23,Satara,FAQ,Satara,1900,1600,1750,Maharashtra,Other
31/08/2021,Onion,23,Satara,FAQ,Satara,1800,1000,1400,Maharashtra,Other
02/09/2021,Onion,23,Satara,FAQ,Satara,1700,1000,1350,Maharashtra,Other
05/09/2021,Onion,23,Satara,FAQ,Satara,1800,1000,1400,Maharashtra,Other
06/09/2021,Onion,23,Satara,FAQ,Satara,1800,1000,1400,Maharashtra,Other
09/09/2021,Onion,23,Satara,FAQ,Satara,1700,1000,1350,Maharashtra,Other
15/09/2021,Onion,23,Satara,FAQ,Satara,1700,1000,1350,Maharashtra,Other
04/10/2021,Onion,23,Satara,FAQ,Satara,2800,1500,2150,Maharashtra,Other
07/10/2021,Onion,23,Satara,FAQ,Satara,3200,2000,2600,Maharashtra,Other
10/10/2021,Onion,23,Satara,FAQ,Satara,3000,2000,2500,Maharashtra,Other
18/10/2021,Onion,23,Satara,FAQ,Satara,3400,2800,3100,Maharashtra,Other
20/10/2021,Onion,23,Satara,FAQ,Satara,3500,1500,2500,Maharashtra,Other
27/10/2021,Onion,23,Satara,FAQ,Satara,2800,800,1800,Maharashtra,Other
11/11/2021,Onion,23,Satara,FAQ,Satara,3300,1000,2200,Maharashtra,Other
13/12/2021,Onion,23,Satara,FAQ,Satara,3200,1000,2100,Maharashtra,Other
20/12/2021,Onion,23,Satara,FAQ,Satara,3200,1000,2100,Maharashtra,Other
25/12/2021,Onion,23,Satara,FAQ,Satara,3500,1000,2250,Maharashtra,Other
03/01/2021,Onion,23,Satara,FAQ,Satara,2800,1500,2150,Maharashtra,Other
04/01/2021,Onion,23,Satara,FAQ,Satara,2800,1500,2150,Maharashtra,Other
18/01/2021,Onion,23,Satara,FAQ,Satara,3000,1500,2250,Maharashtra,Other
25/01/2021,Onion,23,Satara,FAQ,Satara,2500,1000,1750,Maharashtra,Other
01/02/2021,Onion,23,Satara,FAQ,Satara,3200,1500,2350,Maharashtra,Other
09/02/2021,Onion,23,Satara,FAQ,Satara,3600,1000,2300,Maharashtra,Other
11/02/2021,Onion,23,Satara,FAQ,Satara,4000,1000,2500,Maharashtra,Other
16/02/2021,Onion,23,Satara,FAQ,Satara,4000,2000,3000,Maharashtra,Other
18/02/2021,Onion,23,Satara,FAQ,Satara,4000,2000,3000,Maharashtra,Other
23/02/2021,Onion,23,Satara,FAQ,Satara,4500,2000,3250,Maharashtra,Other
02/03/2021,Onion,23,Satara,FAQ,Satara,3000,1000,2000,Maharashtra,Other
07/03/2021,Onion,23,Satara,FAQ,Satara,2500,1000,1750,Maharashtra,Other
09/03/2021,Onion,23,Satara,FAQ,Satara,2000,1000,1500,Maharashtra,Other
28/03/2021,Onion,23,Satara,FAQ,Satara,1500,700,1100,Maharashtra,Other
29/03/2021,Onion,23,Satara,FAQ,Satara,1500,700,1100,Maharashtra,Other
30/03/2021,Onion,23,Satara,FAQ,Satara,1500,1000,1250,Maharashtra,Other
04/01/2024,Onion,23,Satara,FAQ,Satara,2200,1000,1600,Maharashtra,Other
10/01/2024,Onion,23,Satara,FAQ,Satara,2100,1000,1550,Maharashtra,Other
16/01/2024,Onion,23,Satara,FAQ,Satara,1900,1500,1700,Maharashtra,Other
17/01/2024,Onion,23,Satara,FAQ,Satara,1900,1500,1700,Maharashtra,Other
23/01/2024,Onion,23,Satara,FAQ,Satara,1800,1000,1400,Maharashtra,Other
25/01/2024,Onion,23,Satara,FAQ,Satara,1400,700,1000,Maharashtra,Other
07/02/2024,Onion,23,Satara,FAQ,Satara,1600,1000,1300,Maharashtra,Other
11/02/2024,Onion,23,Satara,FAQ,Satara,1600,1000,1300,Maharashtra,Other
13/02/2024,Onion,23,Satara,FAQ,Satara,1600,1000,1300,Maharashtra,Other
25/02/2024,Onion,23,Satara,FAQ,Satara,2000,1000,1500,Maharashtra,Other
03/03/2024,Onion,23,Satara,FAQ,Satara,1800,1400,1600,Maharashtra,Other
05/03/2024,Onion,23,Satara,FAQ,Satara,1800,1000,1400,Maharashtra,Other
25/03/2024,Onion,23,Satara,FAQ,Satara,1500,1200,1300,Maharashtra,Other
31/03/2024,Onion,23,Satara,FAQ,Satara,1500,700,1100,Maharashtra,Other
07/04/2024,Onion,23,Satara,FAQ,Satara,1600,1000,1300,Maharashtra,Other
22/04/2024,Onion,23,Satara,FAQ,Satara,1500,1000,1250,Maharashtra,Other
28/04/2024,Onion,23,Satara,FAQ,Satara,1500,1000,1250,Maharashtra,Other
29/04/2024,Onion,23,Satara,FAQ,Satara,1500,1000,1250,Maharashtra,Other
30/04/2024,Onion,23,Satara,FAQ,Satara,1600,1200,1400,Maharashtra,Other
09/01/2025,Onion,23,Satara,FAQ,Satara,3000,1000,2000,Maharashtra,Other
13/01/2025,Onion,23,Satara,FAQ,Satara,2500,1000,1750,Maharashtra,Other
06/01/2025,Onion,23,Satara,FAQ,Satara,3300,1000,2100,Maharashtra,Other
11/01/2025,Onion,23,Satara,FAQ,Satara,2500,1000,2250,Maharashtra,Other
12/01/2025,Onion,23,Satara,FAQ,Satara,2500,1000,1750,Maharashtra,Other
21/01/2025,Onion,23,Satara,FAQ,Satara,3200,1000,2100,Maharashtra,Other
25/01/2025,Onion,23,Satara,Local,Satara,3200,1000,2100,Maharashtra,Other
27/02/2020,Onion,23,Satara,FAQ,Satara,1700,1000,1350,Maharashtra,Other
08/03/2020,Onion,23,Satara,FAQ,Satara,1800,1000,1400,Maharashtra,Other
12/03/2020,Onion,23,Satara,FAQ,Satara,1800,1000,1400,Maharashtra,Other
23/03/2020,Onion,23,Satara,FAQ,Satara,1800,1000,1400,Maharashtra,Other
26/03/2020,Onion,23,Satara,FAQ,Satara,2000,1500,1750,Maharashtra,Other
10/05/2020,Onion,23,Satara,FAQ,Satara,1000,800,900,Maharashtra,Other
28/05/2020,Onion,23,Satara,FAQ,Satara,1000,500,750,Maharashtra,Other
31/05/2020,Onion,23,Satara,FAQ,Satara,1000,500,750,Maharashtra,Other
01/06/2020,Onion,23,Satara,FAQ,Satara,1000,300,650,Maharashtra,Other
02/06/2020,Onion,23,Satara,FAQ,Satara,1000,500,750,Maharashtra,Other
03/06/2020,Onion,23,Satara,FAQ,Satara,1000,300,650,Maharashtra,Other
07/06/2020,Onion,23,Satara,FAQ,Satara,1000,500,750,Maharashtra,Other
08/06/2020,Onion,23,Satara,FAQ,Satara,1000,300,650,Maharashtra,Other
13/06/2020,Onion,23,Satara,FAQ,Satara,1000,500,750,Maharashtra,Other
01/07/2020,Onion,23,Satara,FAQ,Satara,1000,500,750,Maharashtra,Other
31/07/2020,Onion,23,Satara,FAQ,Satara,900,300,600,Maharashtra,Other
03/08/2020,Onion,23,Satara,FAQ,Satara,900,700,800,Maharashtra,Other
05/08/2020,Onion,23,Satara,FAQ,Satara,900,300,600,Maharashtra,Other
07/08/2020,Onion,23,Satara,FAQ,Satara,900,300,600,Maharashtra,Other
09/08/2020,Onion,23,Satara,FAQ,Satara,900,500,700,Maharashtra,Other
17/08/2020,Onion,23,Satara,FAQ,Satara,1000,500,750,Maharashtra,Other
23/08/2020,Onion,23,Satara,FAQ,Satara,1600,1000,1300,Maharashtra,Other
02/09/2020,Onion,23,Satara,FAQ,Satara,1500,1000,1250,Maharashtra,Other
19/09/2020,Onion,23,Satara,FAQ,Satara,2500,1500,2000,Maharashtra,Other
22/09/2020,Onion,23,Satara,FAQ,Satara,4200,1500,2850,Maharashtra,Other
30/09/2020,Onion,23,Satara,FAQ,Satara,3500,2500,3000,Maharashtra,Other
03/10/2020,Onion,23,Satara,FAQ,Satara,3500,1000,2250,Maharashtra,Other
05/10/2020,Onion,23,Satara,FAQ,Satara,3500,1000,2500,Maharashtra,Other
13/10/2020,Onion,23,Satara,FAQ,Satara,2500,1500,2000,Maharashtra,Other
12/11/2020,Onion,23,Satara,FAQ,Satara,5500,1000,3250,Maharashtra,Other
14/11/2020,Onion,23,Satara,FAQ,Satara,5000,1000,3000,Maharashtra,Other
25/11/2020,Onion,23,Satara,FAQ,Satara,5000,2000,3500,Maharashtra,Other
16/12/2020,Onion,23,Satara,FAQ,Satara,3200,2000,2600,Maharashtra,Other
19/12/2020,Onion,23,Satara,FAQ,Satara,2500,1000,2250,Maharashtra,Other
27/12/2020,Onion,23,Satara,FAQ,Satara,2500,1000,1750,Maharashtra,Other
03/09/2024,Onion,23,Satara,FAQ,Satara,4400,3000,3700,Maharashtra,Other
05/09/2024,Onion,23,Satara,FAQ,Satara,4500,3000,3700,Maharashtra,Other
07/09/2024,Onion,23,Satara,FAQ,Satara,4500,2500,3500,Maharashtra,Other
14/09/2024,Onion,23,Satara,FAQ,Satara,4500,3000,3700,Maharashtra,Other
23/09/2024,Onion,23,Satara,FAQ,Satara,5000,4000,4500,Maharashtra,Other
30/09/2024,Onion,23,Satara,FAQ,Satara,4800,3000,3900,Maharashtra,Other
05/01/2022,Onion,23,Satara,FAQ,Satara,3500,1000,2250,Maharashtra,Other
08/01/2022,Onion,23,Satara,FAQ,Satara,3500,1000,2250,Maharashtra,Other
09/01/2022,Onion,23,Satara,FAQ,Satara,3500,1000,2250,Maharashtra,Other
15/01/2022,Onion,23,Satara,FAQ,Satara,3000,1000,2000,Maharashtra,Other
17/01/2022,Onion,23,Satara,FAQ,Satara,3000,1000,2000,Maharashtra,Other
27/01/2022,Onion,23,Satara,FAQ,Satara,3500,1000,2250,Maharashtra,Other
29/01/2022,Onion,23,Satara,FAQ,Satara,3500,1000,2250,Maharashtra,Other
02/02/2022,Onion,23,Satara,FAQ,Satara,3500,1000,2250,Maharashtra,Other
03/02/2022,Onion,23,Satara,FAQ,Satara,2500,1000,1750,Maharashtra,Other
06/02/2022,Onion,23,Satara,FAQ,Satara,2600,1000,1800,Maharashtra,Other
13/02/2022,Onion,23,Satara,FAQ,Satara,3200,1000,2100,Maharashtra,Other
16/02/2022,Onion,23,Satara,FAQ,Satara,3000,1000,2000,Maharashtra,Other
26/02/2022,Onion,23,Satara,FAQ,Satara,2500,1000,1750,Maharashtra,Other
05/03/2022,Onion,23,Satara,FAQ,Satara,1700,1000,1350,Maharashtra,Other
20/03/2022,Onion,23,Satara,FAQ,Satara,1500,500,1000,Maharashtra,Other
22/03/2022,Onion,23,Satara,FAQ,Satara,1300,1000,1150,Maharashtra,Other
27/03/2022,Onion,23,Satara,FAQ,Satara,1200,800,1000,Maharashtra,Other
05/04/2022,Onion,23,Satara,FAQ,Satara,1300,1000,1150,Maharashtra,Other
10/04/2022,Onion,23,Satara,FAQ,Satara,1000,800,900,Maharashtra,Other
23/04/2022,Onion,23,Satara,FAQ,Satara,1100,900,1000,Maharashtra,Other
07/05/2022,Onion,23,Satara,FAQ,Satara,1100,500,800,Maharashtra,Other
09/05/2022,Onion,23,Satara,FAQ,Satara,1100,800,1000,Maharashtra,Other
12/05/2022,Onion,23,Satara,FAQ,Satara,1100,500,800,Maharashtra,Other
23/05/2022,Onion,23,Satara,FAQ,Satara,1100,500,800,Maharashtra,Other
30/05/2022,Onion,23,Satara,FAQ,Satara,1200,800,1000,Maharashtra,Other
01/06/2022,Onion,23,Satara,FAQ,Satara,1300,900,1100,Maharashtra,Other
04/06/2022,Onion,23,Satara,FAQ,Satara,1400,1000,1200,Maharashtra,Other
13/06/2022,Onion,23,Satara,FAQ,Satara,1400,1000,1200,Maharashtra,Other
22/06/2022,Onion,23,Satara,FAQ,Satara,1600,800,1200,Maharashtra,Other
25/06/2022,Onion,23,Satara,FAQ,Satara,1600,1200,1400,Maharashtra,Other
26/06/2022,Onion,23,Satara,FAQ,Satara,1600,1000,1300,Maharashtra,Other
09/07/2022,Onion,23,Satara,FAQ,Satara,1500,1200,1350,Maharashtra,Other
11/07/2022,Onion,23,Satara,FAQ,Satara,1500,1200,1350,Maharashtra,Other
23/07/2022,Onion,23,Satara,FAQ,Satara,1500,1000,1250,Maharashtra,Other
24/07/2022,Onion,23,Satara,FAQ,Satara,1500,1200,1350,Maharashtra,Other
25/07/2022,Onion,23,Satara,FAQ,Satara,1500,1000,1250,Maharashtra,Other
01/08/2022,Onion,23,Satara,FAQ,Satara,1500,1000,1250,Maharashtra,Other
02/08/2022,Onion,23,Satara,FAQ,Satara,1500,1200,1350,Maharashtra,Other
03/08/2022,Onion,23,Satara,FAQ,Satara,1500,1000,1250,Maharashtra,Other
04/08/2022,Onion,23,Satara,FAQ,Satara,1500,1200,1350,Maharashtra,Other
30/08/2022,Onion,23,Satara,FAQ,Satara,1400,1000,1200,Maharashtra,Other
03/09/2022,Onion,23,Satara,FAQ,Satara,1300,1000,1150,Maharashtra,Other
10/09/2022,Onion,23,Satara,FAQ,Satara,1500,1000,1250,Maharashtra,Other
11/09/2022,Onion,23,Satara,FAQ,Satara,1500,1000,1250,Maharashtra,Other
24/09/2022,Onion,23,Satara,FAQ,Satara,1500,1000,1250,Maharashtra,Other
19/10/2022,Onion,23,Satara,FAQ,Satara,2100,1000,1600,Maharashtra,Other
01/11/2022,Onion,23,Satara,FAQ,Satara,3200,1400,2300,Maharashtra,Other
08/11/2022,Onion,23,Satara,FAQ,Satara,3000,1500,2250,Maharashtra,Other
17/11/2022,Onion,23,Satara,FAQ,Satara,2500,1000,1750,Maharashtra,Other
19/11/2022,Onion,23,Satara,FAQ,Satara,2000,1000,1500,Maharashtra,Other
20/11/2022,Onion,23,Satara,FAQ,Satara,2000,1000,1500,Maharashtra,Other
24/11/2022,Onion,23,Satara,FAQ,Satara,2000,1000,1500,Maharashtra,Other
04/12/2022,Onion,23,Satara,FAQ,Satara,1500,1000,1250,Maharashtra,Other
11/12/2022,Onion,23,Satara,FAQ,Satara,1500,1000,1250,Maharashtra,Other
17/12/2022,Onion,23,Satara,FAQ,Satara,1500,1000,1250,Maharashtra,Other
24/12/2022,Onion,23,Satara,FAQ,Satara,2200,1000,1600,Maharashtra,Other
25/12/2022,Onion,23,Satara,FAQ,Satara,2200,1800,2000,Maharashtra,Other
04/01/2018,Onion,23,Satara,FAQ,Satara,3500,1500,2500,Maharashtra,Other
22/02/2018,Onion,23,Satara,FAQ,Satara,1300,700,1000,Maharashtra,Other
18/03/2018,Onion,23,Satara,FAQ,Satara,900,400,650,Maharashtra,Other
22/03/2018,Onion,23,Satara,FAQ,Satara,900,400,650,Maharashtra,Other
29/03/2018,Onion,23,Satara,FAQ,Satara,1000,500,750,Maharashtra,Other
10/05/2018,Onion,23,Satara,FAQ,Satara,800,400,600,Maharashtra,Other
20/05/2018,Onion,23,Satara,FAQ,Satara,900,400,650,Maharashtra,Other
13/06/2018,Onion,23,Satara,FAQ,Satara,1000,600,800,Maharashtra,Other
22/07/2018,Onion,23,Satara,FAQ,Satara,1400,700,1050,Maharashtra,Other
19/08/2018,Onion,23,Satara,FAQ,Satara,1200,700,950,Maharashtra,Other
23/08/2018,Onion,23,Satara,FAQ,Satara,1200,700,950,Maharashtra,Other
06/09/2018,Onion,23,Satara,FAQ,Satara,1200,600,900,Maharashtra,Other
09/09/2018,Onion,23,Satara,FAQ,Satara,1200,500,850,Maharashtra,Other
11/10/2018,Onion,23,Satara,FAQ,Satara,1200,600,900,Maharashtra,Other
18/10/2018,Onion,23,Satara,FAQ,Satara,1300,700,1000,Maharashtra,Other
01/11/2018,Onion,23,Satara,FAQ,Satara,1500,1000,1250,Maharashtra,Other
11/11/2018,Onion,23,Satara,FAQ,Satara,1700,700,1100,Maharashtra,Other
29/11/2018,Onion,23,Satara,FAQ,Satara,1200,500,850,Maharashtra,Other
30/12/2018,Onion,23,Satara,FAQ,Satara,800,700,750,Maharashtra,Other
03/04/2025,Onion,23,Satara,Local,Satara,1800,900,1400,Maharashtra,Other
05/04/2025,Onion,23,Satara,Local,Satara,1800,800,1300,Maharashtra,Other
20/04/2025,Onion,23,Satara,Local,Satara,1200,500,1000,Maharashtra,Other
23/04/2025,Onion,23,Satara,Local,Satara,1200,500,900,Maharashtra,Other
29/04/2025,Onion,23,Satara,Local,Satara,1400,500,1000,Maharashtra,Other
14/10/2024,Onion,23,Satara,FAQ,Satara,4400,2000,3200,Maharashtra,Other
06/10/2024,Onion,23,Satara,FAQ,Satara,4200,3000,3600,Maharashtra,Other
02/10/2024,Onion,23,Satara,FAQ,Satara,4200,3000,3600,Maharashtra,Other
15/10/2024,Onion,23,Satara,FAQ,Satara,4400,2000,3200,Maharashtra,Other
10/10/2024,Onion,23,Satara,FAQ,Satara,4200,2000,3100,Maharashtra,Other
28/10/2024,Onion,23,Satara,FAQ,Satara,5100,1000,3000,Maharashtra,Other
02/11/2024,Onion,23,Satara,FAQ,Satara,5000,1000,3000,Maharashtra,Other
04/11/2024,Onion,23,Satara,FAQ,Satara,5100,1000,3000,Maharashtra,Other
05/11/2024,Onion,23,Satara,FAQ,Satara,5000,1000,3000,Maharashtra,Other
11/11/2024,Onion,23,Satara,FAQ,Satara,7000,2000,4500,Maharashtra,Other
18/11/2024,Onion,23,Satara,FAQ,Satara,6500,2000,4200,Maharashtra,Other
28/11/2024,Onion,23,Satara,FAQ,Satara,7000,2000,4500,Maharashtra,Other
06/05/2025,Onion,23,Satara,Local,Satara,1400,500,1000,Maharashtra,Other
12/05/2025,Onion,23,Satara,Local,Satara,1400,500,1000,Maharashtra,Other
17/05/2025,Onion,23,Satara,Local,Satara,1400,500,1000,Maharashtra,Other
19/05/2025,Onion,23,Satara,Local,Satara,1400,500,1000,Maharashtra,Other
22/05/2025,Onion,23,Satara,Local,Satara,1500,800,1150,Maharashtra,Other
27/05/2025,Onion,23,Satara,Local,Satara,1700,1000,1350,Maharashtra,Other
01/09/2025,Onion,23,Satara,Local,Satara,2000,1000,1500,Maharashtra,Other
06/09/2025,Onion,23,Satara,Local,Satara,2000,1000,1500,Maharashtra,Other
13/09/2025,Onion,23,Satara,Local,Satara,2000,1000,1500,Maharashtra,Other
23/09/2025,Onion,23,Satara,Local,Satara,1700,1000,1350,Maharashtra,Other
27/09/2025,Onion,23,Satara,Local,Satara,2000,1000,1500,Maharashtra,Other
28/09/2025,Onion,23,Satara,Local,Satara,2000,1000,1500,Maharashtra,Other
30/09/2025,Onion,23,Satara,Local,Satara,2000,1000,1500,Maharashtra,Other
26/08/2025,Onion,23,Satara,Local,Satara,2000,1000,1500,Maharashtra,Other
28/08/2025,Onion,23,Satara,Local,Satara,2000,1000,1500,Maharashtra,Other
31/08/2025,Onion,23,Satara,Local,Satara,1700,1000,1350,Maharashtra,Other
01/10/2025,Onion,23,Satara,Local,Satara,1800,1000,1400,Maharashtra,Other
01/11/2025,Onion,23,Satara,Local,Satara,2000,1000,1500,Maharashtra,Other
14/10/2025,Onion,23,Satara,Local,Satara,1800,1000,1400,Maharashtra,Other
15/10/2025,Onion,23,Satara,Local,Satara,1700,1000,1350,Maharashtra,Other
29/10/2025,Onion,23,Satara,Local,Satara,2000,1000,1500,Maharashtra,Other
03/03/2025,Onion,23,Satara,Local,Satara,2600,1000,1800,Maharashtra,Other
09/03/2025,Onion,23,Satara,Local,Satara,2000,1000,1500,Maharashtra,Other
17/03/2025,Onion,23,Satara,Local,Satara,1600,500,1000,Maharashtra,Other
05/12/2024,Onion,23,Satara,FAQ,Satara,5300,1500,3400,Maharashtra,Other
09/12/2024,Onion,23,Satara,FAQ,Satara,5500,2000,3700,Maharashtra,Other
24/12/2024,Onion,23,Satara,FAQ,Satara,3000,1000,2000,Maharashtra,Other
03/01/2019,Onion,23,Satara,FAQ,Satara,1000,200,600,Maharashtra,Other
20/01/2019,Onion,23,Satara,FAQ,Satara,800,200,500,Maharashtra,Other
24/01/2019,Onion,23,Satara,FAQ,Satara,750,200,500,Maharashtra,Other
17/02/2019,Onion,23,Satara,FAQ,Satara,600,200,400,Maharashtra,Other
24/02/2019,Onion,23,Satara,FAQ,Satara,600,100,350,Maharashtra,Other
28/02/2019,Onion,23,Satara,FAQ,Satara,600,200,400,Maharashtra,Other
07/03/2019,Onion,23,Satara,FAQ,Satara,600,100,400,Maharashtra,Other
24/03/2019,Onion,23,Satara,FAQ,Satara,600,100,350,Maharashtra,Other
31/03/2019,Onion,23,Satara,FAQ,Satara,700,200,500,Maharashtra,Other
11/04/2019,Onion,23,Satara,FAQ,Satara,800,200,500,Maharashtra,Other
14/04/2019,Onion,23,Satara,FAQ,Satara,800,200,500,Maharashtra,Other
18/04/2019,Onion,23,Satara,FAQ,Satara,800,300,550,Maharashtra,Other
28/04/2019,Onion,23,Satara,FAQ,Satara,1000,500,750,Maharashtra,Other
02/05/2019,Onion,23,Satara,FAQ,Satara,1000,400,700,Maharashtra,Other
05/05/2019,Onion,23,Satara,FAQ,Satara,1100,200,650,Maharashtra,Other
09/05/2019,Onion,23,Satara,FAQ,Satara,1000,200,600,Maharashtra,Other
26/05/2019,Onion,23,Satara,FAQ,Satara,1200,400,800,Maharashtra,Other
11/07/2019,Onion,23,Satara,FAQ,Satara,1500,1000,1250,Maharashtra,Other
21/07/2019,Onion,23,Satara,FAQ,Satara,1400,900,1150,Maharashtra,Other
25/08/2019,Onion,23,Satara,FAQ,Satara,2400,1600,2000,Maharashtra,Other
15/09/2019,Onion,23,Satara,FAQ,Satara,3000,2600,2800,Maharashtra,Other
26/09/2019,Onion,23,Satara,FAQ,Satara,3800,2500,3100,Maharashtra,Other
31/10/2019,Onion,23,Satara,FAQ,Satara,4500,1500,3000,Maharashtra,Other
06/11/2019,Onion,23,Satara,FAQ,Satara,5800,1000,3400,Maharashtra,Other
01/01/2023,Onion,23,Satara,FAQ,Satara,2200,1500,1800,Maharashtra,Other
03/01/2023,Onion,23,Satara,FAQ,Satara,2000,1500,1750,Maharashtra,Other
11/01/2023,Onion,23,Satara,FAQ,Satara,2000,1000,1500,Maharashtra,Other
12/01/2023,Onion,23,Satara,FAQ,Satara,2000,1500,1750,Maharashtra,Other
21/01/2023,Onion,23,Satara,FAQ,Satara,2000,1000,1500,Maharashtra,Other
24/01/2023,Onion,23,Satara,FAQ,Satara,1800,1200,1500,Maharashtra,Other
06/02/2023,Onion,23,Satara,FAQ,Satara,1800,1000,1400,Maharashtra,Other
12/02/2023,Onion,23,Satara,FAQ,Satara,1500,1000,1250,Maharashtra,Other
16/02/2023,Onion,23,Satara,FAQ,Satara,1500,1000,1250,Maharashtra,Other
09/03/2023,Onion,23,Satara,FAQ,Satara,1300,900,1100,Maharashtra,Other
03/04/2023,Onion,23,Satara,FAQ,Satara,1000,700,850,Maharashtra,Other
06/04/2023,Onion,23,Satara,FAQ,Satara,1000,700,850,Maharashtra,Other
11/04/2023,Onion,23,Satara,FAQ,Satara,1000,700,850,Maharashtra,Other
18/04/2023,Onion,23,Satara,FAQ,Satara,900,700,800,Maharashtra,Other
04/05/2023,Onion,23,Satara,FAQ,Satara,2500,2000,2250,Maharashtra,Other
10/05/2023,Onion,23,Satara,FAQ,Satara,900,500,700,Maharashtra,Other
13/05/2023,Onion,23,Satara,FAQ,Satara,900,500,700,Maharashtra,Other
27/05/2023,Onion,23,Satara,FAQ,Satara,900,500,650,Maharashtra,Other
01/06/2023,Onion,23,Satara,FAQ,Satara,900,300,600,Maharashtra,Other
18/06/2023,Onion,23,Satara,FAQ,Satara,1300,300,800,Maharashtra,Other
21/06/2023,Onion,23,Satara,FAQ,Satara,1300,300,800,Maharashtra,Other
22/06/2023,Onion,23,Satara,FAQ,Satara,1300,300,800,Maharashtra,Other
24/06/2023,Onion,23,Satara,FAQ,Satara,1300,300,800,Maharashtra,Other
25/06/2023,Onion,23,Satara,FAQ,Satara,1300,300,800,Maharashtra,Other
02/07/2023,Onion,23,Satara,FAQ,Satara,1400,300,850,Maharashtra,Other
03/07/2023,Onion,23,Satara,FAQ,Satara,1400,300,850,Maharashtra,Other
19/07/2023,Onion,23,Satara,FAQ,Satara,1600,1000,1300,Maharashtra,Other
01/08/2023,Onion,23,Satara,FAQ,Satara,1700,500,1100,Maharashtra,Other
12/08/2023,Onion,23,Satara,FAQ,Satara,1800,1300,1500,Maharashtra,Other
13/08/2023,Onion,23,Satara,FAQ,Satara,2400,1000,1700,Maharashtra,Other
23/08/2023,Onion,23,Satara,FAQ,Satara,2500,1400,1950,Maharashtra,Other
30/08/2023,Onion,23,Satara,FAQ,Satara,2500,1500,2000,Maharashtra,Other
04/09/2023,Onion,23,Satara,FAQ,Satara,2500,1500,2000,Maharashtra,Other
17/09/2023,Onion,23,Satara,FAQ,Satara,2300,1000,1650,Maharashtra,Other
25/09/2023,Onion,23,Satara,FAQ,Satara,2200,1000,1600,Maharashtra,Other
30/09/2023,Onion,23,Satara,FAQ,Satara,2200,1600,1900,Maharashtra,Other
01/10/2023,Onion,23,Satara,FAQ,Satara,2500,2000,2250,Maharashtra,Other
04/10/2023,Onion,23,Satara,FAQ,Satara,2700,1500,2100,Maharashtra,Other
08/11/2023,Onion,23,Satara,FAQ,Satara,4000,3000,3500,Maharashtra,Other
09/11/2023,Onion,23,Satara,FAQ,Satara,4000,1000,2500,Maharashtra,Other
26/11/2023,Onion,23,Satara,FAQ,Satara,4000,2000,3000,Maharashtra,Other
07/12/2023,Onion,23,Satara,FAQ,Satara,4500,2000,3500,Maharashtra,Other
09/12/2023,Onion,23,Satara,FAQ,Satara,4800,2000,3400,Maharashtra,Other
11/12/2023,Onion,23,Satara,FAQ,Satara,4800,2000,3400,Maharashtra,Other
12/12/2023,Onion,23,Satara,FAQ,Satara,4800,2000,3400,Maharashtra,Other
17/12/2023,Onion,23,Satara,FAQ,Satara,3500,1500,2500,Maharashtra,Other
20/12/2023,Onion,23,Satara,FAQ,Satara,2500,1500,2000,Maharashtra,Other
25/12/2023,Onion,23,Satara,FAQ,Satara,3500,1500,2500,Maharashtra,Other
28/12/2023,Onion,23,Satara,FAQ,Satara,3500,1000,2250,Maharashtra,Other
22/02/2025,Onion,23,Satara,Local,Satara,2800,1500,2150,Maharashtra,Other
01/06/2025,Onion,23,Satara,Local,Satara,1500,700,1100,Maharashtra,Other
10/06/2025,Onion,23,Satara,Local,Satara,1800,1000,1400,Maharashtra,Other
15/06/2025,Onion,23,Satara,Local,Satara,2000,1000,1500,Maharashtra,Other
26/06/2025,Onion,23,Satara,Local,Satara,2000,1000,1500,Maharashtra,Other
01/07/2025,Onion,23,Satara,Local,Satara,2000,1000,1500,Maharashtra,Other
02/07/2025,Onion,23,Satara,Local,Satara,2000,1000,1500,Maharashtra,Other
09/07/2025,Onion,23,Satara,Local,Satara,2000,1000,1500,Maharashtra,Other
15/07/2025,Onion,23,Satara,Local,Satara,2000,1000,1500,Maharashtra,Other
23/07/2025,Onion,23,Satara,Local,Satara,2000,1000,1500,Maharashtra,Other
28/07/2025,Onion,23,Satara,Local,Satara,2000,1000,1500,Maharashtra,Other
04/01/2015,Onion,23,Satara,FAQ,Satara,2000,1500,1750,Maharashtra,Other
08/01/2015,Onion,23,Satara,FAQ,Satara,1800,1500,1600,Maharashtra,Other
08/02/2015,Onion,23,Satara,FAQ,Satara,1800,1500,1650,Maharashtra,Other
05/03/2015,Onion,23,Satara,FAQ,Satara,1600,800,1200,Maharashtra,Other
26/03/2015,Onion,23,Satara,FAQ,Satara,1300,900,1100,Maharashtra,Other
16/04/2015,Onion,23,Satara,FAQ,Satara,1300,1000,1150,Maharashtra,Other
19/04/2015,Onion,23,Satara,FAQ,Satara,1500,700,1100,Maharashtra,Other
10/05/2015,Onion,23,Satara,FAQ,Satara,1700,1300,1500,Maharashtra,Other
24/05/2015,Onion,23,Satara,FAQ,Satara,1700,1500,1600,Maharashtra,Other
06/08/2015,Onion,23,Satara,FAQ,Satara,4200,3000,3600,Maharashtra,Other
13/08/2015,Onion,23,Satara,FAQ,Satara,4200,3000,3600,Maharashtra,Other
30/08/2015,Onion,23,Satara,FAQ,Satara,5200,4000,4600,Maharashtra,Other
17/09/2015,Onion,23,Satara,FAQ,Satara,5500,3000,4250,Maharashtra,Other
24/09/2015,Onion,23,Satara,FAQ,Satara,5500,3000,4250,Maharashtra,Other
26/09/2015,Onion,23,Satara,FAQ,Satara,5500,3000,4250,Maharashtra,Other
22/11/2015,Onion,23,Satara,FAQ,Satara,2200,200,1200,Maharashtra,Other
17/12/2015,Onion,23,Satara,FAQ,Satara,1800,800,1300,Maharashtra,Other
20/12/2015,Onion,23,Satara,FAQ,Satara,1800,700,1250,Maharashtra,Other
27/12/2015,Onion,23,Satara,FAQ,Satara,1600,800,1100,Maharashtra,Other
10/01/2013,Onion,23,Satara,FAQ,Satara,1600,800,1200,Maharashtra,Other
27/01/2013,Onion,23,Satara,FAQ,Satara,1800,1000,1400,Maharashtra,Other
14/02/2013,Onion,23,Satara,FAQ,Satara,1700,1400,1500,Maharashtra,Other
21/02/2013,Onion,23,Satara,FAQ,Satara,1600,800,1200,Maharashtra,Other
07/03/2013,Onion,23,Satara,FAQ,Satara,1100,700,900,Maharashtra,Other
17/03/2013,Onion,23,Satara,FAQ,Satara,1300,700,1000,Maharashtra,Other
21/03/2013,Onion,23,Satara,FAQ,Satara,1300,1000,1200,Maharashtra,Other
28/03/2013,Onion,23,Satara,FAQ,Satara,1300,700,1000,Maharashtra,Other
11/04/2013,Onion,23,Satara,FAQ,Satara,1200,600,900,Maharashtra,Other
18/04/2013,Onion,23,Satara,FAQ,Satara,800,400,600,Maharashtra,Other
05/05/2013,Onion,23,Satara,FAQ,Satara,1300,700,1000,Maharashtra,Other
09/05/2013,Onion,23,Satara,FAQ,Satara,1200,700,950,Maharashtra,Other
16/05/2013,Onion,23,Satara,FAQ,Satara,1200,700,950,Maharashtra,Other
30/05/2013,Onion,23,Satara,FAQ,Satara,1400,700,1050,Maharashtra,Other
23/06/2013,Onion,23,Satara,FAQ,Satara,1800,1200,1500,Maharashtra,Other
01/08/2013,Onion,23,Satara,FAQ,Satara,2600,2000,2300,Maharashtra,Other
08/08/2013,Onion,23,Satara,FAQ,Satara,3000,2000,2500,Maharashtra,Other
25/08/2013,Onion,23,Satara,FAQ,Satara,4500,3000,3750,Maharashtra,Other
29/08/2013,Onion,23,Satara,FAQ,Satara,4000,2500,3250,Maharashtra,Other
05/09/2013,Onion,23,Satara,FAQ,Satara,5000,4500,4750,Maharashtra,Other
08/09/2013,Onion,23,Satara,FAQ,Satara,5200,3500,4350,Maharashtra,Other
12/09/2013,Onion,23,Satara,FAQ,Satara,5300,3000,4150,Maharashtra,Other
19/09/2013,Onion,23,Satara,FAQ,Satara,6200,5700,5950,Maharashtra,Other
26/09/2013,Onion,23,Satara,FAQ,Satara,5500,3000,4250,Maharashtra,Other
27/10/2013,Onion,23,Satara,FAQ,Satara,4000,3000,3500,Maharashtra,Other
12/12/2013,Onion,23,Satara,FAQ,Satara,1800,1500,1650,Maharashtra,Other
15/01/2012,Onion,23,Satara,FAQ,Satara,700,300,500,Maharashtra,Other
22/01/2012,Onion,23,Satara,FAQ,Satara,700,300,500,Maharashtra,Other
05/02/2012,Onion,23,Satara,FAQ,Satara,500,300,400,Maharashtra,Other
19/02/2012,Onion,23,Satara,FAQ,Satara,500,200,350,Maharashtra,Other
19/04/2012,Onion,23,Satara,FAQ,Satara,500,200,350,Maharashtra,Other
22/04/2012,Onion,23,Satara,FAQ,Satara,500,200,350,Maharashtra,Other
06/05/2012,Onion,23,Satara,FAQ,Satara,500,200,350,Maharashtra,Other
13/05/2012,Onion,23,Satara,FAQ,Satara,500,200,350,Maharashtra,Other
17/05/2012,Onion,23,Satara,FAQ,Satara,500,200,350,Maharashtra,Other
20/05/2012,Onion,23,Satara,FAQ,Satara,550,200,375,Maharashtra,Other
17/06/2012,Onion,23,Satara,FAQ,Satara,700,300,500,Maharashtra,Other
12/07/2012,Onion,23,Satara,FAQ,Satara,800,300,550,Maharashtra,Other
15/07/2012,Onion,23,Satara,FAQ,Satara,700,300,500,Maharashtra,Other
26/07/2012,Onion,23,Satara,FAQ,Satara,700,500,600,Maharashtra,Other
06/09/2012,Onion,23,Satara,FAQ,Satara,800,300,550,Maharashtra,Other
09/09/2012,Onion,23,Satara,FAQ,Satara,800,400,600,Maharashtra,Other
20/09/2012,Onion,23,Satara,FAQ,Satara,800,400,600,Maharashtra,Other
25/10/2012,Onion,23,Satara,FAQ,Satara,1100,500,800,Maharashtra,Other
28/10/2012,Onion,23,Satara,FAQ,Satara,1400,500,1000,Maharashtra,Other
23/12/2012,Onion,23,Satara,FAQ,Satara,1600,600,1100,Maharashtra,Other
14/01/2018,Onion,23,Satara,FAQ,Satara,3200,2000,2600,Maharashtra,Other
18/01/2018,Onion,23,Satara,FAQ,Satara,3300,1500,2400,Maharashtra,Other
25/01/2018,Onion,23,Satara,FAQ,Satara,2700,1300,2000,Maharashtra,Other
28/01/2018,Onion,23,Satara,FAQ,Satara,2500,1000,1750,Maharashtra,Other
01/02/2018,Onion,23,Satara,FAQ,Satara,1600,800,1200,Maharashtra,Other
08/02/2018,Onion,23,Satara,FAQ,Satara,1800,1000,1400,Maharashtra,Other
15/02/2018,Onion,23,Satara,FAQ,Satara,1800,700,1250,Maharashtra,Other
18/02/2018,Onion,23,Satara,FAQ,Satara,1700,1000,1350,Maharashtra,Other
01/03/2018,Onion,23,Satara,FAQ,Satara,2000,500,1250,Maharashtra,Other
22/04/2018,Onion,23,Satara,FAQ,Satara,800,400,600,Maharashtra,Other
29/04/2018,Onion,23,Satara,FAQ,Satara,800,400,600,Maharashtra,Other
02/05/2018,Onion,23,Satara,FAQ,Satara,800,400,600,Maharashtra,Other
03/05/2018,Onion,23,Satara,FAQ,Satara,800,400,600,Maharashtra,Other
06/05/2018,Onion,23,Satara,FAQ,Satara,900,500,700,Maharashtra,Other
31/05/2018,Onion,23,Satara,FAQ,Satara,900,600,750,Maharashtra,Other
02/06/2018,Onion,23,Satara,FAQ,Satara,900,600,750,Maharashtra,Other
03/06/2018,Onion,23,Satara,FAQ,Satara,1100,700,900,Maharashtra,Other
06/06/2018,Onion,23,Satara,FAQ,Satara,1100,600,850,Maharashtra,Other
07/06/2018,Onion,23,Satara,FAQ,Satara,1000,600,800,Maharashtra,Other
10/06/2018,Onion,23,Satara,FAQ,Satara,1000,600,800,Maharashtra,Other
17/06/2018,Onion,23,Satara,FAQ,Satara,1100,600,850,Maharashtra,Other
05/07/2018,Onion,23,Satara,FAQ,Satara,1400,900,1150,Maharashtra,Other
12/07/2018,Onion,23,Satara,FAQ,Satara,1400,800,1100,Maharashtra,Other
15/07/2018,Onion,23,Satara,FAQ,Satara,1400,800,1100,Maharashtra,Other
19/07/2018,Onion,23,Satara,FAQ,Satara,1300,600,1000,Maharashtra,Other
26/07/2018,Onion,23,Satara,FAQ,Satara,1400,900,1150,Maharashtra,Other
29/07/2018,Onion,23,Satara,FAQ,Satara,1400,800,1100,Maharashtra,Other
12/08/2018,Onion,23,Satara,FAQ,Satara,1300,700,1000,Maharashtra,Other
16/08/2018,Onion,23,Satara,FAQ,Satara,1200,700,1000,Maharashtra,Other
26/08/2018,Onion,23,Satara,FAQ,Satara,1200,600,900,Maharashtra,Other
30/08/2018,Onion,23,Satara,FAQ,Satara,1100,400,750,Maharashtra,Other
02/09/2018,Onion,23,Satara,FAQ,Satara,1200,400,800,Maharashtra,Other
04/10/2018,Onion,23,Satara,FAQ,Satara,1200,600,900,Maharashtra,Other
07/10/2018,Onion,23,Satara,FAQ,Satara,1200,800,1000,Maharashtra,Other
21/10/2018,Onion,23,Satara,FAQ,Satara,1800,400,1100,Maharashtra,Other
18/11/2018,Onion,23,Satara,FAQ,Satara,1500,700,1100,Maharashtra,Other
13/01/2019,Onion,23,Satara,FAQ,Satara,700,200,450,Maharashtra,Other
31/01/2019,Onion,23,Satara,FAQ,Satara,700,200,450,Maharashtra,Other
14/03/2019,Onion,23,Satara,FAQ,Satara,700,100,400,Maharashtra,Other
17/03/2019,Onion,23,Satara,FAQ,Satara,6000,1000,4000,Maharashtra,Other
25/04/2019,Onion,23,Satara,FAQ,Satara,1000,400,700,Maharashtra,Other
02/06/2019,Onion,23,Satara,FAQ,Satara,1500,800,1150,Maharashtra,Other
20/06/2019,Onion,23,Satara,FAQ,Satara,1400,700,1050,Maharashtra,Other
28/07/2019,Onion,23,Satara,FAQ,Satara,1400,600,1000,Maharashtra,Other
08/08/2019,Onion,23,Satara,FAQ,Satara,2000,1000,1500,Maharashtra,Other
11/08/2019,Onion,23,Satara,FAQ,Satara,1800,1000,1400,Maharashtra,Other
22/08/2019,Onion,23,Satara,FAQ,Satara,2500,500,1500,Maharashtra,Other
19/09/2019,Onion,23,Satara,FAQ,Satara,3800,1000,2400,Maharashtra,Other
22/09/2019,Onion,23,Satara,FAQ,Satara,4500,2500,3500,Maharashtra,Other
03/10/2019,Onion,23,Satara,FAQ,Satara,3000,2000,2500,Maharashtra,Other
10/10/2019,Onion,23,Satara,FAQ,Satara,3800,2000,2900,Maharashtra,Other
13/10/2019,Onion,23,Satara,FAQ,Satara,3500,2000,2700,Maharashtra,Other
14/11/2019,Onion,23,Satara,FAQ,Satara,5000,3500,4250,Maharashtra,Other
24/11/2019,Onion,23,Satara,FAQ,Satara,7000,3000,5000,Maharashtra,Other
28/11/2019,Onion,23,Satara,FAQ,Satara,9000,3000,6000,Maharashtra,Other
12/12/2019,Onion,23,Satara,FAQ,Satara,15000,2000,8500,Maharashtra,Other
29/12/2019,Onion,23,Satara,FAQ,Satara,8000,2000,5000,Maharashtra,Other
14/01/2016,Onion,23,Satara,FAQ,Satara,1800,1000,1400,Maharashtra,Other
21/01/2016,Onion,23,Satara,FAQ,Satara,1800,1000,1400,Maharashtra,Other
28/01/2016,Onion,23,Satara,FAQ,Satara,1600,800,1200,Maharashtra,Other
11/02/2016,Onion,23,Satara,FAQ,Satara,1100,500,800,Maharashtra,Other
14/02/2016,Onion,23,Satara,FAQ,Satara,1000,300,650,Maharashtra,Other
13/03/2016,Onion,23,Satara,FAQ,Satara,800,500,650,Maharashtra,Other
21/04/2016,Onion,23,Satara,FAQ,Satara,800,400,600,Maharashtra,Other
28/04/2016,Onion,23,Satara,FAQ,Satara,800,600,700,Maharashtra,Other
30/06/2016,Onion,23,Satara,FAQ,Satara,1000,400,700,Maharashtra,Other
03/07/2016,Onion,23,Satara,FAQ,Satara,1000,400,700,Maharashtra,Other
17/07/2016,Onion,23,Satara,FAQ,Satara,1000,500,750,Maharashtra,Other
28/07/2016,Onion,23,Satara,FAQ,Satara,800,500,700,Maharashtra,Other
25/08/2016,Onion,23,Satara,FAQ,Satara,700,300,500,Maharashtra,Other
02/10/2016,Onion,23,Satara,FAQ,Satara,800,600,700,Maharashtra,Other
12/01/2014,Onion,23,Satara,FAQ,Satara,1100,500,800,Maharashtra,Other
16/02/2014,Onion,23,Satara,FAQ,Satara,700,500,600,Maharashtra,Other
23/03/2014,Onion,23,Satara,FAQ,Satara,800,700,750,Maharashtra,Other
27/03/2014,Onion,23,Satara,FAQ,Satara,900,700,800,Maharashtra,Other
06/04/2014,Onion,23,Satara,FAQ,Satara,1000,800,900,Maharashtra,Other
01/06/2014,Onion,23,Satara,FAQ,Satara,1500,1100,1300,Maharashtra,Other
12/06/2014,Onion,23,Satara,FAQ,Satara,1700,1400,1550,Maharashtra,Other
21/06/2014,Onion,23,Satara,FAQ,Satara,2100,1600,1900,Maharashtra,Other
29/06/2014,Onion,23,Satara,FAQ,Satara,2600,2000,2300,Maharashtra,Other
07/08/2014,Onion,23,Satara,FAQ,Satara,2000,1000,1500,Maharashtra,Other
04/09/2014,Onion,23,Satara,FAQ,Satara,2000,1500,1750,Maharashtra,Other
16/11/2014,Onion,23,Satara,FAQ,Satara,1800,800,1300,Maharashtra,Other
20/11/2014,Onion,23,Satara,FAQ,Satara,1800,1000,1400,Maharashtra,Other
11/12/2014,Onion,23,Satara,FAQ,Satara,1800,1400,1600,Maharashtra,Other
28/12/2014,Onion,23,Satara,FAQ,Satara,2100,1700,1900,Maharashtra,Other
30/03/2008,Onion,23,Satara,FAQ,Satara,400,200,300,Maharashtra,Other
05/04/2008,Onion,23,Satara,FAQ,Satara,400,300,350,Maharashtra,Other
10/04/2008,Onion,23,Satara,FAQ,Satara,400,250,325,Maharashtra,Other
13/04/2008,Onion,23,Satara,FAQ,Satara,350,200,225,Maharashtra,Other
27/04/2008,Onion,23,Satara,FAQ,Satara,400,200,300,Maharashtra,Other
03/05/2008,Onion,23,Satara,FAQ,Satara,400,200,300,Maharashtra,Other
12/06/2008,Onion,23,Satara,FAQ,Satara,550,250,400,Maharashtra,Other
17/06/2008,Onion,23,Satara,FAQ,Satara,600,300,450,Maharashtra,Other
03/07/2008,Onion,23,Satara,FAQ,Satara,500,300,400,Maharashtra,Other
17/07/2008,Onion,23,Satara,FAQ,Satara,800,500,650,Maharashtra,Other
06/09/2008,Onion,23,Satara,FAQ,Satara,850,600,700,Maharashtra,Other
08/09/2008,Onion,23,Satara,FAQ,Satara,850,600,725,Maharashtra,Other
11/09/2008,Onion,23,Satara,FAQ,Satara,800,600,700,Maharashtra,Other
28/09/2008,Onion,23,Satara,FAQ,Satara,800,400,600,Maharashtra,Other
16/10/2008,Onion,23,Satara,FAQ,Satara,820,250,600,Maharashtra,Other
21/10/2008,Onion,23,Satara,FAQ,Satara,800,400,600,Maharashtra,Other
09/11/2008,Onion,23,Satara,FAQ,Satara,1000,400,700,Maharashtra,Other
11/11/2008,Onion,23,Satara,FAQ,Satara,1000,400,700,Maharashtra,Other
20/11/2008,Onion,23,Satara,FAQ,Satara,1200,500,850,Maharashtra,Other
23/11/2008,Onion,23,Satara,FAQ,Satara,1250,600,900,Maharashtra,Other
21/12/2008,Onion,23,Satara,FAQ,Satara,1350,500,1000,Maharashtra,Other
04/01/2009,Onion,23,Satara,FAQ,Satara,1650,600,1100,Maharashtra,Other
05/01/2009,Onion,23,Satara,FAQ,Satara,1700,700,1200,Maharashtra,Other
06/01/2009,Onion,23,Satara,FAQ,Satara,1650,600,1200,Maharashtra,Other
10/01/2009,Onion,23,Satara,FAQ,Satara,1800,700,1250,Maharashtra,Other
12/01/2009,Onion,23,Satara,FAQ,Satara,1800,700,1200,Maharashtra,Other
22/01/2009,Onion,23,Satara,FAQ,Satara,1500,700,1100,Maharashtra,Other
25/01/2009,Onion,23,Satara,FAQ,Satara,1300,500,900,Maharashtra,Other
26/02/2009,Onion,23,Satara,FAQ,Satara,1100,600,850,Maharashtra,Other
01/03/2009,Onion,23,Satara,FAQ,Satara,900,500,700,Maharashtra,Other
12/04/2009,Onion,23,Satara,FAQ,Satara,650,400,550,Maharashtra,Other
02/06/2009,Onion,23,Satara,FAQ,Satara,750,400,600,Maharashtra,Other
09/06/2009,Onion,23,Satara,FAQ,Satara,850,600,750,Maharashtra,Other
18/06/2009,Onion,23,Satara,FAQ,Satara,850,700,750,Maharashtra,Other
25/06/2009,Onion,23,Satara,FAQ,Satara,850,500,650,Maharashtra,Other
30/06/2009,Onion,23,Satara,FAQ,Satara,800,600,700,Maharashtra,Other
02/07/2009,Onion,23,Satara,FAQ,Satara,850,600,750,Maharashtra,Other
14/07/2009,Onion,23,Satara,FAQ,Satara,800,600,700,Maharashtra,Other
06/08/2009,Onion,23,Satara,FAQ,Satara,750,600,700,Maharashtra,Other
20/08/2009,Onion,23,Satara,FAQ,Satara,850,600,750,Maharashtra,Other
01/09/2009,Onion,23,Satara,FAQ,Satara,750,600,650,Maharashtra,Other
29/10/2009,Onion,23,Satara,FAQ,Satara,1600,400,1000,Maharashtra,Other
08/11/2009,Onion,23,Satara,FAQ,Satara,1400,600,1000,Maharashtra,Other
12/11/2009,Onion,23,Satara,FAQ,Satara,2200,500,1350,Maharashtra,Other
15/11/2009,Onion,23,Satara,FAQ,Satara,2100,500,1300,Maharashtra,Other
06/12/2009,Onion,23,Satara,FAQ,Satara,1500,500,1000,Maharashtra,Other
14/12/2009,Onion,23,Satara,FAQ,Satara,3000,1000,2000,Maharashtra,Other
04/01/2011,Onion,23,Satara,FAQ,Satara,3500,1500,2500,Maharashtra,Other
16/01/2011,Onion,23,Satara,FAQ,Satara,4200,1000,2600,Maharashtra,Other
18/01/2011,Onion,23,Satara,FAQ,Satara,4000,1000,2500,Maharashtra,Other
30/01/2011,Onion,23,Satara,FAQ,Satara,2100,500,1300,Maharashtra,Other
01/02/2011,Onion,23,Satara,FAQ,Satara,2200,600,1400,Maharashtra,Other
10/02/2011,Onion,23,Satara,FAQ,Satara,1100,300,700,Maharashtra,Other
15/02/2011,Onion,23,Satara,FAQ,Satara,1400,800,1100,Maharashtra,Other
27/03/2011,Onion,23,Satara,FAQ,Satara,700,200,450,Maharashtra,Other
12/04/2011,Onion,23,Satara,FAQ,Satara,700,300,500,Maharashtra,Other
17/04/2011,Onion,23,Satara,FAQ,Satara,700,300,500,Maharashtra,Other
24/04/2011,Onion,23,Satara,FAQ,Satara,750,300,525,Maharashtra,Other
22/05/2011,Onion,23,Satara,FAQ,Satara,700,300,500,Maharashtra,Other
26/05/2011,Onion,23,Satara,FAQ,Satara,700,300,500,Maharashtra,Other
29/05/2011,Onion,23,Satara,FAQ,Satara,750,300,525,Maharashtra,Other
21/07/2011,Onion,23,Satara,FAQ,Satara,1050,600,825,Maharashtra,Other
09/08/2011,Onion,23,Satara,FAQ,Satara,1400,600,1000,Maharashtra,Other
22/08/2011,Onion,23,Satara,FAQ,Satara,1600,1300,1450,Maharashtra,Other
08/09/2011,Onion,23,Satara,FAQ,Satara,1400,1200,1300,Maharashtra,Other
20/09/2011,Onion,23,Satara,FAQ,Satara,1300,700,1000,Maharashtra,Other
22/09/2011,Onion,23,Satara,FAQ,Satara,1400,800,1100,Maharashtra,Other
24/11/2011,Onion,23,Satara,FAQ,Satara,1100,700,900,Maharashtra,Other
01/12/2011,Onion,23,Satara,FAQ,Satara,1000,200,600,Maharashtra,Other
29/12/2011,Onion,23,Satara,FAQ,Satara,600,300,450,Maharashtra,Other
31/12/2011,Onion,23,Satara,FAQ,Satara,600,300,450,Maharashtra,Other
09/01/2005,Onion,23,Satara,FAQ,Satara,550,200,375,Maharashtra,Other
20/02/2005,Onion,23,Satara,FAQ,Satara,450,300,375,Maharashtra,Other
06/03/2005,Onion,23,Satara,FAQ,Satara,350,200,275,Maharashtra,Other
13/03/2005,Onion,23,Satara,FAQ,Satara,350,200,275,Maharashtra,Other
12/04/2005,Onion,23,Satara,FAQ,Satara,350,200,300,Maharashtra,Other
14/04/2005,Onion,23,Satara,FAQ,Satara,300,200,250,Maharashtra,Other
28/04/2005,Onion,23,Satara,FAQ,Satara,300,150,225,Maharashtra,Other
12/05/2005,Onion,23,Satara,FAQ,Satara,350,200,250,Maharashtra,Other
19/05/2005,Onion,23,Satara,FAQ,Satara,350,200,250,Maharashtra,Other
21/05/2005,Onion,23,Satara,FAQ,Satara,350,200,250,Maharashtra,Other
24/05/2005,Onion,23,Satara,FAQ,Satara,380,200,250,Maharashtra,Other
25/05/2005,Onion,23,Satara,FAQ,Satara,380,200,250,Maharashtra,Other
04/06/2005,Onion,23,Satara,FAQ,Satara,380,200,250,Maharashtra,Other
09/06/2005,Onion,23,Satara,FAQ,Satara,480,300,375,Maharashtra,Other
19/06/2005,Onion,23,Satara,FAQ,Satara,500,300,400,Maharashtra,Other
30/06/2005,Onion,23,Satara,FAQ,Satara,500,300,350,Maharashtra,Other
09/07/2005,Onion,23,Satara,FAQ,Satara,500,300,400,Maharashtra,Other
23/07/2005,Onion,23,Satara,FAQ,Satara,550,300,400,Maharashtra,Other
31/07/2005,Onion,23,Satara,FAQ,Satara,600,400,500,Maharashtra,Other
13/08/2005,Onion,23,Satara,FAQ,Satara,650,500,550,Maharashtra,Other
14/08/2005,Onion,23,Satara,FAQ,Satara,700,500,600,Maharashtra,Other
20/08/2005,Onion,23,Satara,FAQ,Satara,700,500,600,Maharashtra,Other
27/08/2005,Onion,23,Satara,FAQ,Satara,850,600,700,Maharashtra,Other
01/09/2005,Onion,23,Satara,FAQ,Satara,950,700,800,Maharashtra,Other
22/09/2005,Onion,23,Satara,FAQ,Satara,1200,800,1000,Maharashtra,Other
25/09/2005,Onion,23,Satara,FAQ,Satara,1200,800,900,Maharashtra,Other
15/10/2005,Onion,23,Satara,FAQ,Satara,1400,1000,1200,Maharashtra,Other
16/10/2005,Onion,23,Satara,FAQ,Satara,1300,1000,1150,Maharashtra,Other
20/10/2005,Onion,23,Satara,FAQ,Satara,2000,1200,1600,Maharashtra,Other
22/10/2005,Onion,23,Satara,FAQ,Satara,2000,1200,1600,Maharashtra,Other
25/10/2005,Onion,23,Satara,FAQ,Satara,1500,800,1200,Maharashtra,Other
24/11/2005,Onion,23,Satara,FAQ,Satara,2000,1500,1700,Maharashtra,Other
25/12/2005,Onion,23,Satara,FAQ,Satara,400,200,300,Maharashtra,Other
08/11/2005,Onion,23,Satara,FAQ,Satara,1600,1000,1300,Maharashtra,Red
13/11/2005,Onion,23,Satara,FAQ,Satara,1400,500,1000,Maharashtra,Red
17/11/2005,Onion,23,Satara,FAQ,Satara,1400,400,900,Maharashtra,Red
20/11/2005,Onion,23,Satara,FAQ,Satara,1200,500,850,Maharashtra,Red
24/11/2005,Onion,23,Satara,FAQ,Satara,1200,400,800,Maharashtra,Red
04/12/2005,Onion,23,Satara,FAQ,Satara,800,300,550,Maharashtra,Red
07/11/2024,Onion,23,Satara,FAQ,Satara,6500,2000,4200,Maharashtra,Other
09/11/2024,Onion,23,Satara,FAQ,Satara,7000,3000,5000,Maharashtra,Other
14/11/2024,Onion,23,Satara,FAQ,Satara,6000,2000,4000,Maharashtra,Other
19/11/2024,Onion,23,Satara,FAQ,Satara,6500,1500,4000,Maharashtra,Other
23/11/2024,Onion,23,Satara,FAQ,Satara,6500,2000,4200,Maharashtra,Other
24/11/2024,Onion,23,Satara,FAQ,Satara,6500,2000,4200,Maharashtra,Other
08/01/2025,Onion,23,Satara,FAQ,Satara,3300,1000,2100,Maharashtra,Other
15/01/2025,Onion,23,Satara,FAQ,Satara,2500,1000,1750,Maharashtra,Other
18/01/2025,Onion,23,Satara,FAQ,Satara,3000,1000,2000,Maharashtra,Other
23/01/2025,Onion,23,Satara,FAQ,Satara,3200,1000,2100,Maharashtra,Other
02/02/2025,Onion,23,Satara,Local,Satara,2500,1000,1750,Maharashtra,Other
05/02/2025,Onion,23,Satara,Local,Satara,2500,500,1500,Maharashtra,Other
15/02/2025,Onion,23,Satara,Local,Satara,3200,1000,2100,Maharashtra,Other
24/02/2025,Onion,23,Satara,Local,Satara,2800,1000,1900,Maharashtra,Other
25/02/2025,Onion,23,Satara,Local,Satara,2800,1000,1900,Maharashtra,Other
27/02/2025,Onion,23,Satara,Local,Satara,2800,1000,1900,Maharashtra,Other
24/09/2024,Onion,23,Satara,FAQ,Satara,5000,3500,4250,Maharashtra,Other
04/01/2007,Onion,23,Satara,FAQ,Satara,900,500,700,Maharashtra,Other
11/01/2007,Onion,23,Satara,FAQ,Satara,1200,600,900,Maharashtra,Other
01/02/2007,Onion,23,Satara,FAQ,Satara,1200,400,800,Maharashtra,Other
04/02/2007,Onion,23,Satara,FAQ,Satara,1100,300,700,Maharashtra,Other
15/02/2007,Onion,23,Satara,FAQ,Satara,1100,300,700,Maharashtra,Other
01/03/2007,Onion,23,Satara,FAQ,Satara,600,200,400,Maharashtra,Other
08/03/2007,Onion,23,Satara,FAQ,Satara,750,300,550,Maharashtra,Other
11/03/2007,Onion,23,Satara,FAQ,Satara,900,300,600,Maharashtra,Other
20/03/2007,Onion,23,Satara,FAQ,Satara,900,400,650,Maharashtra,Other
25/03/2007,Onion,23,Satara,FAQ,Satara,700,400,600,Maharashtra,Other
08/04/2007,Onion,23,Satara,FAQ,Satara,700,300,500,Maharashtra,Other
12/04/2007,Onion,23,Satara,FAQ,Satara,600,300,500,Maharashtra,Other
15/04/2007,Onion,23,Satara,FAQ,Satara,700,400,550,Maharashtra,Other
17/04/2007,Onion,23,Satara,FAQ,Satara,700,300,500,Maharashtra,Other
22/04/2007,Onion,23,Satara,FAQ,Satara,600,400,500,Maharashtra,Other
26/04/2007,Onion,23,Satara,FAQ,Satara,600,300,450,Maharashtra,Other
03/05/2007,Onion,23,Satara,FAQ,Satara,700,300,500,Maharashtra,Other
10/05/2007,Onion,23,Satara,FAQ,Satara,750,500,650,Maharashtra,Other
24/06/2007,Onion,23,Satara,FAQ,Satara,1200,800,1000,Maharashtra,Other
25/06/2007,Onion,23,Satara,FAQ,Satara,1200,600,900,Maharashtra,Other
28/06/2007,Onion,23,Satara,FAQ,Satara,1200,1000,1100,Maharashtra,Other
23/07/2007,Onion,23,Satara,FAQ,Satara,1050,900,1000,Maharashtra,Other
01/08/2007,Onion,23,Satara,FAQ,Satara,1100,900,1000,Maharashtra,Other
02/08/2007,Onion,23,Satara,FAQ,Satara,1100,1000,1050,Maharashtra,Other
16/08/2007,Onion,23,Satara,FAQ,Satara,1200,800,1000,Maharashtra,Other
20/09/2007,Onion,23,Satara,FAQ,Satara,1600,500,1200,Maharashtra,Other
23/09/2007,Onion,23,Satara,FAQ,Satara,1700,1300,1500,Maharashtra,Other
24/09/2007,Onion,23,Satara,FAQ,Satara,1600,1000,1300,Maharashtra,Other
04/10/2007,Onion,23,Satara,FAQ,Satara,2200,400,1300,Maharashtra,Other
14/10/2007,Onion,23,Satara,FAQ,Satara,1700,400,1000,Maharashtra,Other
25/11/2007,Onion,23,Satara,FAQ,Satara,800,300,550,Maharashtra,Other
06/12/2007,Onion,23,Satara,FAQ,Satara,700,300,500,Maharashtra,Other
09/12/2007,Onion,23,Satara,FAQ,Satara,700,300,500,Maharashtra,Other
13/12/2007,Onion,23,Satara,FAQ,Satara,800,300,550,Maharashtra,Other
23/12/2007,Onion,23,Satara,FAQ,Satara,700,200,450,Maharashtra,Other
30/12/2007,Onion,23,Satara,FAQ,Satara,600,200,400,Maharashtra,Other
23/09/2004,Onion,23,Satara,FAQ,Satara,500,300,400,Maharashtra,Other
14/12/2004,Onion,23,Satara,FAQ,Satara,500,300,400,Maharashtra,Other
22/12/2004,Onion,23,Satara,FAQ,Satara,550,200,375,Maharashtra,Other
23/12/2004,Onion,23,Satara,FAQ,Satara,550,200,375,Maharashtra,Other
03/01/2006,Onion,23,Satara,FAQ,Satara,600,300,450,Maharashtra,Other
19/01/2006,Onion,23,Satara,FAQ,Satara,450,200,350,Maharashtra,Other
27/07/2006,Onion,23,Satara,FAQ,Satara,320,200,250,Maharashtra,Other
30/07/2006,Onion,23,Satara,FAQ,Satara,350,250,300,Maharashtra,Other
03/08/2006,Onion,23,Satara,FAQ,Satara,300,200,250,Maharashtra,Other
24/08/2006,Onion,23,Satara,FAQ,Satara,380,200,250,Maharashtra,Other
01/10/2006,Onion,23,Satara,FAQ,Satara,450,250,350,Maharashtra,Other
14/11/2006,Onion,23,Satara,FAQ,Satara,600,400,500,Maharashtra,Other
10/12/2006,Onion,23,Satara,FAQ,Satara,900,300,600,Maharashtra,Other
18/12/2006,Onion,23,Satara,FAQ,Satara,900,300,600,Maharashtra,Other
21/12/2006,Onion,23,Satara,FAQ,Satara,1000,300,650,Maharashtra,Other
24/12/2006,Onion,23,Satara,FAQ,Satara,1000,300,650,Maharashtra,Other
28/12/2006,Onion,23,Satara,FAQ,Satara,1000,300,650,Maharashtra,Other
02/12/2024,Onion,23,Satara,FAQ,Satara,6000,2000,4000,Maharashtra,Other
07/12/2024,Onion,23,Satara,FAQ,Satara,5500,2000,3700,Maharashtra,Other
15/12/2024,Onion,23,Satara,FAQ,Satara,4000,2000,3000,Maharashtra,Other
22/12/2024,Onion,23,Satara,FAQ,Satara,3000,1000,2000,Maharashtra,Other
28/12/2024,Onion,23,Satara,FAQ,Satara,3000,1000,2000,Maharashtra,Other
19/10/2024,Onion,23,Satara,FAQ,Satara,4500,1000,2700,Maharashtra,Other
16/10/2024,Onion,23,Satara,FAQ,Satara,4400,2000,3200,Maharashtra,Other
05/10/2024,Onion,23,Satara,FAQ,Satara,4200,3000,3600,Maharashtra,Other
13/08/2024,Onion,23,Satara,FAQ,Satara,3200,1500,2350,Maharashtra,Other
20/08/2024,Onion,23,Satara,FAQ,Satara,3200,1000,2100,Maharashtra,Other
22/08/2024,Onion,23,Satara,FAQ,Satara,4200,1500,2850,Maharashtra,Other
26/08/2024,Onion,23,Satara,FAQ,Satara,4000,2000,3000,Maharashtra,Other
31/08/2024,Onion,23,Satara,FAQ,Satara,4000,2000,3000,Maharashtra,Other
09/10/2024,Onion,23,Satara,FAQ,Satara,4200,3000,3700,Maharashtra,Other
21/10/2024,Onion,23,Satara,FAQ,Satara,4500,1000,2700,Maharashtra,Other
01/10/2024,Onion,23,Satara,FAQ,Satara,4200,3000,3600,Maharashtra,Other
17/10/2024,Onion,23,Satara,FAQ,Satara,4400,2000,3200,Maharashtra,Other
29/10/2024,Onion,23,Satara,FAQ,Satara,5000,1000,3000,Maharashtra,Other
22/09/2024,Onion,23,Satara,FAQ,Satara,5000,3000,4000,Maharashtra,Other
12/01/2010,Onion,23,Satara,FAQ,Satara,1500,500,1000,Maharashtra,Other
19/01/2010,Onion,23,Satara,FAQ,Satara,1500,500,1000,Maharashtra,Other
27/01/2010,Onion,23,Satara,FAQ,Satara,1500,500,1000,Maharashtra,Other
31/01/2010,Onion,23,Satara,FAQ,Satara,1600,500,1000,Maharashtra,Other
07/02/2010,Onion,23,Satara,FAQ,Satara,1400,400,900,Maharashtra,Other
18/02/2010,Onion,23,Satara,FAQ,Satara,1300,500,900,Maharashtra,Other
24/02/2010,Onion,23,Satara,FAQ,Satara,1000,800,900,Maharashtra,Other
25/02/2010,Onion,23,Satara,FAQ,Satara,800,400,600,Maharashtra,Other
15/04/2010,Onion,23,Satara,FAQ,Satara,600,300,450,Maharashtra,Other
27/04/2010,Onion,23,Satara,FAQ,Satara,600,400,500,Maharashtra,Other
06/05/2010,Onion,23,Satara,FAQ,Satara,650,400,525,Maharashtra,Other
09/05/2010,Onion,23,Satara,FAQ,Satara,650,400,525,Maharashtra,Other
15/05/2010,Onion,23,Satara,FAQ,Satara,650,400,550,Maharashtra,Other
30/05/2010,Onion,23,Satara,FAQ,Satara,820,400,650,Maharashtra,Other
31/05/2010,Onion,23,Satara,FAQ,Satara,800,500,650,Maharashtra,Other
29/06/2010,Onion,23,Satara,FAQ,Satara,800,500,650,Maharashtra,Other
01/07/2010,Onion,23,Satara,FAQ,Satara,900,400,650,Maharashtra,Other
03/08/2010,Onion,23,Satara,FAQ,Satara,900,700,800,Maharashtra,Other
23/08/2010,Onion,23,Satara,FAQ,Satara,1100,500,800,Maharashtra,Other
16/09/2010,Onion,23,Satara,FAQ,Satara,1400,500,1000,Maharashtra,Other
10/10/2010,Onion,23,Satara,FAQ,Satara,1800,400,1100,Maharashtra,Other
28/10/2010,Onion,23,Satara,FAQ,Satara,2000,400,1200,Maharashtra,Other
11/11/2010,Onion,23,Satara,FAQ,Satara,3500,2000,2750,Maharashtra,Other
18/11/2010,Onion,23,Satara,FAQ,Satara,3000,2000,2500,Maharashtra,Other
09/12/2010,Onion,23,Satara,FAQ,Satara,3000,700,1850,Maharashtra,Other
28/12/2010,Onion,23,Satara,FAQ,Satara,4000,1500,2750,Maharashtra,Other
01/03/2025,Onion,23,Satara,Local,Satara,2800,1000,1900,Maharashtra,Other
10/03/2025,Onion,23,Satara,Local,Satara,2000,500,1250,Maharashtra,Other
22/03/2025,Onion,23,Satara,Local,Satara,1800,800,1300,Maharashtra,Other
03/04/2021,Onion,23,Satara,FAQ,Satara,1300,1000,1150,Maharashtra,Other
05/04/2021,Onion,23,Satara,FAQ,Satara,1300,700,1000,Maharashtra,Other
07/04/2021,Onion,23,Satara,FAQ,Satara,1300,700,1000,Maharashtra,Other
14/04/2021,Onion,23,Satara,FAQ,Satara,1300,700,1000,Maharashtra,Other
19/04/2021,Onion,23,Satara,FAQ,Satara,1200,500,850,Maharashtra,Other
23/04/2021,Onion,23,Satara,FAQ,Satara,1200,800,1000,Maharashtra,Other
29/04/2021,Onion,23,Satara,FAQ,Satara,1200,800,1000,Maharashtra,Other
04/05/2021,Onion,23,Satara,FAQ,Satara,1300,700,1000,Maharashtra,Other
05/05/2021,Onion,23,Satara,FAQ,Satara,1300,800,1000,Maharashtra,Other
06/05/2021,Onion,23,Satara,FAQ,Satara,1200,800,1000,Maharashtra,Other
11/05/2021,Onion,23,Satara,FAQ,Satara,1200,800,1000,Maharashtra,Other
05/06/2021,Onion,23,Satara,FAQ,Satara,2000,500,1250,Maharashtra,Other
06/06/2021,Onion,23,Satara,FAQ,Satara,2000,500,1250,Maharashtra,Other
11/06/2021,Onion,23,Satara,FAQ,Satara,2000,1000,1500,Maharashtra,Other
25/06/2021,Onion,23,Satara,FAQ,Satara,2000,1600,1800,Maharashtra,Other
03/07/2021,Onion,23,Satara,FAQ,Satara,2000,1000,1500,Maharashtra,Other
06/07/2021,Onion,23,Satara,FAQ,Satara,2000,1000,1500,Maharashtra,Other
07/07/2021,Onion,23,Satara,FAQ,Satara,2000,1000,1500,Maharashtra,Other
01/08/2021,Onion,23,Satara,FAQ,Satara,2000,1000,1500,Maharashtra,Other
03/08/2021,Onion,23,Satara,FAQ,Satara,2000,1000,1500,Maharashtra,Other
09/08/2021,Onion,23,Satara,FAQ,Satara,2000,1000,1500,Maharashtra,Other
10/08/2021,Onion,23,Satara,FAQ,Satara,2000,1000,1500,Maharashtra,Other
11/08/2021,Onion,23,Satara,FAQ,Satara,2000,1000,1500,Maharashtra,Other
17/08/2021,Onion,23,Satara,FAQ,Satara,2000,1000,1500,Maharashtra,Other
23/08/2021,Onion,23,Satara,FAQ,Satara,1900,1600,1750,Maharashtra,Other
24/08/2021,Onion,23,Satara,FAQ,Satara,2000,1000,1500,Maharashtra,Other
29/08/2021,Onion,23,Satara,FAQ,Satara,1900,1000,1450,Maharashtra,Other
07/09/2021,Onion,23,Satara,FAQ,Satara,1800,1000,1400,Maharashtra,Other
14/09/2021,Onion,23,Satara,FAQ,Satara,1700,1000,1350,Maharashtra,Other
29/09/2021,Onion,23,Satara,FAQ,Satara,2200,1000,1600,Maharashtra,Other
02/10/2021,Onion,23,Satara,FAQ,Satara,2800,1500,2150,Maharashtra,Other
09/10/2021,Onion,23,Satara,FAQ,Satara,3200,2000,2600,Maharashtra,Other
19/10/2021,Onion,23,Satara,FAQ,Satara,3500,1500,2500,Maharashtra,Other
25/10/2021,Onion,23,Satara,FAQ,Satara,2800,1000,1900,Maharashtra,Other
30/10/2021,Onion,23,Satara,FAQ,Satara,2800,1000,1900,Maharashtra,Other
10/11/2021,Onion,23,Satara,FAQ,Satara,3300,1000,2200,Maharashtra,Other
14/11/2021,Onion,23,Satara,FAQ,Satara,2800,1000,1900,Maharashtra,Other
27/11/2021,Onion,23,Satara,FAQ,Satara,2800,500,1650,Maharashtra,Other
01/12/2021,Onion,23,Satara,FAQ,Satara,2200,1000,1600,Maharashtra,Other
05/12/2021,Onion,23,Satara,FAQ,Satara,3200,1000,2100,Maharashtra,Other
11/12/2021,Onion,23,Satara,FAQ,Satara,3200,1000,2100,Maharashtra,Other
23/12/2021,Onion,23,Satara,FAQ,Satara,3500,1000,2250,Maharashtra,Other
27/12/2021,Onion,23,Satara,FAQ,Satara,3500,1000,2250,Maharashtra,Other
28/12/2021,Onion,23,Satara,FAQ,Satara,3800,1000,2400,Maharashtra,Other
07/04/2025,Onion,23,Satara,Local,Satara,1500,800,1150,Maharashtra,Other
08/04/2025,Onion,23,Satara,Local,Satara,1500,700,1100,Maharashtra,Other
19/04/2025,Onion,23,Satara,Local,Satara,1200,500,900,Maharashtra,Other
24/04/2025,Onion,23,Satara,Local,Satara,1200,500,850,Maharashtra,Other
06/08/2025,Onion,23,Satara,Local,Satara,2000,1000,1500,Maharashtra,Other
17/08/2025,Onion,23,Satara,Local,Satara,2000,1000,1500,Maharashtra,Other
27/08/2025,Onion,23,Satara,Local,Satara,2000,1000,1500,Maharashtra,Other
12/08/2025,Onion,23,Satara,Local,Satara,2000,1000,1500,Maharashtra,Other
20/08/2025,Onion,23,Satara,Local,Satara,1700,1000,1350,Maharashtra,Other
02/09/2025,Onion,23,Satara,Local,Satara,1700,1000,1350,Maharashtra,Other
07/09/2025,Onion,23,Satara,Local,Satara,2000,1000,1500,Maharashtra,Other
08/09/2025,Onion,23,Satara,Local,Satara,2000,1000,1500,Maharashtra,Other
09/09/2025,Onion,23,Satara,Local,Satara,2000,1000,1500,Maharashtra,Other
14/09/2025,Onion,23,Satara,Local,Satara,2000,1000,1500,Maharashtra,Other
15/09/2025,Onion,23,Satara,Local,Satara,2000,1000,1500,Maharashtra,Other
29/09/2025,Onion,23,Satara,Local,Satara,2000,1000,1500,Maharashtra,Other
07/05/2025,Onion,23,Satara,Local,Satara,1400,1000,1200,Maharashtra,Other
25/05/2025,Onion,23,Satara,Local,Satara,1700,1000,1350,Maharashtra,Other
18/06/2025,Onion,23,Satara,Local,Satara,2000,1000,1500,Maharashtra,Other
24/06/2025,Onion,23,Satara,Local,Satara,2000,1000,1500,Maharashtra,Other
29/06/2025,Onion,23,Satara,Local,Satara,1800,1000,1400,Maharashtra,Other
03/07/2025,Onion,23,Satara,Local,Satara,2000,1000,1500,Maharashtra,Other
07/07/2025,Onion,23,Satara,Local,Satara,2000,1000,1500,Maharashtra,Other
08/07/2025,Onion,23,Satara,Local,Satara,2000,1000,1500,Maharashtra,Other
10/07/2025,Onion,23,Satara,Local,Satara,2000,1000,1500,Maharashtra,Other
19/07/2025,Onion,23,Satara,Local,Satara,2000,1000,1500,Maharashtra,Other
20/07/2025,Onion,23,Satara,Local,Satara,2000,1000,1500,Maharashtra,Other
29/01/2017,Onion,23,Satara,FAQ,Satara,900,500,700,Maharashtra,Other
12/02/2017,Onion,23,Satara,FAQ,Satara,900,400,650,Maharashtra,Other
09/03/2017,Onion,23,Satara,FAQ,Satara,700,400,550,Maharashtra,Other
06/04/2017,Onion,23,Satara,FAQ,Satara,700,400,550,Maharashtra,Other
16/04/2017,Onion,23,Satara,FAQ,Satara,700,300,500,Maharashtra,Other
20/04/2017,Onion,23,Satara,FAQ,Satara,650,200,450,Maharashtra,Other
23/04/2017,Onion,23,Satara,FAQ,Satara,700,300,500,Maharashtra,Other
30/04/2017,Onion,23,Satara,FAQ,Satara,600,400,500,Maharashtra,Other
14/05/2017,Onion,23,Satara,FAQ,Satara,550,300,425,Maharashtra,Other
25/05/2017,Onion,23,Satara,FAQ,Satara,650,450,550,Maharashtra,Other
11/06/2017,Onion,23,Satara,FAQ,Satara,1000,500,750,Maharashtra,Other
14/06/2017,Onion,23,Satara,FAQ,Satara,1000,600,800,Maharashtra,Other
15/06/2017,Onion,23,Satara,FAQ,Satara,1000,500,750,Maharashtra,Other
29/06/2017,Onion,23,Satara,FAQ,Satara,900,400,675,Maharashtra,Other
09/07/2017,Onion,23,Satara,FAQ,Satara,900,500,700,Maharashtra,Other
03/08/2017,Onion,23,Satara,FAQ,Satara,1500,500,1000,Maharashtra,Other
14/09/2017,Onion,23,Satara,FAQ,Satara,1600,700,1150,Maharashtra,Other
15/10/2017,Onion,23,Satara,FAQ,Satara,2500,1500,2000,Maharashtra,Other
02/11/2017,Onion,23,Satara,FAQ,Satara,3000,1000,2000,Maharashtra,Other
16/11/2017,Onion,23,Satara,FAQ,Satara,3500,2000,2750,Maharashtra,Other
02/01/2020,Onion,23,Satara,FAQ,Satara,4500,1500,3000,Maharashtra,Other
12/01/2020,Onion,23,Satara,FAQ,Satara,4000,3500,3750,Maharashtra,Other
25/01/2020,Onion,23,Satara,FAQ,Satara,3500,1000,2250,Maharashtra,Other
06/02/2020,Onion,23,Satara,FAQ,Satara,2000,500,1250,Maharashtra,Other
19/03/2020,Onion,23,Satara,FAQ,Satara,1600,800,1200,Maharashtra,Other
07/04/2020,Onion,23,Satara,FAQ,Satara,1700,800,1250,Maharashtra,Other
18/04/2020,Onion,23,Satara,FAQ,Satara,1200,1000,1100,Maharashtra,Other
23/05/2020,Onion,23,Satara,FAQ,Satara,1000,700,850,Maharashtra,Other
26/05/2020,Onion,23,Satara,FAQ,Satara,1000,500,750,Maharashtra,Other
04/06/2020,Onion,23,Satara,FAQ,Satara,1000,300,650,Maharashtra,Other
21/06/2020,Onion,23,Satara,FAQ,Satara,1000,500,750,Maharashtra,Other
30/06/2020,Onion,23,Satara,FAQ,Satara,1000,500,750,Maharashtra,Other
29/07/2020,Onion,23,Satara,FAQ,Satara,900,500,700,Maharashtra,Other
13/08/2020,Onion,23,Satara,FAQ,Satara,900,700,800,Maharashtra,Other
19/08/2020,Onion,23,Satara,FAQ,Satara,1000,800,900,Maharashtra,Other
25/08/2020,Onion,23,Satara,FAQ,Satara,1500,700,1150,Maharashtra,Other
07/09/2020,Onion,23,Satara,FAQ,Satara,1800,800,1300,Maharashtra,Other
10/09/2020,Onion,23,Satara,FAQ,Satara,2200,800,1500,Maharashtra,Other
14/09/2020,Onion,23,Satara,FAQ,Satara,2200,1500,1850,Maharashtra,Other
23/09/2020,Onion,23,Satara,FAQ,Satara,4000,2000,3000,Maharashtra,Other
24/09/2020,Onion,23,Satara,FAQ,Satara,3500,1500,2500,Maharashtra,Other
28/09/2020,Onion,23,Satara,FAQ,Satara,3000,2000,2500,Maharashtra,Other
29/09/2020,Onion,23,Satara,FAQ,Satara,3500,1500,2500,Maharashtra,Other
01/10/2020,Onion,23,Satara,FAQ,Satara,3500,3000,3250,Maharashtra,Other
07/10/2020,Onion,23,Satara,FAQ,Satara,3500,1500,2250,Maharashtra,Other
11/10/2020,Onion,23,Satara,FAQ,Satara,3800,1000,2400,Maharashtra,Other
28/10/2020,Onion,23,Satara,FAQ,Satara,6000,1000,3500,Maharashtra,Other
29/10/2020,Onion,23,Satara,FAQ,Satara,6000,2000,4000,Maharashtra,Other
31/10/2020,Onion,23,Satara,FAQ,Satara,6000,1000,3500,Maharashtra,Other
01/11/2020,Onion,23,Satara,FAQ,Satara,6500,1500,4000,Maharashtra,Other
02/11/2020,Onion,23,Satara,FAQ,Satara,6500,1500,4000,Maharashtra,Other
03/11/2020,Onion,23,Satara,FAQ,Satara,6500,2000,4200,Maharashtra,Other
07/11/2020,Onion,23,Satara,FAQ,Satara,5000,2000,3500,Maharashtra,Other
08/11/2020,Onion,23,Satara,FAQ,Satara,5000,1000,3000,Maharashtra,Other
10/11/2020,Onion,23,Satara,FAQ,Satara,5500,2500,4000,Maharashtra,Other
03/12/2020,Onion,23,Satara,FAQ,Satara,3500,2000,2750,Maharashtra,Other
14/12/2020,Onion,23,Satara,FAQ,Satara,3700,1000,2350,Maharashtra,Other
09/01/2024,Onion,23,Satara,FAQ,Satara,2100,1000,1550,Maharashtra,Other
15/01/2024,Onion,23,Satara,FAQ,Satara,1900,1000,1500,Maharashtra,Other
27/01/2024,Onion,23,Satara,FAQ,Satara,1400,700,1050,Maharashtra,Other
28/01/2024,Onion,23,Satara,FAQ,Satara,1400,700,1050,Maharashtra,Other
12/02/2024,Onion,23,Satara,FAQ,Satara,1600,1000,1300,Maharashtra,Other
24/02/2024,Onion,23,Satara,FAQ,Satara,2000,1000,1500,Maharashtra,Other
29/02/2024,Onion,23,Satara,FAQ,Satara,1800,1000,1400,Maharashtra,Other
10/03/2024,Onion,23,Satara,FAQ,Satara,1600,1200,1400,Maharashtra,Other
14/03/2024,Onion,23,Satara,FAQ,Satara,1700,1000,1350,Maharashtra,Other
30/03/2024,Onion,23,Satara,FAQ,Satara,1500,1000,1250,Maharashtra,Other
08/04/2024,Onion,23,Satara,FAQ,Satara,1600,1000,1300,Maharashtra,Other
15/04/2024,Onion,23,Satara,FAQ,Satara,1600,1000,1300,Maharashtra,Other
09/05/2024,Onion,23,Satara,FAQ,Satara,2000,500,1250,Maharashtra,Other
11/05/2024,Onion,23,Satara,FAQ,Satara,2000,1500,1750,Maharashtra,Other
13/05/2024,Onion,23,Satara,FAQ,Satara,2000,1500,1750,Maharashtra,Other
23/05/2024,Onion,23,Satara,FAQ,Satara,2000,1500,1750,Maharashtra,Other
29/05/2024,Onion,23,Satara,FAQ,Satara,2200,1500,1750,Maharashtra,Other
06/06/2024,Onion,23,Satara,FAQ,Satara,2500,2000,2250,Maharashtra,Other
11/06/2024,Onion,23,Satara,FAQ,Satara,3200,1000,2100,Maharashtra,Other
13/06/2024,Onion,23,Satara,FAQ,Satara,3200,1000,2100,Maharashtra,Other
03/07/2024,Onion,23,Satara,FAQ,Satara,3000,2500,2750,Maharashtra,Other
11/07/2024,Onion,23,Satara,FAQ,Satara,3200,2500,2800,Maharashtra,Other
15/07/2024,Onion,23,Satara,FAQ,Satara,3200,2500,2800,Maharashtra,Other
22/07/2024,Onion,23,Satara,FAQ,Satara,2500,2000,2250,Maharashtra,Other
28/07/2024,Onion,23,Satara,FAQ,Satara,3000,2000,2500,Maharashtra,Other
30/07/2024,Onion,23,Satara,FAQ,Satara,3000,2000,2500,Maharashtra,Other
14/01/2023,Onion,23,Satara,FAQ,Satara,2000,1000,1500,Maharashtra,Other
22/01/2023,Onion,23,Satara,FAQ,Satara,2000,1000,1500,Maharashtra,Other
23/01/2023,Onion,23,Satara,FAQ,Satara,1800,1200,1500,Maharashtra,Other
04/02/2023,Onion,23,Satara,FAQ,Satara,1300,1000,1150,Maharashtra,Other
09/02/2023,Onion,23,Satara,FAQ,Satara,1500,1000,1250,Maharashtra,Other
19/02/2023,Onion,23,Satara,FAQ,Satara,1800,1000,1400,Maharashtra,Other
20/02/2023,Onion,23,Satara,FAQ,Satara,1300,1000,1150,Maharashtra,Other
21/02/2023,Onion,23,Satara,FAQ,Satara,1300,1000,1150,Maharashtra,Other
27/02/2023,Onion,23,Satara,FAQ,Satara,1300,1000,1150,Maharashtra,Other
01/03/2023,Onion,23,Satara,FAQ,Satara,1300,1000,1150,Maharashtra,Other
04/03/2023,Onion,23,Satara,FAQ,Satara,1200,800,1000,Maharashtra,Other
05/03/2023,Onion,23,Satara,FAQ,Satara,1300,1000,1150,Maharashtra,Other
11/03/2023,Onion,23,Satara,FAQ,Satara,1300,900,1100,Maharashtra,Other
14/03/2023,Onion,23,Satara,FAQ,Satara,1200,800,1000,Maharashtra,Other
22/03/2023,Onion,23,Satara,FAQ,Satara,1300,800,1050,Maharashtra,Other
30/03/2023,Onion,23,Satara,FAQ,Satara,1100,800,950,Maharashtra,Other
08/04/2023,Onion,23,Satara,FAQ,Satara,1000,700,850,Maharashtra,Other
10/04/2023,Onion,23,Satara,FAQ,Satara,1000,700,850,Maharashtra,Other
20/04/2023,Onion,23,Satara,FAQ,Satara,900,700,800,Maharashtra,Other
27/04/2023,Onion,23,Satara,FAQ,Satara,900,600,750,Maharashtra,Other
02/05/2023,Onion,23,Satara,FAQ,Satara,900,600,750,Maharashtra,Other
07/05/2023,Onion,23,Satara,FAQ,Satara,1000,500,750,Maharashtra,Other
16/05/2023,Onion,23,Satara,FAQ,Satara,900,500,700,Maharashtra,Other
23/05/2023,Onion,23,Satara,FAQ,Satara,900,500,700,Maharashtra,Other
03/06/2023,Onion,23,Satara,FAQ,Satara,900,500,700,Maharashtra,Other
07/06/2023,Onion,23,Satara,FAQ,Satara,1200,800,1000,Maharashtra,Other
11/06/2023,Onion,23,Satara,FAQ,Satara,1200,800,1000,Maharashtra,Other
12/06/2023,Onion,23,Satara,FAQ,Satara,1200,800,1000,Maharashtra,Other
12/07/2023,Onion,23,Satara,FAQ,Satara,1700,300,1000,Maharashtra,Other
13/07/2023,Onion,23,Satara,FAQ,Satara,1600,300,950,Maharashtra,Other
15/07/2023,Onion,23,Satara,FAQ,Satara,1600,1000,1300,Maharashtra,Other
17/07/2023,Onion,23,Satara,FAQ,Satara,1600,1100,1350,Maharashtra,Other
20/08/2023,Onion,23,Satara,FAQ,Satara,2600,1500,2050,Maharashtra,Other
22/08/2023,Onion,23,Satara,FAQ,Satara,2500,1400,1950,Maharashtra,Other
24/08/2023,Onion,23,Satara,FAQ,Satara,2400,1500,1950,Maharashtra,Other
26/08/2023,Onion,23,Satara,FAQ,Satara,2400,1500,1950,Maharashtra,Other
05/09/2023,Onion,23,Satara,FAQ,Satara,2500,1500,2000,Maharashtra,Other
09/09/2023,Onion,23,Satara,FAQ,Satara,2500,2000,2250,Maharashtra,Other
14/09/2023,Onion,23,Satara,FAQ,Satara,2300,1000,1650,Maharashtra,Other
18/09/2023,Onion,23,Satara,FAQ,Satara,2300,1000,1650,Maharashtra,Other
27/09/2023,Onion,23,Satara,FAQ,Satara,2200,1000,1600,Maharashtra,Other
02/10/2023,Onion,23,Satara,FAQ,Satara,2500,1500,2000,Maharashtra,Other
11/10/2023,Onion,23,Satara,FAQ,Satara,2700,1000,1850,Maharashtra,Other
12/10/2023,Onion,23,Satara,FAQ,Satara,2700,1500,2300,Maharashtra,Other
18/10/2023,Onion,23,Satara,FAQ,Satara,2800,1000,1900,Maharashtra,Other
19/10/2023,Onion,23,Satara,FAQ,Satara,3800,2000,2900,Maharashtra,Other
25/10/2023,Onion,23,Satara,FAQ,Satara,3800,2000,2900,Maharashtra,Other
04/12/2023,Onion,23,Satara,FAQ,Satara,4500,2000,3500,Maharashtra,Other
10/12/2023,Onion,23,Satara,FAQ,Satara,4800,2000,3400,Maharashtra,Other
18/12/2023,Onion,23,Satara,FAQ,Satara,3500,1500,2500,Maharashtra,Other
19/12/2023,Onion,23,Satara,FAQ,Satara,2500,1500,2000,Maharashtra,Other
30/12/2023,Onion,23,Satara,FAQ,Satara,3500,1500,2500,Maharashtra,Other
18/01/2022,Onion,23,Satara,FAQ,Satara,3000,1000,2000,Maharashtra,Other
19/01/2022,Onion,23,Satara,FAQ,Satara,3000,1000,2000,Maharashtra,Other
20/01/2022,Onion,23,Satara,FAQ,Satara,3500,1000,2250,Maharashtra,Other
24/01/2022,Onion,23,Satara,FAQ,Satara,3500,1000,2250,Maharashtra,Other
31/01/2022,Onion,23,Satara,FAQ,Satara,3500,1000,2250,Maharashtra,Other
08/02/2022,Onion,23,Satara,FAQ,Satara,2600,1000,1800,Maharashtra,Other
20/02/2022,Onion,23,Satara,FAQ,Satara,3000,1000,2000,Maharashtra,Other
24/02/2022,Onion,23,Satara,FAQ,Satara,2700,1000,1850,Maharashtra,Other
02/03/2022,Onion,23,Satara,FAQ,Satara,1800,1000,1400,Maharashtra,Other
07/03/2022,Onion,23,Satara,FAQ,Satara,1500,1000,1250,Maharashtra,Other
13/03/2022,Onion,23,Satara,FAQ,Satara,1500,1000,1250,Maharashtra,Other
26/03/2022,Onion,23,Satara,FAQ,Satara,1200,800,1000,Maharashtra,Other
31/03/2022,Onion,23,Satara,FAQ,Satara,1300,500,900,Maharashtra,Other
21/04/2022,Onion,23,Satara,FAQ,Satara,1100,400,750,Maharashtra,Other
27/04/2022,Onion,23,Satara,FAQ,Satara,1100,500,800,Maharashtra,Other
30/04/2022,Onion,23,Satara,FAQ,Satara,1100,500,800,Maharashtra,Other
02/05/2022,Onion,23,Satara,FAQ,Satara,1100,500,800,Maharashtra,Other
11/05/2022,Onion,23,Satara,FAQ,Satara,1100,800,1000,Maharashtra,Other
16/05/2022,Onion,23,Satara,FAQ,Satara,1100,900,1000,Maharashtra,Other
17/05/2022,Onion,23,Satara,FAQ,Satara,1100,900,1000,Maharashtra,Other
18/05/2022,Onion,23,Satara,FAQ,Satara,1100,900,1000,Maharashtra,Other
22/05/2022,Onion,23,Satara,FAQ,Satara,1100,500,800,Maharashtra,Other
25/05/2022,Onion,23,Satara,FAQ,Satara,1100,500,800,Maharashtra,Other
05/06/2022,Onion,23,Satara,FAQ,Satara,1400,600,1000,Maharashtra,Other
12/06/2022,Onion,23,Satara,FAQ,Satara,1400,1000,1200,Maharashtra,Other
15/06/2022,Onion,23,Satara,FAQ,Satara,1600,700,1150,Maharashtra,Other
20/06/2022,Onion,23,Satara,FAQ,Satara,1600,1200,1400,Maharashtra,Other
23/06/2022,Onion,23,Satara,FAQ,Satara,1600,700,1150,Maharashtra,Other
27/06/2022,Onion,23,Satara,FAQ,Satara,1600,1200,1400,Maharashtra,Other
05/07/2022,Onion,23,Satara,FAQ,Satara,1500,1200,1350,Maharashtra,Other
06/07/2022,Onion,23,Satara,FAQ,Satara,1500,1200,1350,Maharashtra,Other
07/07/2022,Onion,23,Satara,FAQ,Satara,1500,1000,1250,Maharashtra,Other
13/07/2022,Onion,23,Satara,FAQ,Satara,1500,1200,1350,Maharashtra,Other
14/07/2022,Onion,23,Satara,FAQ,Satara,1500,1000,1250,Maharashtra,Other
18/07/2022,Onion,23,Satara,FAQ,Satara,1500,1200,1350,Maharashtra,Other
28/07/2022,Onion,23,Satara,FAQ,Satara,1500,1200,1350,Maharashtra,Other
13/08/2022,Onion,23,Satara,FAQ,Satara,1500,1000,1250,Maharashtra,Other
14/08/2022,Onion,23,Satara,FAQ,Satara,1500,1000,1250,Maharashtra,Other
17/08/2022,Onion,23,Satara,FAQ,Satara,1600,1200,1400,Maharashtra,Other
18/08/2022,Onion,23,Satara,FAQ,Satara,1600,1200,1400,Maharashtra,Other
08/09/2022,Onion,23,Satara,FAQ,Satara,1500,1000,1250,Maharashtra,Other
17/09/2022,Onion,23,Satara,FAQ,Satara,1500,1000,1250,Maharashtra,Other
18/09/2022,Onion,23,Satara,FAQ,Satara,1500,1000,1250,Maharashtra,Other
19/09/2022,Onion,23,Satara,FAQ,Satara,1500,1000,1250,Maharashtra,Other
26/09/2022,Onion,23,Satara,FAQ,Satara,1500,1000,1250,Maharashtra,Other
17/10/2022,Onion,23,Satara,FAQ,Satara,2200,1700,1950,Maharashtra,Other
05/11/2022,Onion,23,Satara,FAQ,Satara,3000,1500,2250,Maharashtra,Other
06/11/2022,Onion,23,Satara,FAQ,Satara,3000,1500,2250,Maharashtra,Other
13/11/2022,Onion,23,Satara,FAQ,Satara,2600,1000,1800,Maharashtra,Other
21/11/2022,Onion,23,Satara,FAQ,Satara,2000,1000,1500,Maharashtra,Other
10/12/2022,Onion,23,Satara,FAQ,Satara,1500,1000,1250,Maharashtra,Other
13/12/2022,Onion,23,Satara,FAQ,Satara,1500,1000,1250,Maharashtra,Other
20/01/2021,Onion,23,Satara,FAQ,Satara,3200,1000,2100,Maharashtra,Other
21/01/2021,Onion,23,Satara,FAQ,Satara,3200,1000,2100,Maharashtra,Other
28/01/2021,Onion,23,Satara,FAQ,Satara,2500,1000,1750,Maharashtra,Other
31/01/2021,Onion,23,Satara,FAQ,Satara,3200,2500,2850,Maharashtra,Other
10/02/2021,Onion,23,Satara,FAQ,Satara,3800,1500,2650,Maharashtra,Other
13/02/2021,Onion,23,Satara,FAQ,Satara,4000,2000,3000,Maharashtra,Other
08/03/2021,Onion,23,Satara,FAQ,Satara,2500,1000,1750,Maharashtra,Other
22/03/2021,Onion,23,Satara,FAQ,Satara,4200,1000,2600,Maharashtra,Other
25/03/2021,Onion,23,Satara,FAQ,Satara,1600,300,950,Maharashtra,Other
05/03/2025,Onion,23,Satara,Local,Satara,2600,1000,1800,Maharashtra,Other
02/10/2025,Onion,23,Satara,Local,Satara,1800,1000,1400,Maharashtra,Other
03/11/2025,Onion,23,Satara,Local,Satara,2000,1000,1500,Maharashtra,Other
08/10/2025,Onion,23,Satara,Local,Satara,1700,1000,1350,Maharashtra,Other
13/10/2025,Onion,23,Satara,Local,Satara,1800,1000,1400,Maharashtra,Other
27/10/2025,Onion,23,Satara,Local,Satara,1800,1000,1400,Maharashtra,Other
28/10/2025,Onion,23,Satara,Local,Satara,2000,1500,1750,Maharashtra,Other
09/01/2014,Onion,23,Satara,FAQ,Satara,1200,600,900,Maharashtra,Other
23/01/2014,Onion,23,Satara,FAQ,Satara,1100,800,950,Maharashtra,Other
02/03/2014,Onion,23,Satara,FAQ,Satara,800,600,700,Maharashtra,Other
06/03/2014,Onion,23,Satara,FAQ,Satara,700,600,650,Maharashtra,Other
04/05/2014,Onion,23,Satara,FAQ,Satara,1000,820,900,Maharashtra,Other
18/05/2014,Onion,23,Satara,FAQ,Satara,1100,900,1000,Maharashtra,Other
08/06/2014,Onion,23,Satara,FAQ,Satara,1700,800,1250,Maharashtra,Other
10/07/2014,Onion,23,Satara,FAQ,Satara,2800,2500,2600,Maharashtra,Other
17/07/2014,Onion,23,Satara,FAQ,Satara,2500,1700,2100,Maharashtra,Other
20/07/2014,Onion,23,Satara,FAQ,Satara,2500,2000,2250,Maharashtra,Other
24/07/2014,Onion,23,Satara,FAQ,Satara,2000,1500,1750,Maharashtra,Other
27/07/2014,Onion,23,Satara,FAQ,Satara,2100,1500,1800,Maharashtra,Other
28/08/2014,Onion,23,Satara,FAQ,Satara,2000,1700,1850,Maharashtra,Other
07/09/2014,Onion,23,Satara,FAQ,Satara,1900,1500,1700,Maharashtra,Other
11/09/2014,Onion,23,Satara,FAQ,Satara,1900,1500,1700,Maharashtra,Other
27/11/2014,Onion,23,Satara,FAQ,Satara,2000,1500,1750,Maharashtra,Other
04/12/2014,Onion,23,Satara,FAQ,Satara,1700,1200,1400,Maharashtra,Other
18/12/2014,Onion,23,Satara,FAQ,Satara,2600,2200,2400,Maharashtra,Other
21/12/2014,Onion,23,Satara,FAQ,Satara,2600,2200,2400,Maharashtra,Other
13/01/2013,Onion,23,Satara,FAQ,Satara,1500,800,1150,Maharashtra,Other
24/01/2013,Onion,23,Satara,FAQ,Satara,1800,1000,1400,Maharashtra,Other
03/03/2013,Onion,23,Satara,FAQ,Satara,1300,700,1000,Maharashtra,Other
10/03/2013,Onion,23,Satara,FAQ,Satara,1100,800,950,Maharashtra,Other
14/04/2013,Onion,23,Satara,FAQ,Satara,1200,700,950,Maharashtra,Other
02/05/2013,Onion,23,Satara,FAQ,Satara,1100,500,800,Maharashtra,Other
23/05/2013,Onion,23,Satara,FAQ,Satara,1300,700,1000,Maharashtra,Other
07/07/2013,Onion,23,Satara,FAQ,Satara,2300,1300,1800,Maharashtra,Other
11/08/2013,Onion,23,Satara,FAQ,Satara,4900,3500,4200,Maharashtra,Other
18/08/2013,Onion,23,Satara,FAQ,Satara,4000,2000,3000,Maharashtra,Other
22/08/2013,Onion,23,Satara,FAQ,Satara,3500,1500,2500,Maharashtra,Other
20/10/2013,Onion,23,Satara,FAQ,Satara,5500,3500,4500,Maharashtra,Other
07/11/2013,Onion,23,Satara,FAQ,Satara,5200,2000,3600,Maharashtra,Other
24/11/2013,Onion,23,Satara,FAQ,Satara,3000,1500,2250,Maharashtra,Other
15/12/2013,Onion,23,Satara,FAQ,Satara,1200,600,900,Maharashtra,Other
20/09/2004,Onion,23,Satara,FAQ,Satara,480,300,370,Maharashtra,Other
22/09/2004,Onion,23,Satara,FAQ,Satara,480,300,370,Maharashtra,Other
03/10/2004,Onion,23,Satara,FAQ,Satara,500,250,375,Maharashtra,Other
14/10/2004,Onion,23,Satara,FAQ,Satara,600,200,350,Maharashtra,Other
17/10/2004,Onion,23,Satara,FAQ,Satara,600,300,450,Maharashtra,Other
28/10/2004,Onion,23,Satara,FAQ,Satara,450,200,325,Maharashtra,Other
30/12/2004,Onion,23,Satara,FAQ,Satara,400,200,300,Maharashtra,Other
05/01/2020,Onion,23,Satara,FAQ,Satara,4500,1500,3000,Maharashtra,Other
09/02/2020,Onion,23,Satara,FAQ,Satara,2000,1000,1500,Maharashtra,Other
13/02/2020,Onion,23,Satara,FAQ,Satara,2100,1000,1600,Maharashtra,Other
16/02/2020,Onion,23,Satara,FAQ,Satara,2200,1000,1600,Maharashtra,Other
01/04/2020,Onion,23,Satara,FAQ,Satara,2500,1500,2000,Maharashtra,Other
02/04/2020,Onion,23,Satara,FAQ,Satara,2500,2000,2250,Maharashtra,Other
04/04/2020,Onion,23,Satara,FAQ,Satara,1800,1000,1400,Maharashtra,Other
06/04/2020,Onion,23,Satara,FAQ,Satara,1400,1000,1200,Maharashtra,Other
11/05/2020,Onion,23,Satara,FAQ,Satara,1000,800,900,Maharashtra,Other
15/05/2020,Onion,23,Satara,FAQ,Satara,1000,800,900,Maharashtra,Other
16/05/2020,Onion,23,Satara,FAQ,Satara,1000,700,850,Maharashtra,Other
20/05/2020,Onion,23,Satara,FAQ,Satara,1000,500,750,Maharashtra,Other
24/05/2020,Onion,23,Satara,FAQ,Satara,1000,500,750,Maharashtra,Other
27/05/2020,Onion,23,Satara,FAQ,Satara,1000,500,750,Maharashtra,Other
30/05/2020,Onion,23,Satara,FAQ,Satara,1000,500,750,Maharashtra,Other
09/06/2020,Onion,23,Satara,FAQ,Satara,1000,300,650,Maharashtra,Other
10/06/2020,Onion,23,Satara,FAQ,Satara,1000,300,650,Maharashtra,Other
14/06/2020,Onion,23,Satara,FAQ,Satara,1000,300,650,Maharashtra,Other
16/06/2020,Onion,23,Satara,FAQ,Satara,1000,500,750,Maharashtra,Other
18/06/2020,Onion,23,Satara,FAQ,Satara,1000,500,750,Maharashtra,Other
19/06/2020,Onion,23,Satara,FAQ,Satara,1000,500,750,Maharashtra,Other
20/06/2020,Onion,23,Satara,FAQ,Satara,1000,500,750,Maharashtra,Other
02/08/2020,Onion,23,Satara,FAQ,Satara,1000,500,900,Maharashtra,Other
06/08/2020,Onion,23,Satara,FAQ,Satara,900,300,600,Maharashtra,Other
11/08/2020,Onion,23,Satara,FAQ,Satara,900,700,800,Maharashtra,Other
15/08/2020,Onion,23,Satara,FAQ,Satara,900,700,800,Maharashtra,Other
16/08/2020,Onion,23,Satara,FAQ,Satara,900,700,800,Maharashtra,Other
27/08/2020,Onion,23,Satara,FAQ,Satara,1600,700,1150,Maharashtra,Other
06/09/2020,Onion,23,Satara,FAQ,Satara,1800,800,1300,Maharashtra,Other
08/09/2020,Onion,23,Satara,FAQ,Satara,1800,800,1300,Maharashtra,Other
12/09/2020,Onion,23,Satara,FAQ,Satara,2200,1500,1800,Maharashtra,Other
13/09/2020,Onion,23,Satara,FAQ,Satara,2200,1000,1600,Maharashtra,Other
16/09/2020,Onion,23,Satara,FAQ,Satara,2200,1000,1600,Maharashtra,Other
20/09/2020,Onion,23,Satara,FAQ,Satara,2800,2000,2400,Maharashtra,Other
27/09/2020,Onion,23,Satara,FAQ,Satara,3000,1000,2000,Maharashtra,Other
06/10/2020,Onion,23,Satara,FAQ,Satara,3500,3000,3250,Maharashtra,Other
15/10/2020,Onion,23,Satara,FAQ,Satara,4500,1500,3000,Maharashtra,Other
09/11/2020,Onion,23,Satara,FAQ,Satara,5500,2500,4000,Maharashtra,Other
11/11/2020,Onion,23,Satara,FAQ,Satara,5500,2500,4000,Maharashtra,Other
15/11/2020,Onion,23,Satara,FAQ,Satara,5500,1500,3500,Maharashtra,Other
28/11/2020,Onion,23,Satara,FAQ,Satara,4000,2000,3000,Maharashtra,Other
29/11/2020,Onion,23,Satara,FAQ,Satara,4000,2000,3000,Maharashtra,Other
30/11/2020,Onion,23,Satara,FAQ,Satara,4000,2000,3000,Maharashtra,Other
02/12/2020,Onion,23,Satara,FAQ,Satara,3800,2000,2900,Maharashtra,Other
06/12/2020,Onion,23,Satara,FAQ,Satara,3000,1000,2000,Maharashtra,Other
12/12/2020,Onion,23,Satara,FAQ,Satara,3800,2500,3150,Maharashtra,Other
20/12/2020,Onion,23,Satara,FAQ,Satara,3000,1000,2000,Maharashtra,Other
31/12/2020,Onion,23,Satara,FAQ,Satara,3000,1500,2250,Maharashtra,Other
02/01/2021,Onion,23,Satara,FAQ,Satara,3000,1500,2250,Maharashtra,Other
02/02/2021,Onion,23,Satara,FAQ,Satara,3800,3000,3400,Maharashtra,Other
06/02/2021,Onion,23,Satara,FAQ,Satara,3300,1500,2400,Maharashtra,Other
15/02/2021,Onion,23,Satara,FAQ,Satara,4000,2000,3000,Maharashtra,Other
20/02/2021,Onion,23,Satara,FAQ,Satara,4000,2000,3000,Maharashtra,Other
28/02/2021,Onion,23,Satara,FAQ,Satara,2500,1000,1750,Maharashtra,Other
03/03/2021,Onion,23,Satara,FAQ,Satara,3000,1000,2000,Maharashtra,Other
04/03/2021,Onion,23,Satara,FAQ,Satara,3000,500,1750,Maharashtra,Other
06/03/2021,Onion,23,Satara,FAQ,Satara,2700,1000,1850,Maharashtra,Other
10/03/2021,Onion,23,Satara,FAQ,Satara,1700,1000,1350,Maharashtra,Other
13/03/2021,Onion,23,Satara,FAQ,Satara,1800,800,1300,Maharashtra,Other
14/03/2021,Onion,23,Satara,FAQ,Satara,1800,800,1300,Maharashtra,Other
15/03/2021,Onion,23,Satara,FAQ,Satara,1800,1000,1400,Maharashtra,Other
31/03/2021,Onion,23,Satara,FAQ,Satara,1400,700,1050,Maharashtra,Other
01/04/2021,Onion,23,Satara,FAQ,Satara,1300,1000,1150,Maharashtra,Other
06/04/2021,Onion,23,Satara,FAQ,Satara,1300,700,1000,Maharashtra,Other
13/04/2021,Onion,23,Satara,FAQ,Satara,1200,800,1000,Maharashtra,Other
17/04/2021,Onion,23,Satara,FAQ,Satara,1200,800,1000,Maharashtra,Other
21/04/2021,Onion,23,Satara,FAQ,Satara,1200,800,1000,Maharashtra,Other
28/04/2021,Onion,23,Satara,FAQ,Satara,1200,800,1000,Maharashtra,Other
09/05/2021,Onion,23,Satara,FAQ,Satara,1300,1000,1150,Maharashtra,Other
10/05/2021,Onion,23,Satara,FAQ,Satara,1200,800,1000,Maharashtra,Other
13/05/2021,Onion,23,Satara,FAQ,Satara,1300,1000,1150,Maharashtra,Other
16/05/2021,Onion,23,Satara,FAQ,Satara,1300,800,1050,Maharashtra,Other
20/05/2021,Onion,23,Satara,FAQ,Satara,1300,1000,1150,Maharashtra,Other
26/07/2021,Onion,23,Satara,FAQ,Satara,2000,1600,1800,Maharashtra,Other
16/08/2021,Onion,23,Satara,FAQ,Satara,2000,1000,1500,Maharashtra,Other
08/09/2021,Onion,23,Satara,FAQ,Satara,1700,1000,1350,Maharashtra,Other
12/09/2021,Onion,23,Satara,FAQ,Satara,1700,1500,1600,Maharashtra,Other
30/09/2021,Onion,23,Satara,FAQ,Satara,2300,1000,1650,Maharashtra,Other
05/10/2021,Onion,23,Satara,FAQ,Satara,3400,2000,2600,Maharashtra,Other
12/10/2021,Onion,23,Satara,FAQ,Satara,4200,2500,3300,Maharashtra,Other
13/10/2021,Onion,23,Satara,FAQ,Satara,4000,2000,3000,Maharashtra,Other
23/10/2021,Onion,23,Satara,FAQ,Satara,3000,1000,2000,Maharashtra,Other
24/10/2021,Onion,23,Satara,FAQ,Satara,2800,1000,1900,Maharashtra,Other
08/11/2021,Onion,23,Satara,FAQ,Satara,3100,2000,2500,Maharashtra,Other
13/11/2021,Onion,23,Satara,FAQ,Satara,2800,1000,1900,Maharashtra,Other
15/11/2021,Onion,23,Satara,FAQ,Satara,2800,1000,1900,Maharashtra,Other
17/11/2021,Onion,23,Satara,FAQ,Satara,2800,1000,1900,Maharashtra,Other
24/11/2021,Onion,23,Satara,FAQ,Satara,2800,1000,1900,Maharashtra,Other
25/11/2021,Onion,23,Satara,FAQ,Satara,2800,1000,1900,Maharashtra,Other
28/11/2021,Onion,23,Satara,FAQ,Satara,2800,1000,1900,Maharashtra,Other
29/11/2021,Onion,23,Satara,FAQ,Satara,2300,1000,1700,Maharashtra,Other
06/12/2021,Onion,23,Satara,FAQ,Satara,3200,1000,2100,Maharashtra,Other
07/12/2021,Onion,23,Satara,FAQ,Satara,3200,1000,2100,Maharashtra,Other
09/12/2021,Onion,23,Satara,FAQ,Satara,2800,1000,1900,Maharashtra,Other
14/12/2021,Onion,23,Satara,FAQ,Satara,3200,1000,2100,Maharashtra,Other
19/12/2021,Onion,23,Satara,FAQ,Satara,3200,1000,2100,Maharashtra,Other
26/12/2021,Onion,23,Satara,FAQ,Satara,3500,1000,2250,Maharashtra,Other
30/12/2021,Onion,23,Satara,FAQ,Satara,3800,1000,2400,Maharashtra,Other
18/01/2015,Onion,23,Satara,FAQ,Satara,1800,1000,1400,Maharashtra,Other
29/01/2015,Onion,23,Satara,FAQ,Satara,1800,1400,1600,Maharashtra,Other
29/03/2015,Onion,23,Satara,FAQ,Satara,1500,600,1050,Maharashtra,Other
21/05/2015,Onion,23,Satara,FAQ,Satara,1700,1500,1600,Maharashtra,Other
04/06/2015,Onion,23,Satara,FAQ,Satara,2500,2000,2250,Maharashtra,Other
21/06/2015,Onion,23,Satara,FAQ,Satara,2200,1800,2000,Maharashtra,Other
02/07/2015,Onion,23,Satara,FAQ,Satara,2200,1700,1950,Maharashtra,Other
12/07/2015,Onion,23,Satara,FAQ,Satara,2200,1200,1700,Maharashtra,Other
16/08/2015,Onion,23,Satara,FAQ,Satara,4600,4000,4300,Maharashtra,Other
08/10/2015,Onion,23,Satara,FAQ,Satara,4000,3000,3500,Maharashtra,Other
29/10/2015,Onion,23,Satara,FAQ,Satara,3200,2800,3000,Maharashtra,Other
29/11/2015,Onion,23,Satara,FAQ,Satara,2800,300,1750,Maharashtra,Other
31/01/2016,Onion,23,Satara,FAQ,Satara,1500,700,1100,Maharashtra,Other
04/02/2016,Onion,23,Satara,FAQ,Satara,1400,800,1100,Maharashtra,Other
21/02/2016,Onion,23,Satara,FAQ,Satara,1100,700,900,Maharashtra,Other
24/03/2016,Onion,23,Satara,FAQ,Satara,800,400,600,Maharashtra,Other
10/04/2016,Onion,23,Satara,FAQ,Satara,800,700,750,Maharashtra,Other
05/05/2016,Onion,23,Satara,FAQ,Satara,900,500,700,Maharashtra,Other
12/05/2016,Onion,23,Satara,FAQ,Satara,800,400,600,Maharashtra,Other
19/05/2016,Onion,23,Satara,FAQ,Satara,800,300,550,Maharashtra,Other
26/05/2016,Onion,23,Satara,FAQ,Satara,900,400,650,Maharashtra,Other
28/05/2016,Onion,23,Satara,FAQ,Satara,1000,500,750,Maharashtra,Other
02/06/2016,Onion,23,Satara,FAQ,Satara,900,500,700,Maharashtra,Other
05/06/2016,Onion,23,Satara,FAQ,Satara,1000,500,750,Maharashtra,Other
09/06/2016,Onion,23,Satara,FAQ,Satara,1000,500,750,Maharashtra,Other
16/06/2016,Onion,23,Satara,FAQ,Satara,900,500,700,Maharashtra,Other
19/06/2016,Onion,23,Satara,FAQ,Satara,900,500,700,Maharashtra,Other
14/07/2016,Onion,23,Satara,FAQ,Satara,1200,700,950,Maharashtra,Other
31/07/2016,Onion,23,Satara,FAQ,Satara,900,400,750,Maharashtra,Other
04/08/2016,Onion,23,Satara,FAQ,Satara,800,400,600,Maharashtra,Other
18/08/2016,Onion,23,Satara,FAQ,Satara,700,300,500,Maharashtra,Other
01/09/2016,Onion,23,Satara,FAQ,Satara,850,300,550,Maharashtra,Other
06/10/2016,Onion,23,Satara,FAQ,Satara,800,300,550,Maharashtra,Other
29/12/2016,Onion,23,Satara,FAQ,Satara,1100,800,950,Maharashtra,Other
05/01/2006,Onion,23,Satara,FAQ,Satara,600,300,400,Maharashtra,Other
22/01/2006,Onion,23,Satara,FAQ,Satara,400,200,300,Maharashtra,Other
05/02/2006,Onion,23,Satara,FAQ,Satara,300,200,250,Maharashtra,Other
06/02/2006,Onion,23,Satara,FAQ,Satara,300,200,250,Maharashtra,Other
15/07/2006,Onion,23,Satara,FAQ,Satara,350,200,250,Maharashtra,Other
20/07/2006,Onion,23,Satara,FAQ,Satara,350,300,325,Maharashtra,Other
24/07/2006,Onion,23,Satara,FAQ,Satara,450,300,350,Maharashtra,Other
01/08/2006,Onion,23,Satara,FAQ,Satara,320,200,250,Maharashtra,Other
20/08/2006,Onion,23,Satara,FAQ,Satara,350,200,250,Maharashtra,Other
07/09/2006,Onion,23,Satara,FAQ,Satara,400,250,300,Maharashtra,Other
03/10/2006,Onion,23,Satara,FAQ,Satara,450,250,350,Maharashtra,Other
08/10/2006,Onion,23,Satara,FAQ,Satara,450,300,350,Maharashtra,Other
02/11/2006,Onion,23,Satara,FAQ,Satara,600,200,400,Maharashtra,Other
31/12/2006,Onion,23,Satara,FAQ,Satara,1200,500,850,Maharashtra,Other
13/01/2005,Onion,23,Satara,FAQ,Satara,500,200,350,Maharashtra,Other
18/01/2005,Onion,23,Satara,FAQ,Satara,550,200,375,Maharashtra,Other
03/02/2005,Onion,23,Satara,FAQ,Satara,450,250,350,Maharashtra,Other
06/02/2005,Onion,23,Satara,FAQ,Satara,450,200,330,Maharashtra,Other
15/02/2005,Onion,23,Satara,FAQ,Satara,450,200,325,Maharashtra,Other
24/02/2005,Onion,23,Satara,FAQ,Satara,350,200,275,Maharashtra,Other
08/03/2005,Onion,23,Satara,FAQ,Satara,350,200,300,Maharashtra,Other
19/03/2005,Onion,23,Satara,FAQ,Satara,400,200,300,Maharashtra,Other
20/03/2005,Onion,23,Satara,FAQ,Satara,350,150,250,Maharashtra,Other
24/03/2005,Onion,23,Satara,FAQ,Satara,350,200,275,Maharashtra,Other
17/04/2005,Onion,23,Satara,FAQ,Satara,350,200,225,Maharashtra,Other
20/04/2005,Onion,23,Satara,FAQ,Satara,350,200,300,Maharashtra,Other
02/05/2005,Onion,23,Satara,FAQ,Satara,300,150,225,Maharashtra,Other
15/05/2005,Onion,23,Satara,FAQ,Satara,380,200,300,Maharashtra,Other
29/05/2005,Onion,23,Satara,FAQ,Satara,350,200,250,Maharashtra,Other
05/06/2005,Onion,23,Satara,FAQ,Satara,400,200,300,Maharashtra,Other
08/06/2005,Onion,23,Satara,FAQ,Satara,400,200,300,Maharashtra,Other
13/07/2005,Onion,23,Satara,FAQ,Satara,500,300,400,Maharashtra,Other
17/07/2005,Onion,23,Satara,FAQ,Satara,550,300,400,Maharashtra,Other
11/08/2005,Onion,23,Satara,FAQ,Satara,650,500,550,Maharashtra,Other
28/08/2005,Onion,23,Satara,FAQ,Satara,850,600,700,Maharashtra,Other
03/09/2005,Onion,23,Satara,FAQ,Satara,950,700,800,Maharashtra,Other
05/09/2005,Onion,23,Satara,FAQ,Satara,1100,700,900,Maharashtra,Other
11/09/2005,Onion,23,Satara,FAQ,Satara,1100,550,900,Maharashtra,Other
04/10/2005,Onion,23,Satara,FAQ,Satara,1300,500,900,Maharashtra,Other
06/10/2005,Onion,23,Satara,FAQ,Satara,1300,600,900,Maharashtra,Other
08/10/2005,Onion,23,Satara,FAQ,Satara,1300,600,900,Maharashtra,Other
27/10/2005,Onion,23,Satara,FAQ,Satara,1600,500,1100,Maharashtra,Other
01/12/2005,Onion,23,Satara,FAQ,Satara,1000,300,700,Maharashtra,Other
22/09/2005,Onion,23,Satara,FAQ,Satara,600,250,425,Maharashtra,Red
12/11/2005,Onion,23,Satara,FAQ,Satara,1500,500,1000,Maharashtra,Red
16/11/2005,Onion,23,Satara,FAQ,Satara,1400,500,1000,Maharashtra,Red
28/11/2005,Onion,23,Satara,FAQ,Satara,1200,1000,1100,Maharashtra,Red
29/11/2005,Onion,23,Satara,FAQ,Satara,1200,1000,1100,Maharashtra,Red
30/11/2005,Onion,23,Satara,FAQ,Satara,1200,500,850,Maharashtra,Red
03/12/2005,Onion,23,Satara,FAQ,Satara,1000,300,650,Maharashtra,Red
13/12/2005,Onion,23,Satara,FAQ,Satara,900,400,700,Maharashtra,Red
08/01/2017,Onion,23,Satara,FAQ,Satara,1100,500,800,Maharashtra,Other
09/02/2017,Onion,23,Satara,FAQ,Satara,900,400,650,Maharashtra,Other
16/02/2017,Onion,23,Satara,FAQ,Satara,800,300,550,Maharashtra,Other
26/03/2017,Onion,23,Satara,FAQ,Satara,650,300,500,Maharashtra,Other
08/04/2017,Onion,23,Satara,FAQ,Satara,700,400,550,Maharashtra,Other
18/05/2017,Onion,23,Satara,FAQ,Satara,600,300,450,Maharashtra,Other
21/05/2017,Onion,23,Satara,FAQ,Satara,500,200,350,Maharashtra,Other
04/06/2017,Onion,23,Satara,FAQ,Satara,1100,500,800,Maharashtra,Other
10/06/2017,Onion,23,Satara,FAQ,Satara,1000,400,700,Maharashtra,Other
18/06/2017,Onion,23,Satara,FAQ,Satara,1000,400,700,Maharashtra,Other
02/07/2017,Onion,23,Satara,FAQ,Satara,900,500,700,Maharashtra,Other
16/07/2017,Onion,23,Satara,FAQ,Satara,900,500,700,Maharashtra,Other
20/07/2017,Onion,23,Satara,FAQ,Satara,900,600,750,Maharashtra,Other
10/08/2017,Onion,23,Satara,FAQ,Satara,2400,1000,1700,Maharashtra,Other
17/08/2017,Onion,23,Satara,FAQ,Satara,2100,1500,1800,Maharashtra,Other
31/08/2017,Onion,23,Satara,FAQ,Satara,2200,1500,1850,Maharashtra,Other
24/09/2017,Onion,23,Satara,FAQ,Satara,2000,1000,1500,Maharashtra,Other
28/09/2017,Onion,23,Satara,FAQ,Satara,1800,1000,1400,Maharashtra,Other
03/12/2017,Onion,23,Satara,FAQ,Satara,3000,2500,2750,Maharashtra,Other
07/12/2017,Onion,23,Satara,FAQ,Satara,4000,1000,2500,Maharashtra,Other
21/12/2017,Onion,23,Satara,FAQ,Satara,3500,1000,2250,Maharashtra,Other
08/01/2012,Onion,23,Satara,FAQ,Satara,600,400,500,Maharashtra,Other
12/01/2012,Onion,23,Satara,FAQ,Satara,600,200,400,Maharashtra,Other
11/03/2012,Onion,23,Satara,FAQ,Satara,500,200,350,Maharashtra,Other
05/04/2012,Onion,23,Satara,FAQ,Satara,600,300,450,Maharashtra,Other
10/05/2012,Onion,23,Satara,FAQ,Satara,500,200,350,Maharashtra,Other
31/05/2012,Onion,23,Satara,FAQ,Satara,600,200,400,Maharashtra,Other
10/06/2012,Onion,23,Satara,FAQ,Satara,700,300,500,Maharashtra,Other
14/06/2012,Onion,23,Satara,FAQ,Satara,700,300,500,Maharashtra,Other
24/06/2012,Onion,23,Satara,FAQ,Satara,700,300,500,Maharashtra,Other
01/07/2012,Onion,23,Satara,FAQ,Satara,750,300,525,Maharashtra,Other
08/07/2012,Onion,23,Satara,FAQ,Satara,800,400,600,Maharashtra,Other
16/08/2012,Onion,23,Satara,FAQ,Satara,850,400,625,Maharashtra,Other
18/10/2012,Onion,23,Satara,FAQ,Satara,1000,800,900,Maharashtra,Other
04/11/2012,Onion,23,Satara,FAQ,Satara,1300,500,900,Maharashtra,Other
09/12/2012,Onion,23,Satara,FAQ,Satara,1700,800,1250,Maharashtra,Other
27/12/2012,Onion,23,Satara,FAQ,Satara,1600,800,1200,Maharashtra,Other
02/01/2011,Onion,23,Satara,FAQ,Satara,5500,1500,3500,Maharashtra,Other
10/01/2011,Onion,23,Satara,FAQ,Satara,4500,1500,3000,Maharashtra,Other
13/01/2011,Onion,23,Satara,FAQ,Satara,3000,1000,2000,Maharashtra,Other
27/01/2011,Onion,23,Satara,FAQ,Satara,1700,500,1100,Maharashtra,Other
22/02/2011,Onion,23,Satara,FAQ,Satara,1300,600,1000,Maharashtra,Other
06/03/2011,Onion,23,Satara,FAQ,Satara,700,300,500,Maharashtra,Other
13/03/2011,Onion,23,Satara,FAQ,Satara,700,300,500,Maharashtra,Other
17/03/2011,Onion,23,Satara,FAQ,Satara,700,300,500,Maharashtra,Other
20/03/2011,Onion,23,Satara,FAQ,Satara,750,400,575,Maharashtra,Other
24/03/2011,Onion,23,Satara,FAQ,Satara,700,300,500,Maharashtra,Other
06/04/2011,Onion,23,Satara,FAQ,Satara,750,400,575,Maharashtra,Other
07/04/2011,Onion,23,Satara,FAQ,Satara,700,300,500,Maharashtra,Other
10/05/2011,Onion,23,Satara,FAQ,Satara,700,400,550,Maharashtra,Other
12/06/2011,Onion,23,Satara,FAQ,Satara,900,300,600,Maharashtra,Other
22/06/2011,Onion,23,Satara,FAQ,Satara,1000,600,800,Maharashtra,Other
05/07/2011,Onion,23,Satara,FAQ,Satara,1000,600,800,Maharashtra,Other
04/08/2011,Onion,23,Satara,FAQ,Satara,1200,400,800,Maharashtra,Other
18/08/2011,Onion,23,Satara,FAQ,Satara,1500,800,1150,Maharashtra,Other
15/09/2011,Onion,23,Satara,FAQ,Satara,1300,800,1050,Maharashtra,Other
18/09/2011,Onion,23,Satara,FAQ,Satara,1500,700,1100,Maharashtra,Other
29/09/2011,Onion,23,Satara,FAQ,Satara,1400,800,1100,Maharashtra,Other
01/10/2011,Onion,23,Satara,FAQ,Satara,1300,700,1000,Maharashtra,Other
06/10/2011,Onion,23,Satara,FAQ,Satara,1300,900,1100,Maharashtra,Other
16/10/2011,Onion,23,Satara,FAQ,Satara,1100,400,750,Maharashtra,Other
13/11/2011,Onion,23,Satara,FAQ,Satara,1100,500,800,Maharashtra,Other
15/11/2011,Onion,23,Satara,FAQ,Satara,1000,800,900,Maharashtra,Other
20/11/2011,Onion,23,Satara,FAQ,Satara,1000,700,850,Maharashtra,Other
27/11/2011,Onion,23,Satara,FAQ,Satara,1300,700,1000,Maharashtra,Other
08/12/2011,Onion,23,Satara,FAQ,Satara,1000,300,650,Maharashtra,Other
03/01/2010,Onion,23,Satara,FAQ,Satara,1500,500,1000,Maharashtra,Other
30/01/2010,Onion,23,Satara,FAQ,Satara,1600,1000,1300,Maharashtra,Other
14/02/2010,Onion,23,Satara,FAQ,Satara,1300,400,850,Maharashtra,Other
23/02/2010,Onion,23,Satara,FAQ,Satara,1000,500,750,Maharashtra,Other
07/03/2010,Onion,23,Satara,FAQ,Satara,850,500,700,Maharashtra,Other
14/03/2010,Onion,23,Satara,FAQ,Satara,700,300,500,Maharashtra,Other
30/03/2010,Onion,23,Satara,FAQ,Satara,700,500,600,Maharashtra,Other
04/04/2010,Onion,23,Satara,FAQ,Satara,750,400,550,Maharashtra,Other
08/04/2010,Onion,23,Satara,FAQ,Satara,650,300,500,Maharashtra,Other
11/04/2010,Onion,23,Satara,FAQ,Satara,650,400,525,Maharashtra,Other
18/04/2010,Onion,23,Satara,FAQ,Satara,600,200,400,Maharashtra,Other
13/05/2010,Onion,23,Satara,FAQ,Satara,700,300,500,Maharashtra,Other
01/06/2010,Onion,23,Satara,FAQ,Satara,820,600,700,Maharashtra,Other
10/06/2010,Onion,23,Satara,FAQ,Satara,850,500,700,Maharashtra,Other
04/08/2010,Onion,23,Satara,FAQ,Satara,900,500,700,Maharashtra,Other
05/08/2010,Onion,23,Satara,FAQ,Satara,850,500,675,Maharashtra,Other
12/08/2010,Onion,23,Satara,FAQ,Satara,920,400,650,Maharashtra,Other
22/08/2010,Onion,23,Satara,FAQ,Satara,1100,600,850,Maharashtra,Other
19/09/2010,Onion,23,Satara,FAQ,Satara,1900,700,1300,Maharashtra,Other
23/09/2010,Onion,23,Satara,FAQ,Satara,1800,600,1200,Maharashtra,Other
03/10/2010,Onion,23,Satara,FAQ,Satara,2200,500,1400,Maharashtra,Other
11/10/2010,Onion,23,Satara,FAQ,Satara,1800,400,1100,Maharashtra,Other
24/10/2010,Onion,23,Satara,FAQ,Satara,2000,400,1200,Maharashtra,Other
21/11/2010,Onion,23,Satara,FAQ,Satara,2000,1500,1750,Maharashtra,Other
02/12/2010,Onion,23,Satara,FAQ,Satara,4000,2000,3000,Maharashtra,Other
14/12/2010,Onion,23,Satara,FAQ,Satara,3000,1000,2000,Maharashtra,Other
16/12/2010,Onion,23,Satara,FAQ,Satara,3500,1000,2250,Maharashtra,Other
26/12/2010,Onion,23,Satara,FAQ,Satara,4500,2000,3250,Maharashtra,Other
15/01/2009,Onion,23,Satara,FAQ,Satara,1500,700,1100,Maharashtra,Other
11/02/2009,Onion,23,Satara,FAQ,Satara,1400,800,1100,Maharashtra,Other
22/02/2009,Onion,23,Satara,FAQ,Satara,1100,400,750,Maharashtra,Other
23/02/2009,Onion,23,Satara,FAQ,Satara,1100,400,750,Maharashtra,Other
01/04/2009,Onion,23,Satara,FAQ,Satara,800,500,650,Maharashtra,Other
19/04/2009,Onion,23,Satara,FAQ,Satara,650,300,500,Maharashtra,Other
20/04/2009,Onion,23,Satara,FAQ,Satara,650,400,525,Maharashtra,Other
26/04/2009,Onion,23,Satara,FAQ,Satara,650,400,500,Maharashtra,Other
03/05/2009,Onion,23,Satara,FAQ,Satara,650,400,500,Maharashtra,Other
21/05/2009,Onion,23,Satara,FAQ,Satara,700,500,600,Maharashtra,Other
28/05/2009,Onion,23,Satara,FAQ,Satara,700,500,600,Maharashtra,Other
31/05/2009,Onion,23,Satara,FAQ,Satara,750,300,575,Maharashtra,Other
23/06/2009,Onion,23,Satara,FAQ,Satara,800,600,700,Maharashtra,Other
18/07/2009,Onion,23,Satara,FAQ,Satara,800,600,700,Maharashtra,Other
23/07/2009,Onion,23,Satara,FAQ,Satara,750,600,675,Maharashtra,Other
26/07/2009,Onion,23,Satara,FAQ,Satara,800,600,700,Maharashtra,Other
30/07/2009,Onion,23,Satara,FAQ,Satara,700,600,650,Maharashtra,Other
02/08/2009,Onion,23,Satara,FAQ,Satara,750,600,700,Maharashtra,Other
12/08/2009,Onion,23,Satara,FAQ,Satara,800,600,700,Maharashtra,Other
27/08/2009,Onion,23,Satara,FAQ,Satara,800,600,700,Maharashtra,Other
08/09/2009,Onion,23,Satara,FAQ,Satara,750,500,650,Maharashtra,Other
20/09/2009,Onion,23,Satara,FAQ,Satara,800,600,700,Maharashtra,Other
06/10/2009,Onion,23,Satara,FAQ,Satara,1800,1600,1700,Maharashtra,Other
08/10/2009,Onion,23,Satara,FAQ,Satara,1500,1200,1350,Maharashtra,Other
15/10/2009,Onion,23,Satara,FAQ,Satara,1600,1000,1300,Maharashtra,Other
22/10/2009,Onion,23,Satara,FAQ,Satara,2000,600,1300,Maharashtra,Other
17/11/2009,Onion,23,Satara,FAQ,Satara,2200,1000,1600,Maharashtra,Other
15/12/2009,Onion,23,Satara,FAQ,Satara,3000,1000,2000,Maharashtra,Other
19/12/2009,Onion,23,Satara,FAQ,Satara,2000,1200,1600,Maharashtra,Other
27/12/2009,Onion,23,Satara,FAQ,Satara,2500,800,1650,Maharashtra,Other
23/03/2008,Onion,23,Satara,FAQ,Satara,400,200,300,Maharashtra,Other
27/03/2008,Onion,23,Satara,FAQ,Satara,350,200,225,Maharashtra,Other
03/04/2008,Onion,23,Satara,FAQ,Satara,400,300,350,Maharashtra,Other
06/04/2008,Onion,23,Satara,FAQ,Satara,450,300,375,Maharashtra,Other
20/04/2008,Onion,23,Satara,FAQ,Satara,400,200,300,Maharashtra,Other
18/05/2008,Onion,23,Satara,FAQ,Satara,400,200,300,Maharashtra,Other
25/05/2008,Onion,23,Satara,FAQ,Satara,400,200,300,Maharashtra,Other
21/06/2008,Onion,23,Satara,FAQ,Satara,500,300,400,Maharashtra,Other
06/07/2008,Onion,23,Satara,FAQ,Satara,530,350,440,Maharashtra,Other
09/07/2008,Onion,23,Satara,FAQ,Satara,530,350,440,Maharashtra,Other
21/07/2008,Onion,23,Satara,FAQ,Satara,900,700,800,Maharashtra,Other
27/07/2008,Onion,23,Satara,FAQ,Satara,1000,800,900,Maharashtra,Other
07/08/2008,Onion,23,Satara,FAQ,Satara,900,600,750,Maharashtra,Other
02/09/2008,Onion,23,Satara,FAQ,Satara,800,500,650,Maharashtra,Other
07/09/2008,Onion,23,Satara,FAQ,Satara,850,600,725,Maharashtra,Other
21/09/2008,Onion,23,Satara,FAQ,Satara,800,500,650,Maharashtra,Other
04/11/2008,Onion,23,Satara,FAQ,Satara,900,400,650,Maharashtra,Other
27/11/2008,Onion,23,Satara,FAQ,Satara,1400,800,1100,Maharashtra,Other
07/12/2008,Onion,23,Satara,FAQ,Satara,1300,600,1000,Maharashtra,Other
18/12/2008,Onion,23,Satara,FAQ,Satara,1200,500,850,Maharashtra,Other
25/01/2007,Onion,23,Satara,FAQ,Satara,1200,400,800,Maharashtra,Other
19/04/2007,Onion,23,Satara,FAQ,Satara,600,400,500,Maharashtra,Other
22/05/2007,Onion,23,Satara,FAQ,Satara,700,400,550,Maharashtra,Other
24/05/2007,Onion,23,Satara,FAQ,Satara,650,500,600,Maharashtra,Other
31/05/2007,Onion,23,Satara,FAQ,Satara,700,400,550,Maharashtra,Other
10/06/2007,Onion,23,Satara,FAQ,Satara,1000,800,900,Maharashtra,Other
17/06/2007,Onion,23,Satara,FAQ,Satara,1200,900,1000,Maharashtra,Other
20/06/2007,Onion,23,Satara,FAQ,Satara,1200,900,1000,Maharashtra,Other
21/06/2007,Onion,23,Satara,FAQ,Satara,1100,900,1000,Maharashtra,Other
17/07/2007,Onion,23,Satara,FAQ,Satara,1100,900,1000,Maharashtra,Other
13/08/2007,Onion,23,Satara,FAQ,Satara,1100,900,1000,Maharashtra,Other
26/08/2007,Onion,23,Satara,FAQ,Satara,1500,1000,1250,Maharashtra,Other
30/08/2007,Onion,23,Satara,FAQ,Satara,1600,800,1200,Maharashtra,Other
06/09/2007,Onion,23,Satara,FAQ,Satara,1400,1000,1200,Maharashtra,Other
13/09/2007,Onion,23,Satara,FAQ,Satara,1400,1000,1200,Maharashtra,Other
17/09/2007,Onion,23,Satara,FAQ,Satara,1400,1000,1200,Maharashtra,Other
27/09/2007,Onion,23,Satara,FAQ,Satara,1700,400,1050,Maharashtra,Other
08/10/2007,Onion,23,Satara,FAQ,Satara,2000,400,1200,Maharashtra,Other
21/11/2007,Onion,23,Satara,FAQ,Satara,1200,400,800,Maharashtra,Other
02/01/2023,Onion,23,Satara,FAQ,Satara,2200,1500,1800,Maharashtra,Other
04/01/2023,Onion,23,Satara,FAQ,Satara,2000,1500,1750,Maharashtra,Other
17/01/2023,Onion,23,Satara,FAQ,Satara,2000,1000,1500,Maharashtra,Other
28/01/2023,Onion,23,Satara,FAQ,Satara,1800,1200,1500,Maharashtra,Other
02/02/2023,Onion,23,Satara,FAQ,Satara,1500,1000,1250,Maharashtra,Other
05/02/2023,Onion,23,Satara,FAQ,Satara,1300,1000,1150,Maharashtra,Other
07/02/2023,Onion,23,Satara,FAQ,Satara,1800,1300,1500,Maharashtra,Other
08/02/2023,Onion,23,Satara,FAQ,Satara,1500,1000,1250,Maharashtra,Other
13/02/2023,Onion,23,Satara,FAQ,Satara,1500,1000,1250,Maharashtra,Other
23/02/2023,Onion,23,Satara,FAQ,Satara,1300,1000,1150,Maharashtra,Other
28/02/2023,Onion,23,Satara,FAQ,Satara,1300,1000,1150,Maharashtra,Other
18/03/2023,Onion,23,Satara,FAQ,Satara,1300,800,1100,Maharashtra,Other
21/03/2023,Onion,23,Satara,FAQ,Satara,1300,800,1050,Maharashtra,Other
29/03/2023,Onion,23,Satara,FAQ,Satara,1200,800,1000,Maharashtra,Other
05/04/2023,Onion,23,Satara,FAQ,Satara,1000,700,850,Maharashtra,Other
15/04/2023,Onion,23,Satara,FAQ,Satara,900,700,800,Maharashtra,Other
17/04/2023,Onion,23,Satara,FAQ,Satara,1000,700,850,Maharashtra,Other
11/05/2023,Onion,23,Satara,FAQ,Satara,900,500,700,Maharashtra,Other
15/05/2023,Onion,23,Satara,FAQ,Satara,900,500,700,Maharashtra,Other
17/05/2023,Onion,23,Satara,FAQ,Satara,900,500,700,Maharashtra,Other
18/05/2023,Onion,23,Satara,FAQ,Satara,900,500,700,Maharashtra,Other
25/05/2023,Onion,23,Satara,FAQ,Satara,900,500,700,Maharashtra,Other
28/05/2023,Onion,23,Satara,FAQ,Satara,900,500,700,Maharashtra,Other
29/05/2023,Onion,23,Satara,FAQ,Satara,900,300,600,Maharashtra,Other
31/05/2023,Onion,23,Satara,FAQ,Satara,900,300,600,Maharashtra,Other
04/06/2023,Onion,23,Satara,FAQ,Satara,900,500,700,Maharashtra,Other
10/06/2023,Onion,23,Satara,FAQ,Satara,1200,800,1000,Maharashtra,Other
13/06/2023,Onion,23,Satara,FAQ,Satara,1300,300,800,Maharashtra,Other
20/06/2023,Onion,23,Satara,FAQ,Satara,1300,300,800,Maharashtra,Other
27/06/2023,Onion,23,Satara,FAQ,Satara,1300,300,800,Maharashtra,Other
01/07/2023,Onion,23,Satara,FAQ,Satara,1300,300,800,Maharashtra,Other
18/07/2023,Onion,23,Satara,FAQ,Satara,1600,500,1050,Maharashtra,Other
20/07/2023,Onion,23,Satara,FAQ,Satara,1700,1200,1450,Maharashtra,Other
19/08/2023,Onion,23,Satara,FAQ,Satara,2100,1300,1700,Maharashtra,Other
21/08/2023,Onion,23,Satara,FAQ,Satara,2600,1500,2050,Maharashtra,Other
02/09/2023,Onion,23,Satara,FAQ,Satara,2500,2000,2250,Maharashtra,Other
03/09/2023,Onion,23,Satara,FAQ,Satara,2500,2000,2250,Maharashtra,Other
19/09/2023,Onion,23,Satara,FAQ,Satara,2300,1000,1650,Maharashtra,Other
24/09/2023,Onion,23,Satara,FAQ,Satara,2200,1000,1600,Maharashtra,Other
14/10/2023,Onion,23,Satara,FAQ,Satara,2800,1000,1900,Maharashtra,Other
23/10/2023,Onion,23,Satara,FAQ,Satara,3800,2000,2700,Maharashtra,Other
26/10/2023,Onion,23,Satara,FAQ,Satara,5700,2000,3800,Maharashtra,Other
28/10/2023,Onion,23,Satara,FAQ,Satara,5700,2000,3850,Maharashtra,Other
30/10/2023,Onion,23,Satara,FAQ,Satara,5200,2000,3600,Maharashtra,Other
02/11/2023,Onion,23,Satara,FAQ,Satara,4700,1000,2850,Maharashtra,Other
21/11/2023,Onion,23,Satara,FAQ,Satara,4700,2000,3400,Maharashtra,Other
22/11/2023,Onion,23,Satara,FAQ,Satara,4700,2000,3400,Maharashtra,Other
25/11/2023,Onion,23,Satara,FAQ,Satara,4000,2000,3000,Maharashtra,Other
27/11/2023,Onion,23,Satara,FAQ,Satara,4000,2000,3000,Maharashtra,Other
28/11/2023,Onion,23,Satara,FAQ,Satara,4000,2000,3000,Maharashtra,Other
30/11/2023,Onion,23,Satara,FAQ,Satara,4500,2000,3700,Maharashtra,Other
21/12/2023,Onion,23,Satara,FAQ,Satara,2500,1500,2000,Maharashtra,Other
01/01/2022,Onion,23,Satara,FAQ,Satara,3800,1000,2400,Maharashtra,Other
03/01/2022,Onion,23,Satara,FAQ,Satara,3500,1000,2250,Maharashtra,Other
04/01/2022,Onion,23,Satara,FAQ,Satara,3500,1000,2250,Maharashtra,Other
10/01/2022,Onion,23,Satara,FAQ,Satara,3500,1000,2250,Maharashtra,Other
25/01/2022,Onion,23,Satara,FAQ,Satara,3500,1000,2250,Maharashtra,Other
05/02/2022,Onion,23,Satara,FAQ,Satara,2500,1000,1800,Maharashtra,Other
07/02/2022,Onion,23,Satara,FAQ,Satara,2600,1000,1800,Maharashtra,Other
09/02/2022,Onion,23,Satara,FAQ,Satara,2600,1000,1800,Maharashtra,Other
12/02/2022,Onion,23,Satara,FAQ,Satara,3000,1000,2000,Maharashtra,Other
19/02/2022,Onion,23,Satara,FAQ,Satara,3000,1000,2000,Maharashtra,Other
27/02/2022,Onion,23,Satara,FAQ,Satara,2200,1000,1600,Maharashtra,Other
01/03/2022,Onion,23,Satara,FAQ,Satara,2000,1000,1500,Maharashtra,Other
17/03/2022,Onion,23,Satara,FAQ,Satara,1500,500,1000,Maharashtra,Other
19/03/2022,Onion,23,Satara,FAQ,Satara,1500,500,1000,Maharashtra,Other
24/03/2022,Onion,23,Satara,FAQ,Satara,1300,1000,1150,Maharashtra,Other
28/03/2022,Onion,23,Satara,FAQ,Satara,1300,800,1000,Maharashtra,Other
30/03/2022,Onion,23,Satara,FAQ,Satara,1300,800,1000,Maharashtra,Other
03/04/2022,Onion,23,Satara,FAQ,Satara,1300,1000,1150,Maharashtra,Other
06/04/2022,Onion,23,Satara,FAQ,Satara,1200,1000,1100,Maharashtra,Other
07/04/2022,Onion,23,Satara,FAQ,Satara,1100,500,800,Maharashtra,Other
16/04/2022,Onion,23,Satara,FAQ,Satara,1000,700,850,Maharashtra,Other
17/04/2022,Onion,23,Satara,FAQ,Satara,1000,800,900,Maharashtra,Other
25/04/2022,Onion,23,Satara,FAQ,Satara,1100,900,1000,Maharashtra,Other
04/05/2022,Onion,23,Satara,FAQ,Satara,1100,700,900,Maharashtra,Other
05/05/2022,Onion,23,Satara,FAQ,Satara,1100,800,1000,Maharashtra,Other
08/05/2022,Onion,23,Satara,FAQ,Satara,1200,500,850,Maharashtra,Other
15/05/2022,Onion,23,Satara,FAQ,Satara,1100,900,1000,Maharashtra,Other
07/06/2022,Onion,23,Satara,FAQ,Satara,1400,1000,1200,Maharashtra,Other
08/06/2022,Onion,23,Satara,FAQ,Satara,1400,1000,1200,Maharashtra,Other
30/06/2022,Onion,23,Satara,FAQ,Satara,1600,700,1150,Maharashtra,Other
04/07/2022,Onion,23,Satara,FAQ,Satara,1500,1000,1250,Maharashtra,Other
19/07/2022,Onion,23,Satara,FAQ,Satara,1500,1200,1350,Maharashtra,Other
30/07/2022,Onion,23,Satara,FAQ,Satara,1500,1000,1250,Maharashtra,Other
06/08/2022,Onion,23,Satara,FAQ,Satara,1500,1000,1250,Maharashtra,Other
07/08/2022,Onion,23,Satara,FAQ,Satara,1500,1000,1250,Maharashtra,Other
08/08/2022,Onion,23,Satara,FAQ,Satara,1500,1200,1350,Maharashtra,Other
09/08/2022,Onion,23,Satara,FAQ,Satara,1500,1000,1250,Maharashtra,Other
22/08/2022,Onion,23,Satara,FAQ,Satara,1600,1000,1300,Maharashtra,Other
07/09/2022,Onion,23,Satara,FAQ,Satara,1500,1000,1250,Maharashtra,Other
13/10/2022,Onion,23,Satara,FAQ,Satara,2300,1000,1650,Maharashtra,Other
15/10/2022,Onion,23,Satara,FAQ,Satara,2100,1000,1600,Maharashtra,Other
31/10/2022,Onion,23,Satara,FAQ,Satara,3200,1400,2300,Maharashtra,Other
16/11/2022,Onion,23,Satara,FAQ,Satara,2600,1500,2000,Maharashtra,Other
06/12/2022,Onion,23,Satara,FAQ,Satara,1500,1000,1250,Maharashtra,Other
12/12/2022,Onion,23,Satara,FAQ,Satara,1500,1000,1250,Maharashtra,Other
15/12/2022,Onion,23,Satara,FAQ,Satara,1500,1000,1250,Maharashtra,Other
18/12/2022,Onion,23,Satara,FAQ,Satara,1500,1000,1250,Maharashtra,Other
19/12/2022,Onion,23,Satara,FAQ,Satara,1500,1000,1250,Maharashtra,Other
21/12/2022,Onion,23,Satara,FAQ,Satara,2000,1000,1500,Maharashtra,Other
26/12/2022,Onion,23,Satara,FAQ,Satara,2200,1000,1600,Maharashtra,Other
22/10/2024,Onion,23,Satara,FAQ,Satara,4500,1000,2700,Maharashtra,Other
26/10/2024,Onion,23,Satara,FAQ,Satara,5000,2000,3500,Maharashtra,Other
03/10/2024,Onion,23,Satara,FAQ,Satara,4200,3000,3600,Maharashtra,Other
20/10/2024,Onion,23,Satara,FAQ,Satara,4500,1000,2750,Maharashtra,Other
23/10/2024,Onion,23,Satara,FAQ,Satara,4500,1000,2700,Maharashtra,Other
03/02/2019,Onion,23,Satara,FAQ,Satara,700,200,500,Maharashtra,Other
14/02/2019,Onion,23,Satara,FAQ,Satara,650,200,425,Maharashtra,Other
07/04/2019,Onion,23,Satara,FAQ,Satara,800,200,500,Maharashtra,Other
21/04/2019,Onion,23,Satara,FAQ,Satara,800,400,600,Maharashtra,Other
23/05/2019,Onion,23,Satara,FAQ,Satara,1200,400,800,Maharashtra,Other
16/06/2019,Onion,23,Satara,FAQ,Satara,1500,500,1000,Maharashtra,Other
14/07/2019,Onion,23,Satara,FAQ,Satara,1500,1000,1250,Maharashtra,Other
25/07/2019,Onion,23,Satara,FAQ,Satara,1500,800,1200,Maharashtra,Other
01/08/2019,Onion,23,Satara,FAQ,Satara,1500,700,1100,Maharashtra,Other
05/09/2019,Onion,23,Satara,FAQ,Satara,2600,1500,2000,Maharashtra,Other
08/09/2019,Onion,23,Satara,FAQ,Satara,2700,1500,2000,Maharashtra,Other
29/09/2019,Onion,23,Satara,FAQ,Satara,3500,2000,2700,Maharashtra,Other
17/10/2019,Onion,23,Satara,FAQ,Satara,3200,2000,2600,Maharashtra,Other
21/11/2019,Onion,23,Satara,FAQ,Satara,5000,1000,3000,Maharashtra,Other
05/12/2019,Onion,23,Satara,FAQ,Satara,13000,5000,9000,Maharashtra,Other
08/12/2019,Onion,23,Satara,FAQ,Satara,13000,3000,8000,Maharashtra,Other
19/12/2019,Onion,23,Satara,FAQ,Satara,10000,2500,6250,Maharashtra,Other
22/12/2019,Onion,23,Satara,FAQ,Satara,11000,2500,6750,Maharashtra,Other
26/12/2019,Onion,23,Satara,FAQ,Satara,8000,2000,5000,Maharashtra,Other
02/05/2024,Onion,23,Satara,FAQ,Satara,1600,1000,1300,Maharashtra,Other
08/05/2024,Onion,23,Satara,FAQ,Satara,2000,500,1250,Maharashtra,Other
02/01/2024,Onion,23,Satara,FAQ,Satara,3500,1000,2500,Maharashtra,Other
18/01/2024,Onion,23,Satara,FAQ,Satara,1900,1500,1700,Maharashtra,Other
20/01/2024,Onion,23,Satara,FAQ,Satara,1900,1000,1500,Maharashtra,Other
31/01/2024,Onion,23,Satara,FAQ,Satara,1000,700,850,Maharashtra,Other
06/02/2024,Onion,23,Satara,FAQ,Satara,1600,1000,1300,Maharashtra,Other
10/02/2024,Onion,23,Satara,FAQ,Satara,1600,1000,1300,Maharashtra,Other
15/02/2024,Onion,23,Satara,FAQ,Satara,1600,1000,1300,Maharashtra,Other
18/02/2024,Onion,23,Satara,FAQ,Satara,1600,1000,1300,Maharashtra,Other
27/02/2024,Onion,23,Satara,FAQ,Satara,2000,1000,1500,Maharashtra,Other
06/03/2024,Onion,23,Satara,FAQ,Satara,1800,1000,1400,Maharashtra,Other
12/03/2024,Onion,23,Satara,FAQ,Satara,1700,1000,1350,Maharashtra,Other
13/03/2024,Onion,23,Satara,FAQ,Satara,1700,1000,1350,Maharashtra,Other
16/03/2024,Onion,23,Satara,FAQ,Satara,1500,1000,1250,Maharashtra,Other
21/03/2024,Onion,23,Satara,FAQ,Satara,1500,1000,1250,Maharashtra,Other
26/03/2024,Onion,23,Satara,FAQ,Satara,1500,1000,1250,Maharashtra,Other
09/04/2024,Onion,23,Satara,FAQ,Satara,1600,1000,1300,Maharashtra,Other
23/01/2018,Onion,23,Satara,FAQ,Satara,600,400,500,Maharashtra,Other
25/03/2018,Onion,23,Satara,FAQ,Satara,1100,500,800,Maharashtra,Other
05/04/2018,Onion,23,Satara,FAQ,Satara,900,400,650,Maharashtra,Other
19/04/2018,Onion,23,Satara,FAQ,Satara,800,400,600,Maharashtra,Other
17/05/2018,Onion,23,Satara,FAQ,Satara,900,500,700,Maharashtra,Other
24/05/2018,Onion,23,Satara,FAQ,Satara,900,400,650,Maharashtra,Other
28/06/2018,Onion,23,Satara,FAQ,Satara,1300,700,1000,Maharashtra,Other
08/07/2018,Onion,23,Satara,FAQ,Satara,1400,800,1100,Maharashtra,Other
05/08/2018,Onion,23,Satara,FAQ,Satara,1300,700,1000,Maharashtra,Other
13/08/2018,Onion,23,Satara,FAQ,Satara,1300,700,1000,Maharashtra,Other
25/10/2018,Onion,23,Satara,FAQ,Satara,2000,700,1350,Maharashtra,Other
25/11/2018,Onion,23,Satara,FAQ,Satara,1200,400,800,Maharashtra,Other
09/12/2018,Onion,23,Satara,FAQ,Satara,1000,400,700,Maharashtra,Other
03/06/2024,Onion,23,Satara,FAQ,Satara,2500,2000,2250,Maharashtra,Other
08/06/2024,Onion,23,Satara,FAQ,Satara,2500,2000,2250,Maharashtra,Other
10/06/2024,Onion,23,Satara,FAQ,Satara,3200,1000,2100,Maharashtra,Other
16/06/2024,Onion,23,Satara,FAQ,Satara,3000,2500,2750,Maharashtra,Other
26/06/2024,Onion,23,Satara,FAQ,Satara,3000,2500,2750,Maharashtra,Other
29/06/2024,Onion,23,Satara,FAQ,Satara,3000,2500,2750,Maharashtra,Other
06/07/2024,Onion,23,Satara,FAQ,Satara,3000,2500,2750,Maharashtra,Other
10/07/2024,Onion,23,Satara,FAQ,Satara,3000,2500,2750,Maharashtra,Other
19/01/2025,Onion,23,Satara,FAQ,Satara,3000,1000,2000,Maharashtra,Other
22/01/2025,Onion,23,Satara,FAQ,Satara,3200,1000,2100,Maharashtra,Other
11/12/2024,Onion,23,Satara,FAQ,Satara,5500,2000,3700,Maharashtra,Other
17/12/2024,Onion,23,Satara,FAQ,Satara,3500,2000,2750,Maharashtra,Other
23/12/2024,Onion,23,Satara,FAQ,Satara,3000,1000,2000,Maharashtra,Other
30/12/2024,Onion,23,Satara,FAQ,Satara,3000,1000,2000,Maharashtra,Other
31/12/2024,Onion,23,Satara,FAQ,Satara,3000,1000,2000,Maharashtra,Other
16/11/2024,Onion,23,Satara,FAQ,Satara,6000,2000,4000,Maharashtra,Other
17/11/2024,Onion,23,Satara,FAQ,Satara,6500,2000,4200,Maharashtra,Other
21/11/2024,Onion,23,Satara,FAQ,Satara,6500,2000,4200,Maharashtra,Other
26/11/2024,Onion,23,Satara,FAQ,Satara,7000,2000,4500,Maharashtra,Other
01/04/2025,Onion,23,Satara,Local,Satara,1800,800,1300,Maharashtra,Other
02/04/2025,Onion,23,Satara,Local,Satara,1800,800,1300,Maharashtra,Other
13/04/2025,Onion,23,Satara,Local,Satara,1500,700,1100,Maharashtra,Other
15/04/2025,Onion,23,Satara,Local,Satara,1200,800,1000,Maharashtra,Other
16/04/2025,Onion,23,Satara,Local,Satara,1200,500,900,Maharashtra,Other
17/04/2025,Onion,23,Satara,Local,Satara,1200,500,900,Maharashtra,Other
22/04/2025,Onion,23,Satara,Local,Satara,1200,500,900,Maharashtra,Other
27/04/2025,Onion,23,Satara,Local,Satara,1400,1000,1200,Maharashtra,Other
04/05/2025,Onion,23,Satara,Local,Satara,1400,500,1000,Maharashtra,Other
08/05/2025,Onion,23,Satara,Local,Satara,1400,500,1000,Maharashtra,Other
10/05/2025,Onion,23,Satara,Local,Satara,1400,500,1000,Maharashtra,Other
18/05/2025,Onion,23,Satara,Local,Satara,1400,500,1000,Maharashtra,Other
31/05/2025,Onion,23,Satara,Local,Satara,1700,1000,1300,Maharashtra,Other
03/08/2024,Onion,23,Satara,FAQ,Satara,3000,2500,2750,Maharashtra,Other
11/08/2024,Onion,23,Satara,FAQ,Satara,3200,1000,2100,Maharashtra,Other
28/08/2024,Onion,23,Satara,FAQ,Satara,4000,2000,3000,Maharashtra,Other
29/08/2024,Onion,23,Satara,FAQ,Satara,4000,2000,3000,Maharashtra,Other
04/02/2025,Onion,23,Satara,Local,Satara,2500,1000,1750,Maharashtra,Other
06/02/2025,Onion,23,Satara,Local,Satara,2800,1000,1900,Maharashtra,Other
25/09/2024,Onion,23,Satara,FAQ,Satara,5000,4000,4500,Maharashtra,Other
11/09/2024,Onion,23,Satara,FAQ,Satara,4500,2500,3500,Maharashtra,Other
18/09/2024,Onion,23,Satara,FAQ,Satara,5000,3500,4200,Maharashtra,Other
02/09/2024,Onion,23,Satara,FAQ,Satara,4000,1500,2750,Maharashtra,Other
10/09/2024,Onion,23,Satara,FAQ,Satara,4500,4000,4250,Maharashtra,Other
15/09/2024,Onion,23,Satara,FAQ,Satara,5000,3500,4250,Maharashtra,Other
08/03/2025,Onion,23,Satara,Local,Satara,2200,1000,1600,Maharashtra,Other
18/03/2025,Onion,23,Satara,Local,Satara,1600,500,1050,Maharashtra,Other
26/03/2025,Onion,23,Satara,Local,Satara,1800,800,1300,Maharashtra,Other
19/03/2025,Onion,23,Satara,Local,Satara,1600,500,1000,Maharashtra,Other
20/03/2025,Onion,23,Satara,Local,Satara,1800,500,1150,Maharashtra,Other
23/03/2025,Onion,23,Satara,Local,Satara,1800,800,1300,Maharashtra,Other
27/03/2025,Onion,23,Satara,Local,Satara,1800,800,1300,Maharashtra,Other
06/07/2025,Onion,23,Satara,Local,Satara,2000,1000,1500,Maharashtra,Other
12/07/2025,Onion,23,Satara,Local,Satara,2000,1000,1500,Maharashtra,Other
16/07/2025,Onion,23,Satara,Local,Satara,2000,1000,1500,Maharashtra,Other
17/07/2025,Onion,23,Satara,Local,Satara,2000,1000,1500,Maharashtra,Other
21/07/2025,Onion,23,Satara,Local,Satara,2000,1000,1500,Maharashtra,Other
27/07/2025,Onion,23,Satara,Local,Satara,2000,1000,1500,Maharashtra,Other
30/07/2025,Onion,23,Satara,Local,Satara,2000,1000,1500,Maharashtra,Other
02/06/2025,Onion,23,Satara,Local,Satara,1500,700,1100,Maharashtra,Other
09/06/2025,Onion,23,Satara,Local,Satara,1800,1000,1400,Maharashtra,Other
14/06/2025,Onion,23,Satara,Local,Satara,2000,1000,1500,Maharashtra,Other
21/06/2025,Onion,23,Satara,Local,Satara,2000,1000,1500,Maharashtra,Other
25/06/2025,Onion,23,Satara,Local,Satara,2000,1000,1500,Maharashtra,Other
10/09/2025,Onion,23,Satara,Local,Satara,2000,1000,1500,Maharashtra,Other
16/09/2025,Onion,23,Satara,Local,Satara,2000,1000,1500,Maharashtra,Other
02/08/2025,Onion,23,Satara,Local,Satara,2000,1000,1500,Maharashtra,Other
05/08/2025,Onion,23,Satara,Local,Satara,2000,1000,1500,Maharashtra,Other
11/08/2025,Onion,23,Satara,Local,Satara,2000,1000,1500,Maharashtra,Other
30/08/2025,Onion,23,Satara,Local,Satara,2000,1000,1500,Maharashtra,Other
03/08/2025,Onion,23,Satara,Local,Satara,2000,1000,1500,Maharashtra,Other
16/08/2025,Onion,23,Satara,Local,Satara,2000,1000,1750,Maharashtra,Other
18/08/2025,Onion,23,Satara,Local,Satara,1700,1000,1350,Maharashtra,Other
26/10/2025,Onion,23,Satara,Local,Satara,1800,1500,1650,Maharashtra,Other
30/10/2025,Onion,23,Satara,Local,Satara,2000,1000,1500,Maharashtra,Other
10/01/2010,Onion,23,Satara,FAQ,Satara,1600,400,1000,Maharashtra,Other
14/01/2010,Onion,23,Satara,FAQ,Satara,1500,500,1000,Maharashtra,Other
17/01/2010,Onion,23,Satara,FAQ,Satara,1600,500,1000,Maharashtra,Other
24/01/2010,Onion,23,Satara,FAQ,Satara,1600,400,1000,Maharashtra,Other
04/02/2010,Onion,23,Satara,FAQ,Satara,1600,1000,1400,Maharashtra,Other
11/02/2010,Onion,23,Satara,FAQ,Satara,1400,500,1000,Maharashtra,Other
22/02/2010,Onion,23,Satara,FAQ,Satara,1000,500,750,Maharashtra,Other
06/03/2010,Onion,23,Satara,FAQ,Satara,800,500,650,Maharashtra,Other
18/03/2010,Onion,23,Satara,FAQ,Satara,700,300,500,Maharashtra,Other
21/03/2010,Onion,23,Satara,FAQ,Satara,600,400,500,Maharashtra,Other
28/03/2010,Onion,23,Satara,FAQ,Satara,700,300,500,Maharashtra,Other
22/04/2010,Onion,23,Satara,FAQ,Satara,600,300,450,Maharashtra,Other
25/04/2010,Onion,23,Satara,FAQ,Satara,600,300,450,Maharashtra,Other
11/05/2010,Onion,23,Satara,FAQ,Satara,650,400,525,Maharashtra,Other
06/06/2010,Onion,23,Satara,FAQ,Satara,800,500,650,Maharashtra,Other
20/06/2010,Onion,23,Satara,FAQ,Satara,850,500,675,Maharashtra,Other
24/06/2010,Onion,23,Satara,FAQ,Satara,850,500,675,Maharashtra,Other
27/06/2010,Onion,23,Satara,FAQ,Satara,850,400,625,Maharashtra,Other
04/07/2010,Onion,23,Satara,FAQ,Satara,850,400,625,Maharashtra,Other
25/07/2010,Onion,23,Satara,FAQ,Satara,850,400,625,Maharashtra,Other
29/07/2010,Onion,23,Satara,FAQ,Satara,850,500,650,Maharashtra,Other
26/08/2010,Onion,23,Satara,FAQ,Satara,1200,600,900,Maharashtra,Other
29/08/2010,Onion,23,Satara,FAQ,Satara,1300,700,1000,Maharashtra,Other
02/09/2010,Onion,23,Satara,FAQ,Satara,1300,700,1000,Maharashtra,Other
05/09/2010,Onion,23,Satara,FAQ,Satara,1400,600,1000,Maharashtra,Other
06/09/2010,Onion,23,Satara,FAQ,Satara,1300,1000,1150,Maharashtra,Other
12/09/2010,Onion,23,Satara,FAQ,Satara,1400,600,1000,Maharashtra,Other
13/10/2010,Onion,23,Satara,FAQ,Satara,1800,400,1100,Maharashtra,Other
17/10/2010,Onion,23,Satara,FAQ,Satara,1800,500,1150,Maharashtra,Other
26/10/2010,Onion,23,Satara,FAQ,Satara,2000,500,1250,Maharashtra,Other
04/11/2010,Onion,23,Satara,FAQ,Satara,2000,1000,1500,Maharashtra,Other
07/11/2010,Onion,23,Satara,FAQ,Satara,2000,400,1200,Maharashtra,Other
25/11/2010,Onion,23,Satara,FAQ,Satara,3000,400,1700,Maharashtra,Other
19/12/2010,Onion,23,Satara,FAQ,Satara,4000,1000,2500,Maharashtra,Other
22/12/2010,Onion,23,Satara,FAQ,Satara,6500,5000,5750,Maharashtra,Other
30/12/2010,Onion,23,Satara,FAQ,Satara,4000,1000,2500,Maharashtra,Other
02/01/2007,Onion,23,Satara,FAQ,Satara,1100,500,800,Maharashtra,Other
08/01/2007,Onion,23,Satara,FAQ,Satara,1200,800,1000,Maharashtra,Other
18/01/2007,Onion,23,Satara,FAQ,Satara,1200,300,750,Maharashtra,Other
21/01/2007,Onion,23,Satara,FAQ,Satara,1200,400,800,Maharashtra,Other
08/02/2007,Onion,23,Satara,FAQ,Satara,1400,600,1000,Maharashtra,Other
04/03/2007,Onion,23,Satara,FAQ,Satara,900,300,600,Maharashtra,Other
05/03/2007,Onion,23,Satara,FAQ,Satara,800,300,600,Maharashtra,Other
01/04/2007,Onion,23,Satara,FAQ,Satara,700,300,500,Maharashtra,Other
09/04/2007,Onion,23,Satara,FAQ,Satara,700,300,500,Maharashtra,Other
13/05/2007,Onion,23,Satara,FAQ,Satara,700,500,600,Maharashtra,Other
17/05/2007,Onion,23,Satara,FAQ,Satara,700,500,600,Maharashtra,Other
28/05/2007,Onion,23,Satara,FAQ,Satara,650,300,500,Maharashtra,Other
04/06/2007,Onion,23,Satara,FAQ,Satara,750,400,650,Maharashtra,Other
01/07/2007,Onion,23,Satara,FAQ,Satara,1100,800,1000,Maharashtra,Other
12/07/2007,Onion,23,Satara,FAQ,Satara,1100,1000,1050,Maharashtra,Other
19/07/2007,Onion,23,Satara,FAQ,Satara,1100,900,1000,Maharashtra,Other
25/07/2007,Onion,23,Satara,FAQ,Satara,1050,900,1000,Maharashtra,Other
26/07/2007,Onion,23,Satara,FAQ,Satara,1000,900,950,Maharashtra,Other
29/07/2007,Onion,23,Satara,FAQ,Satara,1100,900,1000,Maharashtra,Other
07/08/2007,Onion,23,Satara,FAQ,Satara,1100,900,1000,Maharashtra,Other
12/08/2007,Onion,23,Satara,FAQ,Satara,1100,1000,1050,Maharashtra,Other
14/08/2007,Onion,23,Satara,FAQ,Satara,1100,900,1000,Maharashtra,Other
19/08/2007,Onion,23,Satara,FAQ,Satara,1300,1000,1150,Maharashtra,Other
11/10/2007,Onion,23,Satara,FAQ,Satara,1800,500,1200,Maharashtra,Other
21/10/2007,Onion,23,Satara,FAQ,Satara,1600,400,1000,Maharashtra,Other
20/12/2007,Onion,23,Satara,FAQ,Satara,800,200,500,Maharashtra,Other
21/10/2004,Onion,23,Satara,FAQ,Satara,500,200,350,Maharashtra,Other
24/10/2004,Onion,23,Satara,FAQ,Satara,500,300,400,Maharashtra,Other
04/11/2004,Onion,23,Satara,FAQ,Satara,500,200,350,Maharashtra,Other
19/12/2004,Onion,23,Satara,FAQ,Satara,550,200,375,Maharashtra,Other
20/12/2004,Onion,23,Satara,FAQ,Satara,500,200,350,Maharashtra,Other
26/12/2004,Onion,23,Satara,FAQ,Satara,550,300,475,Maharashtra,Other
28/12/2004,Onion,23,Satara,FAQ,Satara,550,300,425,Maharashtra,Other
26/02/2015,Onion,23,Satara,FAQ,Satara,1600,1000,1300,Maharashtra,Other
08/03/2015,Onion,23,Satara,FAQ,Satara,1600,800,1200,Maharashtra,Other
05/04/2015,Onion,23,Satara,FAQ,Satara,1400,1000,1200,Maharashtra,Other
09/04/2015,Onion,23,Satara,FAQ,Satara,1400,1200,1300,Maharashtra,Other
12/04/2015,Onion,23,Satara,FAQ,Satara,1300,700,1000,Maharashtra,Other
23/04/2015,Onion,23,Satara,FAQ,Satara,1300,700,1000,Maharashtra,Other
26/04/2015,Onion,23,Satara,FAQ,Satara,1300,1000,1150,Maharashtra,Other
17/05/2015,Onion,23,Satara,FAQ,Satara,1700,1300,1500,Maharashtra,Other
18/06/2015,Onion,23,Satara,FAQ,Satara,2400,2000,2200,Maharashtra,Other
28/06/2015,Onion,23,Satara,FAQ,Satara,2200,1800,2000,Maharashtra,Other
05/07/2015,Onion,23,Satara,FAQ,Satara,2100,1700,1900,Maharashtra,Other
09/07/2015,Onion,23,Satara,FAQ,Satara,2100,1000,1650,Maharashtra,Other
26/07/2015,Onion,23,Satara,FAQ,Satara,3000,2700,2850,Maharashtra,Other
02/08/2015,Onion,23,Satara,FAQ,Satara,3800,3200,3500,Maharashtra,Other
09/08/2015,Onion,23,Satara,FAQ,Satara,4200,3000,3600,Maharashtra,Other
20/08/2015,Onion,23,Satara,FAQ,Satara,5300,3500,4400,Maharashtra,Other
03/09/2015,Onion,23,Satara,FAQ,Satara,5000,3000,4000,Maharashtra,Other
06/09/2015,Onion,23,Satara,FAQ,Satara,5000,3000,4000,Maharashtra,Other
20/09/2015,Onion,23,Satara,FAQ,Satara,6000,3000,4500,Maharashtra,Other
04/10/2015,Onion,23,Satara,FAQ,Satara,5000,2000,3500,Maharashtra,Other
18/10/2015,Onion,23,Satara,FAQ,Satara,2500,1300,1900,Maharashtra,Other
08/11/2015,Onion,23,Satara,FAQ,Satara,3000,1500,2250,Maharashtra,Other
12/11/2015,Onion,23,Satara,FAQ,Satara,3200,2000,2600,Maharashtra,Other
24/12/2015,Onion,23,Satara,FAQ,Satara,1800,1000,1400,Maharashtra,Other
31/12/2015,Onion,23,Satara,FAQ,Satara,2100,900,1500,Maharashtra,Other
10/12/2024,Onion,23,Satara,FAQ,Satara,5500,2000,3700,Maharashtra,Other
12/12/2024,Onion,23,Satara,FAQ,Satara,5500,2000,3700,Maharashtra,Other
14/12/2024,Onion,23,Satara,FAQ,Satara,4000,2000,3000,Maharashtra,Other
18/12/2024,Onion,23,Satara,FAQ,Satara,3500,1000,2250,Maharashtra,Other
21/12/2024,Onion,23,Satara,FAQ,Satara,3500,1000,2000,Maharashtra,Other
23/02/2017,Onion,23,Satara,FAQ,Satara,900,500,700,Maharashtra,Other
05/03/2017,Onion,23,Satara,FAQ,Satara,800,400,600,Maharashtra,Other
12/03/2017,Onion,23,Satara,FAQ,Satara,700,300,500,Maharashtra,Other
16/03/2017,Onion,23,Satara,FAQ,Satara,700,300,500,Maharashtra,Other
23/03/2017,Onion,23,Satara,FAQ,Satara,700,300,500,Maharashtra,Other
13/04/2017,Onion,23,Satara,FAQ,Satara,650,200,425,Maharashtra,Other
22/06/2017,Onion,23,Satara,FAQ,Satara,1000,500,750,Maharashtra,Other
06/07/2017,Onion,23,Satara,FAQ,Satara,900,600,750,Maharashtra,Other
30/07/2017,Onion,23,Satara,FAQ,Satara,1600,1000,1300,Maharashtra,Other
06/08/2017,Onion,23,Satara,FAQ,Satara,2500,1500,2000,Maharashtra,Other
13/08/2017,Onion,23,Satara,FAQ,Satara,2400,1000,1700,Maharashtra,Other
20/08/2017,Onion,23,Satara,FAQ,Satara,2000,1500,1750,Maharashtra,Other
24/08/2017,Onion,23,Satara,FAQ,Satara,2200,1000,1600,Maharashtra,Other
07/09/2017,Onion,23,Satara,FAQ,Satara,2100,1500,1800,Maharashtra,Other
10/09/2017,Onion,23,Satara,FAQ,Satara,1900,1000,1500,Maharashtra,Other
17/09/2017,Onion,23,Satara,FAQ,Satara,1500,1000,1250,Maharashtra,Other
07/10/2017,Onion,23,Satara,FAQ,Satara,2100,1700,1900,Maharashtra,Other
08/10/2017,Onion,23,Satara,FAQ,Satara,2500,2000,2250,Maharashtra,Other
12/10/2017,Onion,23,Satara,FAQ,Satara,2700,1000,1850,Maharashtra,Other
22/10/2017,Onion,23,Satara,FAQ,Satara,3600,1500,2050,Maharashtra,Other
26/10/2017,Onion,23,Satara,FAQ,Satara,3600,1500,2500,Maharashtra,Other
12/11/2017,Onion,23,Satara,FAQ,Satara,3500,3000,3250,Maharashtra,Other
19/11/2017,Onion,23,Satara,FAQ,Satara,4000,1000,2500,Maharashtra,Other
23/11/2017,Onion,23,Satara,FAQ,Satara,4200,1000,2600,Maharashtra,Other
26/11/2017,Onion,23,Satara,FAQ,Satara,5200,3000,4100,Maharashtra,Other
14/12/2017,Onion,23,Satara,FAQ,Satara,4200,1000,2600,Maharashtra,Other
28/12/2017,Onion,23,Satara,FAQ,Satara,3000,1000,2000,Maharashtra,Other
11/01/2018,Onion,23,Satara,FAQ,Satara,3400,2000,2700,Maharashtra,Other
21/01/2018,Onion,23,Satara,FAQ,Satara,3000,1500,2250,Maharashtra,Other
04/02/2018,Onion,23,Satara,FAQ,Satara,1700,800,1250,Maharashtra,Other
11/02/2018,Onion,23,Satara,FAQ,Satara,1800,1200,1500,Maharashtra,Other
11/03/2018,Onion,23,Satara,FAQ,Satara,900,400,650,Maharashtra,Other
13/05/2018,Onion,23,Satara,FAQ,Satara,900,300,600,Maharashtra,Other
27/05/2018,Onion,23,Satara,FAQ,Satara,800,300,550,Maharashtra,Other
05/06/2018,Onion,23,Satara,FAQ,Satara,1100,600,850,Maharashtra,Other
01/07/2018,Onion,23,Satara,FAQ,Satara,1400,700,1050,Maharashtra,Other
23/07/2018,Onion,23,Satara,FAQ,Satara,1400,700,1050,Maharashtra,Other
02/08/2018,Onion,23,Satara,FAQ,Satara,1300,700,1000,Maharashtra,Other
13/09/2018,Onion,23,Satara,FAQ,Satara,1000,500,750,Maharashtra,Other
25/09/2018,Onion,23,Satara,FAQ,Satara,1100,500,800,Maharashtra,Other
27/09/2018,Onion,23,Satara,FAQ,Satara,1100,500,800,Maharashtra,Other
28/10/2018,Onion,23,Satara,FAQ,Satara,1700,800,1250,Maharashtra,Other
02/12/2018,Onion,23,Satara,FAQ,Satara,900,200,550,Maharashtra,Other
06/12/2018,Onion,23,Satara,FAQ,Satara,1100,400,750,Maharashtra,Other
13/12/2018,Onion,23,Satara,FAQ,Satara,1000,400,750,Maharashtra,Other
20/12/2018,Onion,23,Satara,FAQ,Satara,900,300,600,Maharashtra,Other
23/12/2018,Onion,23,Satara,FAQ,Satara,900,300,550,Maharashtra,Other
27/12/2018,Onion,23,Satara,FAQ,Satara,800,200,500,Maharashtra,Other
30/01/2020,Onion,23,Satara,FAQ,Satara,2700,1000,1850,Maharashtra,Other
01/03/2020,Onion,23,Satara,FAQ,Satara,2000,1000,1500,Maharashtra,Other
21/03/2020,Onion,23,Satara,FAQ,Satara,1600,800,1200,Maharashtra,Other
30/03/2020,Onion,23,Satara,FAQ,Satara,2200,1500,2000,Maharashtra,Other
19/04/2020,Onion,23,Satara,FAQ,Satara,1500,800,1150,Maharashtra,Other
26/04/2020,Onion,23,Satara,FAQ,Satara,1200,800,1000,Maharashtra,Other
19/05/2020,Onion,23,Satara,FAQ,Satara,1000,500,750,Maharashtra,Other
17/06/2020,Onion,23,Satara,FAQ,Satara,1000,600,800,Maharashtra,Other
24/06/2020,Onion,23,Satara,FAQ,Satara,1000,500,750,Maharashtra,Other
29/06/2020,Onion,23,Satara,FAQ,Satara,1000,500,750,Maharashtra,Other
30/07/2020,Onion,23,Satara,FAQ,Satara,900,500,700,Maharashtra,Other
04/08/2020,Onion,23,Satara,FAQ,Satara,900,300,600,Maharashtra,Other
08/08/2020,Onion,23,Satara,FAQ,Satara,900,700,800,Maharashtra,Other
12/08/2020,Onion,23,Satara,FAQ,Satara,900,700,800,Maharashtra,Other
30/08/2020,Onion,23,Satara,FAQ,Satara,1500,1000,1250,Maharashtra,Other
31/08/2020,Onion,23,Satara,FAQ,Satara,1500,1000,1250,Maharashtra,Other
03/09/2020,Onion,23,Satara,FAQ,Satara,1800,1200,1500,Maharashtra,Other
05/09/2020,Onion,23,Satara,FAQ,Satara,1800,1200,1500,Maharashtra,Other
09/09/2020,Onion,23,Satara,FAQ,Satara,1800,800,1300,Maharashtra,Other
15/09/2020,Onion,23,Satara,FAQ,Satara,2200,1000,1600,Maharashtra,Other
04/10/2020,Onion,23,Satara,FAQ,Satara,3200,500,1850,Maharashtra,Other
08/10/2020,Onion,23,Satara,FAQ,Satara,3000,1000,2000,Maharashtra,Other
12/10/2020,Onion,23,Satara,FAQ,Satara,4000,1500,2750,Maharashtra,Other
23/11/2020,Onion,23,Satara,FAQ,Satara,5500,2000,3750,Maharashtra,Other
05/12/2020,Onion,23,Satara,FAQ,Satara,3000,1000,2000,Maharashtra,Other
09/12/2020,Onion,23,Satara,FAQ,Satara,2500,1000,1750,Maharashtra,Other
10/12/2020,Onion,23,Satara,FAQ,Satara,3200,1500,2350,Maharashtra,Other
13/12/2020,Onion,23,Satara,FAQ,Satara,3800,2000,2900,Maharashtra,Other
17/12/2020,Onion,23,Satara,FAQ,Satara,3000,1000,2000,Maharashtra,Other
24/12/2020,Onion,23,Satara,FAQ,Satara,2500,1500,2000,Maharashtra,Other
28/12/2020,Onion,23,Satara,FAQ,Satara,2500,1000,1750,Maharashtra,Other
29/12/2020,Onion,23,Satara,FAQ,Satara,2500,1000,1750,Maharashtra,Other
07/01/2009,Onion,23,Satara,FAQ,Satara,1650,600,1200,Maharashtra,Other
13/01/2009,Onion,23,Satara,FAQ,Satara,1500,800,1150,Maharashtra,Other
21/01/2009,Onion,23,Satara,FAQ,Satara,1700,700,1200,Maharashtra,Other
08/02/2009,Onion,23,Satara,FAQ,Satara,1400,500,1000,Maharashtra,Other
15/02/2009,Onion,23,Satara,FAQ,Satara,1000,800,900,Maharashtra,Other
19/02/2009,Onion,23,Satara,FAQ,Satara,1200,800,1000,Maharashtra,Other
12/03/2009,Onion,23,Satara,FAQ,Satara,750,300,525,Maharashtra,Other
26/03/2009,Onion,23,Satara,FAQ,Satara,650,300,500,Maharashtra,Other
05/04/2009,Onion,23,Satara,FAQ,Satara,600,200,400,Maharashtra,Other
30/04/2009,Onion,23,Satara,FAQ,Satara,600,400,500,Maharashtra,Other
07/05/2009,Onion,23,Satara,FAQ,Satara,600,500,550,Maharashtra,Other
12/05/2009,Onion,23,Satara,FAQ,Satara,650,400,550,Maharashtra,Other
17/05/2009,Onion,23,Satara,FAQ,Satara,680,500,550,Maharashtra,Other
23/05/2009,Onion,23,Satara,FAQ,Satara,700,400,550,Maharashtra,Other
28/06/2009,Onion,23,Satara,FAQ,Satara,800,600,700,Maharashtra,Other
09/07/2009,Onion,23,Satara,FAQ,Satara,850,600,750,Maharashtra,Other
19/07/2009,Onion,23,Satara,FAQ,Satara,800,600,700,Maharashtra,Other
20/07/2009,Onion,23,Satara,FAQ,Satara,800,600,700,Maharashtra,Other
09/08/2009,Onion,23,Satara,FAQ,Satara,800,600,700,Maharashtra,Other
06/09/2009,Onion,23,Satara,FAQ,Satara,820,600,700,Maharashtra,Other
10/09/2009,Onion,23,Satara,FAQ,Satara,750,400,600,Maharashtra,Other
14/09/2009,Onion,23,Satara,FAQ,Satara,820,600,700,Maharashtra,Other
07/10/2009,Onion,23,Satara,FAQ,Satara,1600,1200,1400,Maharashtra,Other
11/10/2009,Onion,23,Satara,FAQ,Satara,1500,800,1200,Maharashtra,Other
12/10/2009,Onion,23,Satara,FAQ,Satara,1500,800,1200,Maharashtra,Other
17/10/2009,Onion,23,Satara,FAQ,Satara,1600,800,1200,Maharashtra,Other
27/10/2009,Onion,23,Satara,FAQ,Satara,1800,500,1200,Maharashtra,Other
01/11/2009,Onion,23,Satara,FAQ,Satara,1800,500,1200,Maharashtra,Other
05/11/2009,Onion,23,Satara,FAQ,Satara,1800,500,1200,Maharashtra,Other
09/11/2009,Onion,23,Satara,FAQ,Satara,1600,400,1000,Maharashtra,Other
10/12/2009,Onion,23,Satara,FAQ,Satara,1500,500,1000,Maharashtra,Other
10/01/2008,Onion,23,Satara,FAQ,Satara,500,200,350,Maharashtra,Other
13/01/2008,Onion,23,Satara,FAQ,Satara,500,200,350,Maharashtra,Other
16/03/2008,Onion,23,Satara,FAQ,Satara,350,200,225,Maharashtra,Other
26/03/2008,Onion,23,Satara,FAQ,Satara,400,200,300,Maharashtra,Other
09/04/2008,Onion,23,Satara,FAQ,Satara,450,300,350,Maharashtra,Other
24/04/2008,Onion,23,Satara,FAQ,Satara,400,200,300,Maharashtra,Other
05/05/2008,Onion,23,Satara,FAQ,Satara,400,200,300,Maharashtra,Other
29/05/2008,Onion,23,Satara,FAQ,Satara,450,200,325,Maharashtra,Other
14/06/2008,Onion,23,Satara,FAQ,Satara,500,300,400,Maharashtra,Other
19/06/2008,Onion,23,Satara,FAQ,Satara,550,300,400,Maharashtra,Other
30/06/2008,Onion,23,Satara,FAQ,Satara,500,200,350,Maharashtra,Other
13/07/2008,Onion,23,Satara,FAQ,Satara,800,500,650,Maharashtra,Other
20/07/2008,Onion,23,Satara,FAQ,Satara,900,700,800,Maharashtra,Other
24/07/2008,Onion,23,Satara,FAQ,Satara,1000,800,900,Maharashtra,Other
10/08/2008,Onion,23,Satara,FAQ,Satara,900,700,800,Maharashtra,Other
14/08/2008,Onion,23,Satara,FAQ,Satara,850,600,700,Maharashtra,Other
10/09/2008,Onion,23,Satara,FAQ,Satara,850,600,725,Maharashtra,Other
15/09/2008,Onion,23,Satara,FAQ,Satara,800,600,700,Maharashtra,Other
07/10/2008,Onion,23,Satara,FAQ,Satara,900,450,700,Maharashtra,Other
26/10/2008,Onion,23,Satara,FAQ,Satara,800,300,600,Maharashtra,Other
02/11/2008,Onion,23,Satara,FAQ,Satara,900,300,650,Maharashtra,Other
17/12/2008,Onion,23,Satara,FAQ,Satara,1200,500,850,Maharashtra,Other
10/01/2016,Onion,23,Satara,FAQ,Satara,1800,700,1050,Maharashtra,Other
06/03/2016,Onion,23,Satara,FAQ,Satara,900,500,700,Maharashtra,Other
10/03/2016,Onion,23,Satara,FAQ,Satara,900,500,700,Maharashtra,Other
03/04/2016,Onion,23,Satara,FAQ,Satara,900,300,600,Maharashtra,Other
15/05/2016,Onion,23,Satara,FAQ,Satara,700,300,500,Maharashtra,Other
12/06/2016,Onion,23,Satara,FAQ,Satara,900,700,850,Maharashtra,Other
10/07/2016,Onion,23,Satara,FAQ,Satara,1000,800,900,Maharashtra,Other
21/07/2016,Onion,23,Satara,FAQ,Satara,1100,500,800,Maharashtra,Other
07/08/2016,Onion,23,Satara,FAQ,Satara,900,500,700,Maharashtra,Other
18/09/2016,Onion,23,Satara,FAQ,Satara,700,400,550,Maharashtra,Other
20/10/2016,Onion,23,Satara,FAQ,Satara,1000,300,650,Maharashtra,Other
04/12/2016,Onion,23,Satara,FAQ,Satara,1000,300,650,Maharashtra,Other
22/12/2016,Onion,23,Satara,FAQ,Satara,1100,500,800,Maharashtra,Other
01/06/2024,Onion,23,Satara,FAQ,Satara,2500,2000,2250,Maharashtra,Other
05/06/2024,Onion,23,Satara,FAQ,Satara,2500,2000,2250,Maharashtra,Other
18/06/2024,Onion,23,Satara,FAQ,Satara,3000,2500,2750,Maharashtra,Other
27/06/2024,Onion,23,Satara,FAQ,Satara,3000,2500,2750,Maharashtra,Other
04/07/2024,Onion,23,Satara,FAQ,Satara,3000,2500,2750,Maharashtra,Other
08/07/2024,Onion,23,Satara,FAQ,Satara,3200,2500,2800,Maharashtra,Other
23/07/2024,Onion,23,Satara,FAQ,Satara,3200,2000,2600,Maharashtra,Other
24/07/2024,Onion,23,Satara,FAQ,Satara,3200,2000,2600,Maharashtra,Other
27/07/2024,Onion,23,Satara,FAQ,Satara,3000,2000,2500,Maharashtra,Other
29/07/2024,Onion,23,Satara,FAQ,Satara,3000,2000,2500,Maharashtra,Other
01/01/2024,Onion,23,Satara,FAQ,Satara,3500,1500,2500,Maharashtra,Other
08/01/2024,Onion,23,Satara,FAQ,Satara,2100,1000,1550,Maharashtra,Other
14/01/2024,Onion,23,Satara,FAQ,Satara,1900,1000,1500,Maharashtra,Other
24/01/2024,Onion,23,Satara,FAQ,Satara,1400,700,1050,Maharashtra,Other
01/02/2024,Onion,23,Satara,FAQ,Satara,1400,1000,1200,Maharashtra,Other
05/02/2024,Onion,23,Satara,FAQ,Satara,1400,700,1050,Maharashtra,Other
20/02/2024,Onion,23,Satara,FAQ,Satara,2200,1500,1800,Maharashtra,Other
21/02/2024,Onion,23,Satara,FAQ,Satara,2200,1000,1600,Maharashtra,Other
22/02/2024,Onion,23,Satara,FAQ,Satara,2000,1000,1500,Maharashtra,Other
02/03/2024,Onion,23,Satara,FAQ,Satara,1800,1400,1600,Maharashtra,Other
18/03/2024,Onion,23,Satara,FAQ,Satara,1500,700,1100,Maharashtra,Other
19/03/2024,Onion,23,Satara,FAQ,Satara,1500,1000,1250,Maharashtra,Other
28/03/2024,Onion,23,Satara,FAQ,Satara,1500,1000,1250,Maharashtra,Other
05/01/2021,Onion,23,Satara,FAQ,Satara,2800,1500,2150,Maharashtra,Other
06/01/2021,Onion,23,Satara,FAQ,Satara,2800,1500,2150,Maharashtra,Other
19/01/2021,Onion,23,Satara,FAQ,Satara,3000,1500,2250,Maharashtra,Other
23/01/2021,Onion,23,Satara,FAQ,Satara,3000,1000,2000,Maharashtra,Other
04/02/2021,Onion,23,Satara,FAQ,Satara,3800,1000,2400,Maharashtra,Other
07/02/2021,Onion,23,Satara,FAQ,Satara,3300,1500,2400,Maharashtra,Other
14/02/2021,Onion,23,Satara,FAQ,Satara,4000,2000,3000,Maharashtra,Other
17/02/2021,Onion,23,Satara,FAQ,Satara,4000,2000,3000,Maharashtra,Other
21/02/2021,Onion,23,Satara,FAQ,Satara,4200,1000,2600,Maharashtra,Other
27/02/2021,Onion,23,Satara,FAQ,Satara,2500,1000,1750,Maharashtra,Other
01/03/2021,Onion,23,Satara,FAQ,Satara,2500,1000,1750,Maharashtra,Other
20/03/2021,Onion,23,Satara,FAQ,Satara,1600,800,1200,Maharashtra,Other
21/03/2021,Onion,23,Satara,FAQ,Satara,4200,1000,2600,Maharashtra,Other
23/03/2021,Onion,23,Satara,FAQ,Satara,1500,300,900,Maharashtra,Other
08/04/2021,Onion,23,Satara,FAQ,Satara,1200,600,900,Maharashtra,Other
15/04/2021,Onion,23,Satara,FAQ,Satara,1300,700,1000,Maharashtra,Other
22/04/2021,Onion,23,Satara,FAQ,Satara,1200,800,1000,Maharashtra,Other
27/04/2021,Onion,23,Satara,FAQ,Satara,1200,500,850,Maharashtra,Other
23/05/2021,Onion,23,Satara,FAQ,Satara,1400,1000,1200,Maharashtra,Other
09/06/2021,Onion,23,Satara,FAQ,Satara,2000,1000,1750,Maharashtra,Other
10/06/2021,Onion,23,Satara,FAQ,Satara,2000,1600,1800,Maharashtra,Other
15/06/2021,Onion,23,Satara,FAQ,Satara,2200,1000,1600,Maharashtra,Other
21/06/2021,Onion,23,Satara,FAQ,Satara,2000,1200,1600,Maharashtra,Other
24/06/2021,Onion,23,Satara,FAQ,Satara,2000,1200,1600,Maharashtra,Other
30/06/2021,Onion,23,Satara,FAQ,Satara,2000,1400,1700,Maharashtra,Other
01/07/2021,Onion,23,Satara,FAQ,Satara,2000,1400,1700,Maharashtra,Other
04/07/2021,Onion,23,Satara,FAQ,Satara,2000,1000,1500,Maharashtra,Other
09/07/2021,Onion,23,Satara,FAQ,Satara,2000,1000,1500,Maharashtra,Other
12/07/2021,Onion,23,Satara,FAQ,Satara,2000,1400,1750,Maharashtra,Other
13/07/2021,Onion,23,Satara,FAQ,Satara,2000,1400,1700,Maharashtra,Other
15/07/2021,Onion,23,Satara,FAQ,Satara,2000,1400,1700,Maharashtra,Other
08/08/2021,Onion,23,Satara,FAQ,Satara,2000,1000,1500,Maharashtra,Other
25/08/2021,Onion,23,Satara,FAQ,Satara,1900,1000,1450,Maharashtra,Other
26/08/2021,Onion,23,Satara,FAQ,Satara,1900,1600,1750,Maharashtra,Other
01/09/2021,Onion,23,Satara,FAQ,Satara,1800,1000,1400,Maharashtra,Other
04/09/2021,Onion,23,Satara,FAQ,Satara,2000,1000,1500,Maharashtra,Other
13/09/2021,Onion,23,Satara,FAQ,Satara,1700,1500,1650,Maharashtra,Other
16/09/2021,Onion,23,Satara,FAQ,Satara,1700,1000,1350,Maharashtra,Other
27/09/2021,Onion,23,Satara,FAQ,Satara,2000,1000,1500,Maharashtra,Other
28/09/2021,Onion,23,Satara,FAQ,Satara,2200,1700,1950,Maharashtra,Other
06/10/2021,Onion,23,Satara,FAQ,Satara,3400,2000,2700,Maharashtra,Other
14/10/2021,Onion,23,Satara,FAQ,Satara,3500,2000,2700,Maharashtra,Other
16/10/2021,Onion,23,Satara,FAQ,Satara,3500,3000,3250,Maharashtra,Other
26/10/2021,Onion,23,Satara,FAQ,Satara,2800,1000,1900,Maharashtra,Other
01/11/2021,Onion,23,Satara,FAQ,Satara,2800,1000,1900,Maharashtra,Other
03/11/2021,Onion,23,Satara,FAQ,Satara,2800,1500,2150,Maharashtra,Other
07/11/2021,Onion,23,Satara,FAQ,Satara,2800,1000,1900,Maharashtra,Other
09/11/2021,Onion,23,Satara,FAQ,Satara,3300,1000,2200,Maharashtra,Other
18/11/2021,Onion,23,Satara,FAQ,Satara,2800,1000,1900,Maharashtra,Other
22/11/2021,Onion,23,Satara,FAQ,Satara,2500,1000,1750,Maharashtra,Other
02/12/2021,Onion,23,Satara,FAQ,Satara,2200,1000,1600,Maharashtra,Other
04/12/2021,Onion,23,Satara,FAQ,Satara,3200,1000,2100,Maharashtra,Other
12/12/2021,Onion,23,Satara,FAQ,Satara,3200,1000,2100,Maharashtra,Other
15/12/2021,Onion,23,Satara,FAQ,Satara,3100,1000,2050,Maharashtra,Other
16/12/2021,Onion,23,Satara,FAQ,Satara,3200,1000,2100,Maharashtra,Other
29/12/2021,Onion,23,Satara,FAQ,Satara,3800,1000,2400,Maharashtra,Other
17/02/2011,Onion,23,Satara,FAQ,Satara,1300,500,900,Maharashtra,Other
20/02/2011,Onion,23,Satara,FAQ,Satara,1500,500,1000,Maharashtra,Other
10/03/2011,Onion,23,Satara,FAQ,Satara,750,300,525,Maharashtra,Other
26/04/2011,Onion,23,Satara,FAQ,Satara,800,400,600,Maharashtra,Other
28/04/2011,Onion,23,Satara,FAQ,Satara,700,300,500,Maharashtra,Other
08/05/2011,Onion,23,Satara,FAQ,Satara,700,300,500,Maharashtra,Other
15/06/2011,Onion,23,Satara,FAQ,Satara,950,450,700,Maharashtra,Other
23/06/2011,Onion,23,Satara,FAQ,Satara,1000,400,700,Maharashtra,Other
30/06/2011,Onion,23,Satara,FAQ,Satara,900,700,800,Maharashtra,Other
03/07/2011,Onion,23,Satara,FAQ,Satara,1000,400,700,Maharashtra,Other
17/07/2011,Onion,23,Satara,FAQ,Satara,1100,400,750,Maharashtra,Other
19/07/2011,Onion,23,Satara,FAQ,Satara,1200,800,1000,Maharashtra,Other
24/07/2011,Onion,23,Satara,FAQ,Satara,1000,400,700,Maharashtra,Other
31/07/2011,Onion,23,Satara,FAQ,Satara,1100,400,750,Maharashtra,Other
21/08/2011,Onion,23,Satara,FAQ,Satara,1600,800,1200,Maharashtra,Other
25/08/2011,Onion,23,Satara,FAQ,Satara,1500,1200,1350,Maharashtra,Other
25/09/2011,Onion,23,Satara,FAQ,Satara,1400,600,1000,Maharashtra,Other
02/10/2011,Onion,23,Satara,FAQ,Satara,1300,700,1000,Maharashtra,Other
22/12/2011,Onion,23,Satara,FAQ,Satara,700,400,550,Maharashtra,Other
25/12/2011,Onion,23,Satara,FAQ,Satara,700,300,500,Maharashtra,Other
24/01/2011,Onion,23,Satara,FAQ,Satara,3000,1000,2000,Maharashtra,Other
03/02/2011,Onion,23,Satara,FAQ,Satara,1700,600,1150,Maharashtra,Other
02/01/2014,Onion,23,Satara,FAQ,Satara,1600,1200,1400,Maharashtra,Other
05/01/2014,Onion,23,Satara,FAQ,Satara,1600,1300,1450,Maharashtra,Other
16/01/2014,Onion,23,Satara,FAQ,Satara,1000,800,900,Maharashtra,Other
19/01/2014,Onion,23,Satara,FAQ,Satara,1000,700,850,Maharashtra,Other
06/02/2014,Onion,23,Satara,FAQ,Satara,900,500,700,Maharashtra,Other
20/02/2014,Onion,23,Satara,FAQ,Satara,700,500,600,Maharashtra,Other
03/04/2014,Onion,23,Satara,FAQ,Satara,1000,800,900,Maharashtra,Other
24/04/2014,Onion,23,Satara,FAQ,Satara,1000,800,900,Maharashtra,Other
27/04/2014,Onion,23,Satara,FAQ,Satara,1000,800,900,Maharashtra,Other
06/07/2014,Onion,23,Satara,FAQ,Satara,3000,2500,2750,Maharashtra,Other
31/07/2014,Onion,23,Satara,FAQ,Satara,2000,1600,1800,Maharashtra,Other
21/08/2014,Onion,23,Satara,FAQ,Satara,2000,1500,1750,Maharashtra,Other
24/08/2014,Onion,23,Satara,FAQ,Satara,2000,1600,1800,Maharashtra,Other
14/09/2014,Onion,23,Satara,FAQ,Satara,1900,1500,1700,Maharashtra,Other
02/10/2014,Onion,23,Satara,FAQ,Satara,1500,1200,1450,Maharashtra,Other
05/10/2014,Onion,23,Satara,FAQ,Satara,1600,1200,1400,Maharashtra,Other
09/10/2014,Onion,23,Satara,FAQ,Satara,2000,1500,1750,Maharashtra,Other
30/11/2014,Onion,23,Satara,FAQ,Satara,1800,1500,1600,Maharashtra,Other
25/12/2014,Onion,23,Satara,FAQ,Satara,2200,800,1500,Maharashtra,Other
24/02/2013,Onion,23,Satara,FAQ,Satara,1400,800,1100,Maharashtra,Other
28/02/2013,Onion,23,Satara,FAQ,Satara,1400,800,1100,Maharashtra,Other
24/03/2013,Onion,23,Satara,FAQ,Satara,1300,700,1000,Maharashtra,Other
26/03/2013,Onion,23,Satara,FAQ,Satara,1300,1000,1150,Maharashtra,Other
07/04/2013,Onion,23,Satara,FAQ,Satara,1300,700,1000,Maharashtra,Other
25/04/2013,Onion,23,Satara,FAQ,Satara,1100,500,800,Maharashtra,Other
28/04/2013,Onion,23,Satara,FAQ,Satara,1200,600,900,Maharashtra,Other
12/05/2013,Onion,23,Satara,FAQ,Satara,1300,700,1000,Maharashtra,Other
19/05/2013,Onion,23,Satara,FAQ,Satara,1300,700,1000,Maharashtra,Other
06/06/2013,Onion,23,Satara,FAQ,Satara,1700,1000,1350,Maharashtra,Other
30/06/2013,Onion,23,Satara,FAQ,Satara,1900,1200,1550,Maharashtra,Other
11/07/2013,Onion,23,Satara,FAQ,Satara,2300,1700,2000,Maharashtra,Other
25/07/2013,Onion,23,Satara,FAQ,Satara,2700,1800,2250,Maharashtra,Other
01/09/2013,Onion,23,Satara,FAQ,Satara,4500,4000,4350,Maharashtra,Other
29/09/2013,Onion,23,Satara,FAQ,Satara,5500,5000,5250,Maharashtra,Other
31/10/2013,Onion,23,Satara,FAQ,Satara,4000,2000,3000,Maharashtra,Other
14/11/2013,Onion,23,Satara,FAQ,Satara,4500,1500,3000,Maharashtra,Other
17/11/2013,Onion,23,Satara,FAQ,Satara,4000,1500,2750,Maharashtra,Other
05/12/2013,Onion,23,Satara,FAQ,Satara,1800,1000,1400,Maharashtra,Other
19/01/2012,Onion,23,Satara,FAQ,Satara,700,300,500,Maharashtra,Other
07/02/2012,Onion,23,Satara,FAQ,Satara,700,300,500,Maharashtra,Other
29/03/2012,Onion,23,Satara,FAQ,Satara,550,200,375,Maharashtra,Other
25/04/2012,Onion,23,Satara,FAQ,Satara,500,200,350,Maharashtra,Other
29/04/2012,Onion,23,Satara,FAQ,Satara,500,200,350,Maharashtra,Other
24/05/2012,Onion,23,Satara,FAQ,Satara,600,200,400,Maharashtra,Other
03/06/2012,Onion,23,Satara,FAQ,Satara,600,300,450,Maharashtra,Other
19/07/2012,Onion,23,Satara,FAQ,Satara,800,400,600,Maharashtra,Other
02/08/2012,Onion,23,Satara,FAQ,Satara,800,500,650,Maharashtra,Other
05/08/2012,Onion,23,Satara,FAQ,Satara,800,500,650,Maharashtra,Other
09/08/2012,Onion,23,Satara,FAQ,Satara,800,400,600,Maharashtra,Other
23/08/2012,Onion,23,Satara,FAQ,Satara,950,300,600,Maharashtra,Other
26/08/2012,Onion,23,Satara,FAQ,Satara,950,400,675,Maharashtra,Other
30/08/2012,Onion,23,Satara,FAQ,Satara,900,400,650,Maharashtra,Other
23/09/2012,Onion,23,Satara,FAQ,Satara,800,400,600,Maharashtra,Other
27/09/2012,Onion,23,Satara,FAQ,Satara,700,300,500,Maharashtra,Other
07/10/2012,Onion,23,Satara,FAQ,Satara,800,400,600,Maharashtra,Other
11/10/2012,Onion,23,Satara,FAQ,Satara,900,400,650,Maharashtra,Other
18/11/2012,Onion,23,Satara,FAQ,Satara,1300,700,1000,Maharashtra,Other
22/11/2012,Onion,23,Satara,FAQ,Satara,1700,1000,1350,Maharashtra,Other
29/11/2012,Onion,23,Satara,FAQ,Satara,1500,900,1200,Maharashtra,Other
16/12/2012,Onion,23,Satara,FAQ,Satara,1700,1000,1350,Maharashtra,Other
03/01/2005,Onion,23,Satara,FAQ,Satara,550,300,425,Maharashtra,Other
10/01/2005,Onion,23,Satara,FAQ,Satara,550,200,375,Maharashtra,Other
01/02/2005,Onion,23,Satara,FAQ,Satara,500,300,400,Maharashtra,Other
08/02/2005,Onion,23,Satara,FAQ,Satara,450,200,325,Maharashtra,Other
22/03/2005,Onion,23,Satara,FAQ,Satara,350,150,250,Maharashtra,Other
29/03/2005,Onion,23,Satara,FAQ,Satara,350,200,275,Maharashtra,Other
21/04/2005,Onion,23,Satara,FAQ,Satara,300,200,250,Maharashtra,Other
24/04/2005,Onion,23,Satara,FAQ,Satara,300,200,250,Maharashtra,Other
30/04/2005,Onion,23,Satara,FAQ,Satara,300,150,275,Maharashtra,Other
05/05/2005,Onion,23,Satara,FAQ,Satara,350,200,250,Maharashtra,Other
02/06/2005,Onion,23,Satara,FAQ,Satara,380,200,300,Maharashtra,Other
12/06/2005,Onion,23,Satara,FAQ,Satara,500,300,400,Maharashtra,Other
18/06/2005,Onion,23,Satara,FAQ,Satara,500,300,350,Maharashtra,Other
23/06/2005,Onion,23,Satara,FAQ,Satara,440,250,350,Maharashtra,Other
12/07/2005,Onion,23,Satara,FAQ,Satara,500,300,400,Maharashtra,Other
19/07/2005,Onion,23,Satara,FAQ,Satara,550,300,400,Maharashtra,Other
20/07/2005,Onion,23,Satara,FAQ,Satara,550,300,400,Maharashtra,Other
08/08/2005,Onion,23,Satara,FAQ,Satara,700,400,550,Maharashtra,Other
23/08/2005,Onion,23,Satara,FAQ,Satara,900,700,800,Maharashtra,Other
21/09/2005,Onion,23,Satara,FAQ,Satara,1150,500,800,Maharashtra,Other
24/09/2005,Onion,23,Satara,FAQ,Satara,1200,800,900,Maharashtra,Other
29/09/2005,Onion,23,Satara,FAQ,Satara,1300,300,900,Maharashtra,Other
09/10/2005,Onion,23,Satara,FAQ,Satara,1600,600,1000,Maharashtra,Other
24/10/2005,Onion,23,Satara,FAQ,Satara,2000,800,1400,Maharashtra,Other
29/10/2005,Onion,23,Satara,FAQ,Satara,800,300,600,Maharashtra,Other
22/12/2005,Onion,23,Satara,FAQ,Satara,500,300,400,Maharashtra,Other
22/11/2005,Onion,23,Satara,FAQ,Satara,1200,500,850,Maharashtra,Red
23/11/2005,Onion,23,Satara,FAQ,Satara,1200,500,800,Maharashtra,Red
27/11/2005,Onion,23,Satara,FAQ,Satara,1200,1000,1100,Maharashtra,Red
08/01/2006,Onion,23,Satara,FAQ,Satara,400,200,300,Maharashtra,Other
26/01/2006,Onion,23,Satara,FAQ,Satara,400,200,300,Maharashtra,Other
05/06/2006,Onion,23,Satara,FAQ,Satara,250,200,225,Maharashtra,Other
22/06/2006,Onion,23,Satara,FAQ,Satara,350,200,250,Maharashtra,Other
06/07/2006,Onion,23,Satara,FAQ,Satara,350,200,250,Maharashtra,Other
26/07/2006,Onion,23,Satara,FAQ,Satara,450,300,350,Maharashtra,Other
17/08/2006,Onion,23,Satara,FAQ,Satara,400,200,300,Maharashtra,Other
24/09/2006,Onion,23,Satara,FAQ,Satara,450,300,400,Maharashtra,Other
05/10/2006,Onion,23,Satara,FAQ,Satara,420,300,350,Maharashtra,Other
09/11/2006,Onion,23,Satara,FAQ,Satara,700,200,450,Maharashtra,Other
08/01/2023,Onion,23,Satara,FAQ,Satara,2000,1000,1500,Maharashtra,Other
25/01/2023,Onion,23,Satara,FAQ,Satara,1800,1200,1500,Maharashtra,Other
29/01/2023,Onion,23,Satara,FAQ,Satara,1800,1200,1500,Maharashtra,Other
30/01/2023,Onion,23,Satara,FAQ,Satara,1800,1000,1400,Maharashtra,Other
14/02/2023,Onion,23,Satara,FAQ,Satara,1500,1000,1250,Maharashtra,Other
15/02/2023,Onion,23,Satara,FAQ,Satara,1500,1000,1250,Maharashtra,Other
18/02/2023,Onion,23,Satara,FAQ,Satara,1300,1000,1150,Maharashtra,Other
22/02/2023,Onion,23,Satara,FAQ,Satara,1300,1000,1150,Maharashtra,Other
07/03/2023,Onion,23,Satara,FAQ,Satara,1300,900,1100,Maharashtra,Other
16/03/2023,Onion,23,Satara,FAQ,Satara,1300,800,1050,Maharashtra,Other
23/03/2023,Onion,23,Satara,FAQ,Satara,1300,800,1050,Maharashtra,Other
26/03/2023,Onion,23,Satara,FAQ,Satara,1100,800,950,Maharashtra,Other
28/03/2023,Onion,23,Satara,FAQ,Satara,1100,800,950,Maharashtra,Other
04/04/2023,Onion,23,Satara,FAQ,Satara,1000,700,850,Maharashtra,Other
09/04/2023,Onion,23,Satara,FAQ,Satara,1000,700,850,Maharashtra,Other
12/04/2023,Onion,23,Satara,FAQ,Satara,1000,700,800,Maharashtra,Other
16/04/2023,Onion,23,Satara,FAQ,Satara,1000,700,850,Maharashtra,Other
19/04/2023,Onion,23,Satara,FAQ,Satara,900,700,800,Maharashtra,Other
23/04/2023,Onion,23,Satara,FAQ,Satara,1000,600,800,Maharashtra,Other
24/04/2023,Onion,23,Satara,FAQ,Satara,900,600,750,Maharashtra,Other
25/04/2023,Onion,23,Satara,FAQ,Satara,1000,500,750,Maharashtra,Other
26/04/2023,Onion,23,Satara,FAQ,Satara,1000,600,800,Maharashtra,Other
30/04/2023,Onion,23,Satara,FAQ,Satara,900,600,750,Maharashtra,Other
06/05/2023,Onion,23,Satara,FAQ,Satara,900,600,750,Maharashtra,Other
09/05/2023,Onion,23,Satara,FAQ,Satara,900,500,700,Maharashtra,Other
14/05/2023,Onion,23,Satara,FAQ,Satara,900,500,700,Maharashtra,Other
20/05/2023,Onion,23,Satara,FAQ,Satara,900,500,700,Maharashtra,Other
30/05/2023,Onion,23,Satara,FAQ,Satara,900,300,600,Maharashtra,Other
05/06/2023,Onion,23,Satara,FAQ,Satara,1200,800,1000,Maharashtra,Other
14/06/2023,Onion,23,Satara,FAQ,Satara,1300,1000,1150,Maharashtra,Other
15/06/2023,Onion,23,Satara,FAQ,Satara,1300,1000,1150,Maharashtra,Other
19/06/2023,Onion,23,Satara,FAQ,Satara,1300,300,800,Maharashtra,Other
04/07/2023,Onion,23,Satara,FAQ,Satara,1400,300,850,Maharashtra,Other
16/07/2023,Onion,23,Satara,FAQ,Satara,1600,1100,1350,Maharashtra,Other
06/08/2023,Onion,23,Satara,FAQ,Satara,1700,500,1100,Maharashtra,Other
08/08/2023,Onion,23,Satara,FAQ,Satara,1800,1300,1500,Maharashtra,Other
14/08/2023,Onion,23,Satara,FAQ,Satara,2600,1500,2050,Maharashtra,Other
29/08/2023,Onion,23,Satara,FAQ,Satara,2500,1500,2000,Maharashtra,Other
26/09/2023,Onion,23,Satara,FAQ,Satara,2200,1000,1600,Maharashtra,Other
05/10/2023,Onion,23,Satara,FAQ,Satara,2700,1500,2100,Maharashtra,Other
15/10/2023,Onion,23,Satara,FAQ,Satara,2800,1000,1900,Maharashtra,Other
16/10/2023,Onion,23,Satara,FAQ,Satara,2800,1000,1900,Maharashtra,Other
01/11/2023,Onion,23,Satara,FAQ,Satara,5000,2000,3500,Maharashtra,Other
06/11/2023,Onion,23,Satara,FAQ,Satara,4200,1500,2850,Maharashtra,Other
07/11/2023,Onion,23,Satara,FAQ,Satara,3800,1000,2400,Maharashtra,Other
16/11/2023,Onion,23,Satara,FAQ,Satara,4000,3000,3500,Maharashtra,Other
20/11/2023,Onion,23,Satara,FAQ,Satara,4800,2500,3600,Maharashtra,Other
23/11/2023,Onion,23,Satara,FAQ,Satara,4000,3000,3500,Maharashtra,Other
05/12/2023,Onion,23,Satara,FAQ,Satara,4500,2000,3500,Maharashtra,Other
16/12/2023,Onion,23,Satara,FAQ,Satara,3700,1500,2600,Maharashtra,Other
26/12/2023,Onion,23,Satara,FAQ,Satara,3500,1500,2500,Maharashtra,Other
27/12/2023,Onion,23,Satara,FAQ,Satara,3500,1000,2250,Maharashtra,Other
31/12/2023,Onion,23,Satara,FAQ,Satara,3500,1500,2500,Maharashtra,Other
01/08/2024,Onion,23,Satara,FAQ,Satara,3000,2500,2750,Maharashtra,Other
05/08/2024,Onion,23,Satara,FAQ,Satara,3000,2000,2500,Maharashtra,Other
08/08/2024,Onion,23,Satara,FAQ,Satara,3000,2500,2750,Maharashtra,Other
10/08/2024,Onion,23,Satara,FAQ,Satara,3000,1500,2250,Maharashtra,Other
24/08/2024,Onion,23,Satara,FAQ,Satara,4200,2000,3100,Maharashtra,Other
25/08/2024,Onion,23,Satara,FAQ,Satara,4200,2000,3100,Maharashtra,Other
27/08/2024,Onion,23,Satara,FAQ,Satara,4000,2000,3000,Maharashtra,Other
27/10/2024,Onion,23,Satara,FAQ,Satara,5000,1000,3000,Maharashtra,Other
30/10/2024,Onion,23,Satara,FAQ,Satara,5000,1000,3000,Maharashtra,Other
13/10/2024,Onion,23,Satara,FAQ,Satara,4400,2000,3200,Maharashtra,Other
31/10/2024,Onion,23,Satara,FAQ,Satara,5000,1000,3000,Maharashtra,Other
07/10/2024,Onion,23,Satara,FAQ,Satara,4200,3000,3600,Maharashtra,Other
12/11/2024,Onion,23,Satara,FAQ,Satara,6500,2000,4200,Maharashtra,Other
13/11/2024,Onion,23,Satara,FAQ,Satara,6800,2000,4400,Maharashtra,Other
25/11/2024,Onion,23,Satara,FAQ,Satara,6500,2000,4200,Maharashtra,Other
15/05/2024,Onion,23,Satara,FAQ,Satara,2000,1500,1750,Maharashtra,Other
19/05/2024,Onion,23,Satara,FAQ,Satara,2000,1500,1750,Maharashtra,Other
21/05/2024,Onion,23,Satara,FAQ,Satara,2000,1500,1750,Maharashtra,Other
26/05/2024,Onion,23,Satara,FAQ,Satara,2000,1500,1750,Maharashtra,Other
12/09/2024,Onion,23,Satara,FAQ,Satara,4400,3000,3700,Maharashtra,Other
28/09/2024,Onion,23,Satara,FAQ,Satara,5000,3500,4200,Maharashtra,Other
04/09/2024,Onion,23,Satara,FAQ,Satara,45000,3500,4000,Maharashtra,Other
08/09/2024,Onion,23,Satara,FAQ,Satara,4400,2500,3450,Maharashtra,Other
09/09/2024,Onion,23,Satara,FAQ,Satara,4500,2500,3500,Maharashtra,Other
26/09/2024,Onion,23,Satara,FAQ,Satara,5000,4000,4500,Maharashtra,Other
29/09/2024,Onion,23,Satara,FAQ,Satara,4800,4000,4400,Maharashtra,Other
01/02/2025,Onion,23,Satara,Local,Satara,2500,1000,1800,Maharashtra,Other
08/02/2025,Onion,23,Satara,Local,Satara,3000,1000,2000,Maharashtra,Other
09/02/2025,Onion,23,Satara,Local,Satara,2800,700,1750,Maharashtra,Other
13/02/2025,Onion,23,Satara,Local,Satara,3200,1000,2100,Maharashtra,Other
17/02/2025,Onion,23,Satara,Local,Satara,3200,1000,2100,Maharashtra,Other
26/02/2025,Onion,23,Satara,Local,Satara,2800,1000,1900,Maharashtra,Other
28/01/2025,Onion,23,Satara,Local,Satara,3200,1000,2100,Maharashtra,Other
01/01/2025,Onion,23,Satara,FAQ,Satara,3000,1000,2000,Maharashtra,Other
07/01/2025,Onion,23,Satara,FAQ,Satara,3300,1000,2100,Maharashtra,Other
10/04/2025,Onion,23,Satara,Local,Satara,1500,700,1100,Maharashtra,Other
21/04/2025,Onion,23,Satara,Local,Satara,1200,500,900,Maharashtra,Other
05/05/2025,Onion,23,Satara,Local,Satara,1400,500,1000,Maharashtra,Other
20/05/2025,Onion,23,Satara,Local,Satara,1400,500,1000,Maharashtra,Other
24/05/2025,Onion,23,Satara,Local,Satara,1700,1000,1350,Maharashtra,Other
16/03/2025,Onion,23,Satara,Local,Satara,1600,500,1000,Maharashtra,Other
24/03/2025,Onion,23,Satara,Local,Satara,1800,800,1300,Maharashtra,Other
25/03/2025,Onion,23,Satara,Local,Satara,1800,800,1300,Maharashtra,Other
02/03/2025,Onion,23,Satara,Local,Satara,2600,1000,1800,Maharashtra,Other
15/03/2025,Onion,23,Satara,Local,Satara,1600,500,1000,Maharashtra,Other
29/03/2025,Onion,23,Satara,Local,Satara,1800,1000,1400,Maharashtra,Other
02/01/2025,Onion,23,Satara,FAQ,Satara,3400,1000,2200,Maharashtra,Other
29/01/2025,Onion,23,Satara,Local,Satara,2500,1000,1750,Maharashtra,Other
17/01/2019,Onion,23,Satara,FAQ,Satara,800,100,450,Maharashtra,Other
27/01/2019,Onion,23,Satara,FAQ,Satara,700,200,450,Maharashtra,Other
21/02/2019,Onion,23,Satara,FAQ,Satara,600,200,400,Maharashtra,Other
10/03/2019,Onion,23,Satara,FAQ,Satara,700,300,500,Maharashtra,Other
21/03/2019,Onion,23,Satara,FAQ,Satara,6000,1000,3500,Maharashtra,Other
28/03/2019,Onion,23,Satara,FAQ,Satara,700,200,450,Maharashtra,Other
13/06/2019,Onion,23,Satara,FAQ,Satara,1500,500,1000,Maharashtra,Other
30/06/2019,Onion,23,Satara,FAQ,Satara,1500,700,1100,Maharashtra,Other
04/07/2019,Onion,23,Satara,FAQ,Satara,1300,700,1000,Maharashtra,Other
07/07/2019,Onion,23,Satara,FAQ,Satara,1500,1300,1400,Maharashtra,Other
18/07/2019,Onion,23,Satara,FAQ,Satara,1400,1200,1300,Maharashtra,Other
29/08/2019,Onion,23,Satara,FAQ,Satara,2700,1500,2200,Maharashtra,Other
01/09/2019,Onion,23,Satara,FAQ,Satara,2700,1500,2100,Maharashtra,Other
06/10/2019,Onion,23,Satara,FAQ,Satara,3200,2000,2600,Maharashtra,Other
17/11/2019,Onion,23,Satara,FAQ,Satara,5000,3000,4000,Maharashtra,Other
01/12/2019,Onion,23,Satara,FAQ,Satara,9000,3000,6000,Maharashtra,Other
07/12/2019,Onion,23,Satara,FAQ,Satara,13000,3000,8000,Maharashtra,Other
16/01/2022,Onion,23,Satara,FAQ,Satara,3000,1000,2000,Maharashtra,Other
22/01/2022,Onion,23,Satara,FAQ,Satara,3500,1000,2250,Maharashtra,Other
10/02/2022,Onion,23,Satara,FAQ,Satara,2800,1000,1900,Maharashtra,Other
21/02/2022,Onion,23,Satara,FAQ,Satara,2600,1000,1800,Maharashtra,Other
22/02/2022,Onion,23,Satara,FAQ,Satara,2700,1000,1850,Maharashtra,Other
03/03/2022,Onion,23,Satara,FAQ,Satara,1700,700,1200,Maharashtra,Other
06/03/2022,Onion,23,Satara,FAQ,Satara,1500,1000,1250,Maharashtra,Other
08/03/2022,Onion,23,Satara,FAQ,Satara,1500,1000,1250,Maharashtra,Other
10/03/2022,Onion,23,Satara,FAQ,Satara,1500,1000,1250,Maharashtra,Other
23/03/2022,Onion,23,Satara,FAQ,Satara,1300,1000,1150,Maharashtra,Other
29/03/2022,Onion,23,Satara,FAQ,Satara,1300,800,1000,Maharashtra,Other
02/04/2022,Onion,23,Satara,FAQ,Satara,1300,700,1000,Maharashtra,Other
04/04/2022,Onion,23,Satara,FAQ,Satara,1300,1000,1150,Maharashtra,Other
09/04/2022,Onion,23,Satara,FAQ,Satara,1100,800,950,Maharashtra,Other
12/04/2022,Onion,23,Satara,FAQ,Satara,1000,700,850,Maharashtra,Other
13/04/2022,Onion,23,Satara,FAQ,Satara,1000,700,850,Maharashtra,Other
19/04/2022,Onion,23,Satara,FAQ,Satara,1000,700,850,Maharashtra,Other
26/04/2022,Onion,23,Satara,FAQ,Satara,1100,500,800,Maharashtra,Other
28/04/2022,Onion,23,Satara,FAQ,Satara,1000,800,900,Maharashtra,Other
10/05/2022,Onion,23,Satara,FAQ,Satara,1100,800,1000,Maharashtra,Other
24/05/2022,Onion,23,Satara,FAQ,Satara,1100,500,800,Maharashtra,Other
29/05/2022,Onion,23,Satara,FAQ,Satara,1200,800,1000,Maharashtra,Other
02/06/2022,Onion,23,Satara,FAQ,Satara,1300,900,1100,Maharashtra,Other
14/06/2022,Onion,23,Satara,FAQ,Satara,1600,700,1150,Maharashtra,Other
18/06/2022,Onion,23,Satara,FAQ,Satara,1600,1000,1300,Maharashtra,Other
29/06/2022,Onion,23,Satara,FAQ,Satara,1600,1200,1400,Maharashtra,Other
03/07/2022,Onion,23,Satara,FAQ,Satara,1500,1000,1250,Maharashtra,Other
12/07/2022,Onion,23,Satara,FAQ,Satara,1500,1200,1350,Maharashtra,Other
16/07/2022,Onion,23,Satara,FAQ,Satara,1500,1200,1350,Maharashtra,Other
20/07/2022,Onion,23,Satara,FAQ,Satara,1500,700,1100,Maharashtra,Other
26/07/2022,Onion,23,Satara,FAQ,Satara,1500,1000,1250,Maharashtra,Other
31/07/2022,Onion,23,Satara,FAQ,Satara,1500,1000,1250,Maharashtra,Other
10/08/2022,Onion,23,Satara,FAQ,Satara,1500,1200,1350,Maharashtra,Other
11/08/2022,Onion,23,Satara,FAQ,Satara,1500,1200,1350,Maharashtra,Other
16/08/2022,Onion,23,Satara,FAQ,Satara,1600,1000,1300,Maharashtra,Other
21/08/2022,Onion,23,Satara,FAQ,Satara,1600,1300,1450,Maharashtra,Other
23/08/2022,Onion,23,Satara,FAQ,Satara,1500,1200,1350,Maharashtra,Other
05/09/2022,Onion,23,Satara,FAQ,Satara,1300,1000,1150,Maharashtra,Other
06/09/2022,Onion,23,Satara,FAQ,Satara,1300,1000,1150,Maharashtra,Other
25/09/2022,Onion,23,Satara,FAQ,Satara,1500,1000,1250,Maharashtra,Other
28/09/2022,Onion,23,Satara,FAQ,Satara,1700,1200,1500,Maharashtra,Other
18/10/2022,Onion,23,Satara,FAQ,Satara,2200,1500,1850,Maharashtra,Other
22/10/2022,Onion,23,Satara,FAQ,Satara,2000,1000,1500,Maharashtra,Other
23/10/2022,Onion,23,Satara,FAQ,Satara,2000,1000,1500,Maharashtra,Other
25/10/2022,Onion,23,Satara,FAQ,Satara,2100,1700,1900,Maharashtra,Other
27/10/2022,Onion,23,Satara,FAQ,Satara,2400,1800,2100,Maharashtra,Other
29/10/2022,Onion,23,Satara,FAQ,Satara,3000,1500,2250,Maharashtra,Other
09/11/2022,Onion,23,Satara,FAQ,Satara,2500,1500,2000,Maharashtra,Other
10/11/2022,Onion,23,Satara,FAQ,Satara,2400,1800,2100,Maharashtra,Other
22/11/2022,Onion,23,Satara,FAQ,Satara,2000,1000,1500,Maharashtra,Other
26/11/2022,Onion,23,Satara,FAQ,Satara,2000,1000,1500,Maharashtra,Other
27/11/2022,Onion,23,Satara,FAQ,Satara,2000,1000,1500,Maharashtra,Other
28/11/2022,Onion,23,Satara,FAQ,Satara,2000,1000,1500,Maharashtra,Other
20/12/2022,Onion,23,Satara,FAQ,Satara,2000,1000,1500,Maharashtra,Other
28/12/2022,Onion,23,Satara,FAQ,Satara,2200,1000,1600,Maharashtra,Other
29/12/2022,Onion,23,Satara,FAQ,Satara,2200,1500,1800,Maharashtra,Other
05/07/2025,Onion,23,Satara,Local,Satara,2000,1000,1500,Maharashtra,Other
13/07/2025,Onion,23,Satara,Local,Satara,2000,1000,1500,Maharashtra,Other
22/07/2025,Onion,23,Satara,Local,Satara,1800,1000,1400,Maharashtra,Other
29/07/2025,Onion,23,Satara,Local,Satara,2000,1000,1500,Maharashtra,Other
31/07/2025,Onion,23,Satara,Local,Satara,2000,1000,1500,Maharashtra,Other
14/08/2025,Onion,23,Satara,Local,Satara,2000,1000,1500,Maharashtra,Other
19/08/2025,Onion,23,Satara,Local,Satara,1700,1000,1350,Maharashtra,Other
12/06/2025,Onion,23,Satara,Local,Satara,1800,1000,1400,Maharashtra,Other
08/06/2025,Onion,23,Satara,Local,Satara,1600,1000,1300,Maharashtra,Other
30/06/2025,Onion,23,Satara,Local,Satara,2000,1000,1500,Maharashtra,Other
04/09/2025,Onion,23,Satara,Local,Satara,2000,1000,1500,Maharashtra,Other
11/09/2025,Onion,23,Satara,Local,Satara,2000,1000,1500,Maharashtra,Other
17/09/2025,Onion,23,Satara,Local,Satara,2000,1000,1500,Maharashtra,Other
04/10/2025,Onion,23,Satara,Local,Satara,2000,1000,1500,Maharashtra,Other
04/11/2025,Onion,23,Satara,Local,Satara,2000,1000,1500,Maharashtra,Other
06/10/2025,Onion,23,Satara,Local,Satara,1800,1000,1400,Maharashtra,Other
07/10/2025,Onion,23,Satara,Local,Satara,2000,1000,1500,Maharashtra,Other
16/10/2025,Onion,23,Satara,Local,Satara,2000,1000,1500,Maharashtra,Other
07/01/2023,Onion,23,Satara,FAQ,Satara,2000,1000,1500,Maharashtra,Other
15/01/2023,Onion,23,Satara,FAQ,Satara,2000,1000,1500,Maharashtra,Other
31/01/2023,Onion,23,Satara,FAQ,Satara,1500,1000,1250,Maharashtra,Other
01/02/2023,Onion,23,Satara,FAQ,Satara,1500,1000,1250,Maharashtra,Other
26/02/2023,Onion,23,Satara,FAQ,Satara,1300,1000,1150,Maharashtra,Other
02/03/2023,Onion,23,Satara,FAQ,Satara,1100,800,1000,Maharashtra,Other
06/03/2023,Onion,23,Satara,FAQ,Satara,1300,900,1100,Maharashtra,Other
08/03/2023,Onion,23,Satara,FAQ,Satara,1300,900,1100,Maharashtra,Other
12/03/2023,Onion,23,Satara,FAQ,Satara,1300,900,1100,Maharashtra,Other
15/03/2023,Onion,23,Satara,FAQ,Satara,1200,800,1000,Maharashtra,Other
19/03/2023,Onion,23,Satara,FAQ,Satara,1300,800,1100,Maharashtra,Other
20/03/2023,Onion,23,Satara,FAQ,Satara,1200,800,1000,Maharashtra,Other
27/03/2023,Onion,23,Satara,FAQ,Satara,1100,800,950,Maharashtra,Other
01/04/2023,Onion,23,Satara,FAQ,Satara,1000,800,900,Maharashtra,Other
13/04/2023,Onion,23,Satara,FAQ,Satara,1000,700,850,Maharashtra,Other
08/05/2023,Onion,23,Satara,FAQ,Satara,900,500,700,Maharashtra,Other
21/05/2023,Onion,23,Satara,FAQ,Satara,900,500,700,Maharashtra,Other
24/05/2023,Onion,23,Satara,FAQ,Satara,900,500,700,Maharashtra,Other
06/06/2023,Onion,23,Satara,FAQ,Satara,1200,800,1000,Maharashtra,Other
08/06/2023,Onion,23,Satara,FAQ,Satara,1200,800,1000,Maharashtra,Other
17/06/2023,Onion,23,Satara,FAQ,Satara,1300,300,800,Maharashtra,Other
26/06/2023,Onion,23,Satara,FAQ,Satara,1300,300,800,Maharashtra,Other
05/07/2023,Onion,23,Satara,FAQ,Satara,1400,300,850,Maharashtra,Other
09/07/2023,Onion,23,Satara,FAQ,Satara,1700,300,1000,Maharashtra,Other
10/07/2023,Onion,23,Satara,FAQ,Satara,1700,300,1000,Maharashtra,Other
11/07/2023,Onion,23,Satara,FAQ,Satara,1700,300,1000,Maharashtra,Other
31/07/2023,Onion,23,Satara,FAQ,Satara,1700,500,1050,Maharashtra,Other
05/08/2023,Onion,23,Satara,FAQ,Satara,1700,500,1100,Maharashtra,Other
07/08/2023,Onion,23,Satara,FAQ,Satara,1700,800,1250,Maharashtra,Other
27/08/2023,Onion,23,Satara,FAQ,Satara,2500,1500,2000,Maharashtra,Other
28/08/2023,Onion,23,Satara,FAQ,Satara,2500,1500,2000,Maharashtra,Other
06/09/2023,Onion,23,Satara,FAQ,Satara,2500,1500,2000,Maharashtra,Other
10/09/2023,Onion,23,Satara,FAQ,Satara,2300,1000,1650,Maharashtra,Other
13/09/2023,Onion,23,Satara,FAQ,Satara,2300,1000,1650,Maharashtra,Other
20/09/2023,Onion,23,Satara,FAQ,Satara,2300,1000,1650,Maharashtra,Other
21/09/2023,Onion,23,Satara,FAQ,Satara,2300,1000,1650,Maharashtra,Other
23/09/2023,Onion,23,Satara,FAQ,Satara,2200,1600,1900,Maharashtra,Other
03/10/2023,Onion,23,Satara,FAQ,Satara,2700,2000,2350,Maharashtra,Other
10/10/2023,Onion,23,Satara,FAQ,Satara,2700,1000,1850,Maharashtra,Other
17/10/2023,Onion,23,Satara,FAQ,Satara,2800,1000,1900,Maharashtra,Other
21/10/2023,Onion,23,Satara,FAQ,Satara,3800,2000,2900,Maharashtra,Other
22/10/2023,Onion,23,Satara,FAQ,Satara,3800,2000,2900,Maharashtra,Other
24/10/2023,Onion,23,Satara,FAQ,Satara,3800,2000,2900,Maharashtra,Other
29/10/2023,Onion,23,Satara,FAQ,Satara,5200,2000,3600,Maharashtra,Other
31/10/2023,Onion,23,Satara,FAQ,Satara,5000,2000,3500,Maharashtra,Other
29/11/2023,Onion,23,Satara,FAQ,Satara,4500,2000,3500,Maharashtra,Other
06/12/2023,Onion,23,Satara,FAQ,Satara,4500,2000,3500,Maharashtra,Other
13/12/2023,Onion,23,Satara,FAQ,Satara,4800,2000,3400,Maharashtra,Other
14/12/2023,Onion,23,Satara,FAQ,Satara,3700,1500,2600,Maharashtra,Other
06/03/2025,Onion,23,Satara,Local,Satara,2500,1000,1750,Maharashtra,Other
04/03/2025,Onion,23,Satara,Local,Satara,2600,1000,1800,Maharashtra,Other
04/06/2025,Onion,23,Satara,Local,Satara,1500,700,1050,Maharashtra,Other
11/06/2025,Onion,23,Satara,Local,Satara,1800,1000,1400,Maharashtra,Other
16/06/2025,Onion,23,Satara,Local,Satara,2000,1000,1500,Maharashtra,Other
17/06/2025,Onion,23,Satara,Local,Satara,2000,1000,1500,Maharashtra,Other
19/06/2025,Onion,23,Satara,Local,Satara,2000,1000,1500,Maharashtra,Other
23/06/2025,Onion,23,Satara,Local,Satara,2000,1000,1500,Maharashtra,Other
28/06/2025,Onion,23,Satara,Local,Satara,1800,1000,1400,Maharashtra,Other
03/06/2025,Onion,23,Satara,Local,Satara,1500,700,1050,Maharashtra,Other
05/06/2025,Onion,23,Satara,Local,Satara,1500,700,1100,Maharashtra,Other
22/06/2025,Onion,23,Satara,Local,Satara,2000,1000,1500,Maharashtra,Other
14/07/2025,Onion,23,Satara,Local,Satara,2000,1000,1500,Maharashtra,Other
24/07/2025,Onion,23,Satara,Local,Satara,1800,1000,1400,Maharashtra,Other
04/01/2025,Onion,23,Satara,FAQ,Satara,3500,1000,2200,Maharashtra,Other
05/01/2025,Onion,23,Satara,FAQ,Satara,3400,1000,2200,Maharashtra,Other
14/01/2025,Onion,23,Satara,FAQ,Satara,2500,1000,1750,Maharashtra,Other
16/01/2025,Onion,23,Satara,FAQ,Satara,2000,1500,1750,Maharashtra,Other
27/01/2025,Onion,23,Satara,Local,Satara,3200,1000,2100,Maharashtra,Other
16/09/2024,Onion,23,Satara,FAQ,Satara,5000,3500,4200,Maharashtra,Other
20/01/2025,Onion,23,Satara,FAQ,Satara,3000,1000,2000,Maharashtra,Other
30/01/2025,Onion,23,Satara,Local,Satara,2800,1000,1900,Maharashtra,Other
03/02/2025,Onion,23,Satara,Local,Satara,2500,1000,1750,Maharashtra,Other
16/02/2025,Onion,23,Satara,Local,Satara,3200,1000,2100,Maharashtra,Other
18/02/2025,Onion,23,Satara,Local,Satara,3200,1000,2100,Maharashtra,Other
19/02/2025,Onion,23,Satara,Local,Satara,3100,1800,2450,Maharashtra,Other
20/02/2025,Onion,23,Satara,Local,Satara,2600,1500,2050,Maharashtra,Other
23/02/2025,Onion,23,Satara,Local,Satara,2800,1500,2150,Maharashtra,Other
12/10/2024,Onion,23,Satara,FAQ,Satara,4400,2000,3200,Maharashtra,Other
24/10/2024,Onion,23,Satara,FAQ,Satara,5000,2000,3500,Maharashtra,Other
04/08/2025,Onion,23,Satara,Local,Satara,2000,1000,1500,Maharashtra,Other
07/08/2025,Onion,23,Satara,Local,Satara,2000,1000,1500,Maharashtra,Other
10/08/2025,Onion,23,Satara,Local,Satara,2000,1000,1500,Maharashtra,Other
13/08/2025,Onion,23,Satara,Local,Satara,2000,1000,1500,Maharashtra,Other
21/08/2025,Onion,23,Satara,Local,Satara,1700,1000,1350,Maharashtra,Other
25/08/2025,Onion,23,Satara,Local,Satara,2000,1000,1500,Maharashtra,Other
03/09/2025,Onion,23,Satara,Local,Satara,2000,1000,1500,Maharashtra,Other
18/09/2025,Onion,23,Satara,Local,Satara,2000,1000,1500,Maharashtra,Other
19/09/2025,Onion,23,Satara,Local,Satara,2000,1000,1500,Maharashtra,Other
21/09/2025,Onion,23,Satara,Local,Satara,2000,1000,1500,Maharashtra,Other
22/09/2025,Onion,23,Satara,Local,Satara,1700,1000,1350,Maharashtra,Other
24/09/2025,Onion,23,Satara,Local,Satara,1700,1000,1350,Maharashtra,Other
25/09/2025,Onion,23,Satara,Local,Satara,1700,1000,1350,Maharashtra,Other
14/01/2007,Onion,23,Satara,FAQ,Satara,1200,500,860,Maharashtra,Other
28/01/2007,Onion,23,Satara,FAQ,Satara,1200,400,800,Maharashtra,Other
07/02/2007,Onion,23,Satara,FAQ,Satara,1100,300,700,Maharashtra,Other
11/02/2007,Onion,23,Satara,FAQ,Satara,1300,300,800,Maharashtra,Other
14/02/2007,Onion,23,Satara,FAQ,Satara,1300,600,900,Maharashtra,Other
18/02/2007,Onion,23,Satara,FAQ,Satara,1100,300,700,Maharashtra,Other
22/02/2007,Onion,23,Satara,FAQ,Satara,1100,300,700,Maharashtra,Other
28/02/2007,Onion,23,Satara,FAQ,Satara,1100,300,700,Maharashtra,Other
29/04/2007,Onion,23,Satara,FAQ,Satara,700,500,600,Maharashtra,Other
07/06/2007,Onion,23,Satara,FAQ,Satara,850,700,750,Maharashtra,Other
14/06/2007,Onion,23,Satara,FAQ,Satara,1100,800,950,Maharashtra,Other
03/07/2007,Onion,23,Satara,FAQ,Satara,1100,800,950,Maharashtra,Other
10/07/2007,Onion,23,Satara,FAQ,Satara,1100,900,1000,Maharashtra,Other
16/07/2007,Onion,23,Satara,FAQ,Satara,1100,900,1000,Maharashtra,Other
05/08/2007,Onion,23,Satara,FAQ,Satara,1050,900,1000,Maharashtra,Other
23/08/2007,Onion,23,Satara,FAQ,Satara,1650,1000,1300,Maharashtra,Other
09/09/2007,Onion,23,Satara,FAQ,Satara,1400,1000,1200,Maharashtra,Other
10/09/2007,Onion,23,Satara,FAQ,Satara,1400,1000,1200,Maharashtra,Other
25/09/2007,Onion,23,Satara,FAQ,Satara,1600,1000,1300,Maharashtra,Other
30/09/2007,Onion,23,Satara,FAQ,Satara,1800,400,1100,Maharashtra,Other
18/10/2007,Onion,23,Satara,FAQ,Satara,1700,400,1100,Maharashtra,Other
22/10/2007,Onion,23,Satara,FAQ,Satara,1600,400,1000,Maharashtra,Other
13/11/2007,Onion,23,Satara,FAQ,Satara,1500,500,1000,Maharashtra,Other
15/11/2007,Onion,23,Satara,FAQ,Satara,1200,500,850,Maharashtra,Other
18/11/2007,Onion,23,Satara,FAQ,Satara,800,400,600,Maharashtra,Other
22/11/2007,Onion,23,Satara,FAQ,Satara,800,300,550,Maharashtra,Other
29/11/2007,Onion,23,Satara,FAQ,Satara,700,300,500,Maharashtra,Other
27/12/2007,Onion,23,Satara,FAQ,Satara,700,200,450,Maharashtra,Other
14/01/2021,Onion,23,Satara,FAQ,Satara,3000,1000,2000,Maharashtra,Other
17/01/2021,Onion,23,Satara,FAQ,Satara,3000,1500,2250,Maharashtra,Other
24/01/2021,Onion,23,Satara,FAQ,Satara,2600,1000,1800,Maharashtra,Other
27/01/2021,Onion,23,Satara,FAQ,Satara,2500,1000,1750,Maharashtra,Other
30/01/2021,Onion,23,Satara,FAQ,Satara,2800,1000,1900,Maharashtra,Other
03/02/2021,Onion,23,Satara,FAQ,Satara,3800,2000,2900,Maharashtra,Other
08/02/2021,Onion,23,Satara,FAQ,Satara,3300,1500,2400,Maharashtra,Other
22/02/2021,Onion,23,Satara,FAQ,Satara,4200,1000,2600,Maharashtra,Other
24/02/2021,Onion,23,Satara,FAQ,Satara,4500,2000,3250,Maharashtra,Other
25/02/2021,Onion,23,Satara,FAQ,Satara,3700,1000,2350,Maharashtra,Other
11/03/2021,Onion,23,Satara,FAQ,Satara,1600,1000,1300,Maharashtra,Other
24/03/2021,Onion,23,Satara,FAQ,Satara,1500,300,900,Maharashtra,Other
27/03/2021,Onion,23,Satara,FAQ,Satara,1500,700,1100,Maharashtra,Other
04/04/2021,Onion,23,Satara,FAQ,Satara,1300,700,1000,Maharashtra,Other
18/04/2021,Onion,23,Satara,FAQ,Satara,1200,800,1000,Maharashtra,Other
20/04/2021,Onion,23,Satara,FAQ,Satara,1200,800,1000,Maharashtra,Other
30/04/2021,Onion,23,Satara,FAQ,Satara,1200,800,1000,Maharashtra,Other
02/05/2021,Onion,23,Satara,FAQ,Satara,1200,1000,1100,Maharashtra,Other
19/05/2021,Onion,23,Satara,FAQ,Satara,1300,800,1000,Maharashtra,Other
02/06/2021,Onion,23,Satara,FAQ,Satara,2000,500,1250,Maharashtra,Other
08/06/2021,Onion,23,Satara,FAQ,Satara,2000,1000,1500,Maharashtra,Other
14/06/2021,Onion,23,Satara,FAQ,Satara,2000,1500,1750,Maharashtra,Other
17/06/2021,Onion,23,Satara,FAQ,Satara,2000,1600,1800,Maharashtra,Other
23/06/2021,Onion,23,Satara,FAQ,Satara,2000,1000,1500,Maharashtra,Other
26/06/2021,Onion,23,Satara,FAQ,Satara,2000,1200,1600,Maharashtra,Other
27/06/2021,Onion,23,Satara,FAQ,Satara,2000,1600,1800,Maharashtra,Other
28/06/2021,Onion,23,Satara,FAQ,Satara,2200,1000,1600,Maharashtra,Other
29/06/2021,Onion,23,Satara,FAQ,Satara,2000,1000,1500,Maharashtra,Other
05/07/2021,Onion,23,Satara,FAQ,Satara,2000,1000,1500,Maharashtra,Other
08/07/2021,Onion,23,Satara,FAQ,Satara,2000,1000,1500,Maharashtra,Other
14/07/2021,Onion,23,Satara,FAQ,Satara,2000,1400,1700,Maharashtra,Other
17/07/2021,Onion,23,Satara,FAQ,Satara,2000,1000,1500,Maharashtra,Other
18/07/2021,Onion,23,Satara,FAQ,Satara,2000,1400,1700,Maharashtra,Other
20/07/2021,Onion,23,Satara,FAQ,Satara,2000,1400,1700,Maharashtra,Other
22/07/2021,Onion,23,Satara,FAQ,Satara,2000,1400,1700,Maharashtra,Other
02/08/2021,Onion,23,Satara,FAQ,Satara,2000,1000,1500,Maharashtra,Other
04/08/2021,Onion,23,Satara,FAQ,Satara,2000,1000,1500,Maharashtra,Other
07/08/2021,Onion,23,Satara,FAQ,Satara,2000,1000,1500,Maharashtra,Other
12/08/2021,Onion,23,Satara,FAQ,Satara,2000,1000,1500,Maharashtra,Other
28/08/2021,Onion,23,Satara,FAQ,Satara,1900,1000,1450,Maharashtra,Other
30/08/2021,Onion,23,Satara,FAQ,Satara,1900,1000,1450,Maharashtra,Other
11/09/2021,Onion,23,Satara,FAQ,Satara,1700,1500,1600,Maharashtra,Other
20/09/2021,Onion,23,Satara,FAQ,Satara,1800,1500,1650,Maharashtra,Other
21/09/2021,Onion,23,Satara,FAQ,Satara,1700,1500,1600,Maharashtra,Other
26/09/2021,Onion,23,Satara,FAQ,Satara,2000,1700,1850,Maharashtra,Other
03/10/2021,Onion,23,Satara,FAQ,Satara,2800,1500,2150,Maharashtra,Other
17/10/2021,Onion,23,Satara,FAQ,Satara,3800,3000,3400,Maharashtra,Other
21/10/2021,Onion,23,Satara,FAQ,Satara,3500,1500,2500,Maharashtra,Other
28/10/2021,Onion,23,Satara,FAQ,Satara,2800,800,1800,Maharashtra,Other
31/10/2021,Onion,23,Satara,FAQ,Satara,2800,1000,1900,Maharashtra,Other
02/11/2021,Onion,23,Satara,FAQ,Satara,2800,1000,1900,Maharashtra,Other
16/11/2021,Onion,23,Satara,FAQ,Satara,2800,1000,1900,Maharashtra,Other
20/11/2021,Onion,23,Satara,FAQ,Satara,2800,1000,1900,Maharashtra,Other
23/11/2021,Onion,23,Satara,FAQ,Satara,2800,1000,1900,Maharashtra,Other
08/12/2021,Onion,23,Satara,FAQ,Satara,2800,800,1800,Maharashtra,Other
18/12/2021,Onion,23,Satara,FAQ,Satara,3200,1000,2100,Maharashtra,Other
21/12/2021,Onion,23,Satara,FAQ,Satara,3200,1000,2100,Maharashtra,Other
22/12/2021,Onion,23,Satara,FAQ,Satara,3100,1000,2100,Maharashtra,Other
01/01/2017,Onion,23,Satara,FAQ,Satara,1100,400,750,Maharashtra,Other
05/01/2017,Onion,23,Satara,FAQ,Satara,1100,600,850,Maharashtra,Other
05/02/2017,Onion,23,Satara,FAQ,Satara,900,400,650,Maharashtra,Other
02/04/2017,Onion,23,Satara,FAQ,Satara,600,200,400,Maharashtra,Other
04/05/2017,Onion,23,Satara,FAQ,Satara,600,400,500,Maharashtra,Other
07/05/2017,Onion,23,Satara,FAQ,Satara,600,300,450,Maharashtra,Other
11/05/2017,Onion,23,Satara,FAQ,Satara,500,400,450,Maharashtra,Other
25/06/2017,Onion,23,Satara,FAQ,Satara,900,400,650,Maharashtra,Other
13/07/2017,Onion,23,Satara,FAQ,Satara,900,500,700,Maharashtra,Other
27/07/2017,Onion,23,Satara,FAQ,Satara,1000,500,750,Maharashtra,Other
05/10/2017,Onion,23,Satara,FAQ,Satara,2100,1000,1600,Maharashtra,Other
10/12/2017,Onion,23,Satara,FAQ,Satara,4000,1000,2500,Maharashtra,Other
17/12/2017,Onion,23,Satara,FAQ,Satara,3800,1500,2650,Maharashtra,Other
31/12/2017,Onion,23,Satara,FAQ,Satara,3500,1500,2500,Maharashtra,Other
03/01/2024,Onion,23,Satara,FAQ,Satara,3500,1000,2250,Maharashtra,Other
06/01/2024,Onion,23,Satara,FAQ,Satara,2200,1000,1600,Maharashtra,Other
07/01/2024,Onion,23,Satara,FAQ,Satara,2200,1000,1600,Maharashtra,Other
13/01/2024,Onion,23,Satara,FAQ,Satara,1900,1000,1500,Maharashtra,Other
03/02/2024,Onion,23,Satara,FAQ,Satara,1600,1000,1300,Maharashtra,Other
04/02/2024,Onion,23,Satara,FAQ,Satara,1400,1000,1200,Maharashtra,Other
08/02/2024,Onion,23,Satara,FAQ,Satara,1600,1000,1300,Maharashtra,Other
14/02/2024,Onion,23,Satara,FAQ,Satara,1600,1000,1300,Maharashtra,Other
17/02/2024,Onion,23,Satara,FAQ,Satara,1600,1000,1300,Maharashtra,Other
19/02/2024,Onion,23,Satara,FAQ,Satara,2000,1000,1500,Maharashtra,Other
04/03/2024,Onion,23,Satara,FAQ,Satara,1800,1400,1600,Maharashtra,Other
07/03/2024,Onion,23,Satara,FAQ,Satara,1600,1000,1300,Maharashtra,Other
08/03/2024,Onion,23,Satara,FAQ,Satara,1600,1200,1400,Maharashtra,Other
17/03/2024,Onion,23,Satara,FAQ,Satara,1700,1000,1350,Maharashtra,Other
20/03/2024,Onion,23,Satara,FAQ,Satara,1500,1000,1250,Maharashtra,Other
23/03/2024,Onion,23,Satara,FAQ,Satara,1500,1000,1250,Maharashtra,Other
27/03/2024,Onion,23,Satara,FAQ,Satara,1500,1000,1250,Maharashtra,Other
01/04/2024,Onion,23,Satara,FAQ,Satara,1500,1000,1250,Maharashtra,Other
02/04/2024,Onion,23,Satara,FAQ,Satara,1500,1000,1250,Maharashtra,Other
03/04/2024,Onion,23,Satara,FAQ,Satara,1500,1000,1250,Maharashtra,Other
04/04/2024,Onion,23,Satara,FAQ,Satara,1600,1000,1300,Maharashtra,Other
06/04/2024,Onion,23,Satara,FAQ,Satara,1600,1000,1300,Maharashtra,Other
24/04/2024,Onion,23,Satara,FAQ,Satara,1500,1000,1250,Maharashtra,Other
27/04/2024,Onion,23,Satara,FAQ,Satara,1500,1000,1250,Maharashtra,Other
02/06/2024,Onion,23,Satara,FAQ,Satara,2500,2000,2250,Maharashtra,Other
04/06/2024,Onion,23,Satara,FAQ,Satara,2500,2000,2250,Maharashtra,Other
19/06/2024,Onion,23,Satara,FAQ,Satara,3000,2500,2750,Maharashtra,Other
20/06/2024,Onion,23,Satara,FAQ,Satara,3000,2500,2750,Maharashtra,Other
23/06/2024,Onion,23,Satara,FAQ,Satara,3000,2500,2750,Maharashtra,Other
24/06/2024,Onion,23,Satara,FAQ,Satara,3000,2000,2500,Maharashtra,Other
30/06/2024,Onion,23,Satara,FAQ,Satara,3000,2500,2750,Maharashtra,Other
16/05/2024,Onion,23,Satara,FAQ,Satara,2000,1500,1750,Maharashtra,Other
22/05/2024,Onion,23,Satara,FAQ,Satara,2000,1500,1750,Maharashtra,Other
27/05/2024,Onion,23,Satara,FAQ,Satara,2200,1500,1800,Maharashtra,Other
30/05/2024,Onion,23,Satara,FAQ,Satara,2300,1500,1900,Maharashtra,Other
02/01/2022,Onion,23,Satara,FAQ,Satara,3500,1000,2250,Maharashtra,Other
23/01/2022,Onion,23,Satara,FAQ,Satara,3500,1000,2250,Maharashtra,Other
30/01/2022,Onion,23,Satara,FAQ,Satara,3500,1000,2250,Maharashtra,Other
14/02/2022,Onion,23,Satara,FAQ,Satara,3200,1000,2100,Maharashtra,Other
15/02/2022,Onion,23,Satara,FAQ,Satara,3100,1000,2000,Maharashtra,Other
17/02/2022,Onion,23,Satara,FAQ,Satara,3000,1000,2000,Maharashtra,Other
23/02/2022,Onion,23,Satara,FAQ,Satara,2700,1000,1850,Maharashtra,Other
28/02/2022,Onion,23,Satara,FAQ,Satara,2200,1000,1600,Maharashtra,Other
09/03/2022,Onion,23,Satara,FAQ,Satara,1700,500,1100,Maharashtra,Other
14/03/2022,Onion,23,Satara,FAQ,Satara,1500,1000,1250,Maharashtra,Other
15/03/2022,Onion,23,Satara,FAQ,Satara,1500,1000,1250,Maharashtra,Other
16/03/2022,Onion,23,Satara,FAQ,Satara,1500,1000,1250,Maharashtra,Other
21/03/2022,Onion,23,Satara,FAQ,Satara,1500,500,1000,Maharashtra,Other
11/04/2022,Onion,23,Satara,FAQ,Satara,1000,800,900,Maharashtra,Other
18/04/2022,Onion,23,Satara,FAQ,Satara,1000,800,900,Maharashtra,Other
20/04/2022,Onion,23,Satara,FAQ,Satara,1000,700,850,Maharashtra,Other
14/05/2022,Onion,23,Satara,FAQ,Satara,1100,800,1000,Maharashtra,Other
19/05/2022,Onion,23,Satara,FAQ,Satara,1100,500,800,Maharashtra,Other
26/05/2022,Onion,23,Satara,FAQ,Satara,1100,500,800,Maharashtra,Other
28/05/2022,Onion,23,Satara,FAQ,Satara,1200,600,900,Maharashtra,Other
31/05/2022,Onion,23,Satara,FAQ,Satara,1200,800,1000,Maharashtra,Other
09/06/2022,Onion,23,Satara,FAQ,Satara,1400,1000,1200,Maharashtra,Other
11/06/2022,Onion,23,Satara,FAQ,Satara,1400,1000,1200,Maharashtra,Other
19/06/2022,Onion,23,Satara,FAQ,Satara,1600,1200,1400,Maharashtra,Other
21/06/2022,Onion,23,Satara,FAQ,Satara,1600,800,1200,Maharashtra,Other
02/07/2022,Onion,23,Satara,FAQ,Satara,1500,1000,1250,Maharashtra,Other
21/07/2022,Onion,23,Satara,FAQ,Satara,1500,1200,1350,Maharashtra,Other
27/07/2022,Onion,23,Satara,FAQ,Satara,1500,1000,1250,Maharashtra,Other
20/08/2022,Onion,23,Satara,FAQ,Satara,1600,1000,1300,Maharashtra,Other
24/08/2022,Onion,23,Satara,FAQ,Satara,1500,1000,1250,Maharashtra,Other
25/08/2022,Onion,23,Satara,FAQ,Satara,1500,1000,1250,Maharashtra,Other
27/08/2022,Onion,23,Satara,FAQ,Satara,1500,1000,1250,Maharashtra,Other
04/09/2022,Onion,23,Satara,FAQ,Satara,1300,1000,1150,Maharashtra,Other
12/10/2022,Onion,23,Satara,FAQ,Satara,2300,1000,1650,Maharashtra,Other
30/10/2022,Onion,23,Satara,FAQ,Satara,3200,1500,2350,Maharashtra,Other
02/11/2022,Onion,23,Satara,FAQ,Satara,3200,1500,2350,Maharashtra,Other
03/11/2022,Onion,23,Satara,FAQ,Satara,3200,1400,2300,Maharashtra,Other
12/11/2022,Onion,23,Satara,FAQ,Satara,2400,1000,1700,Maharashtra,Other
15/11/2022,Onion,23,Satara,FAQ,Satara,2600,2000,2300,Maharashtra,Other
23/11/2022,Onion,23,Satara,FAQ,Satara,2000,1000,1500,Maharashtra,Other
03/12/2022,Onion,23,Satara,FAQ,Satara,1800,1000,1400,Maharashtra,Other
08/12/2022,Onion,23,Satara,FAQ,Satara,1500,1000,1250,Maharashtra,Other
14/12/2022,Onion,23,Satara,FAQ,Satara,1500,1000,1250,Maharashtra,Other
22/12/2022,Onion,23,Satara,FAQ,Satara,2200,1000,1600,Maharashtra,Other
31/12/2022,Onion,23,Satara,FAQ,Satara,2200,1500,1800,Maharashtra,Other
01/01/2015,Onion,23,Satara,FAQ,Satara,1900,700,1300,Maharashtra,Other
11/01/2015,Onion,23,Satara,FAQ,Satara,2000,1300,1650,Maharashtra,Other
15/01/2015,Onion,23,Satara,FAQ,Satara,1800,700,1250,Maharashtra,Other
22/01/2015,Onion,23,Satara,FAQ,Satara,1700,1000,1350,Maharashtra,Other
01/02/2015,Onion,23,Satara,FAQ,Satara,1900,1000,1500,Maharashtra,Other
05/02/2015,Onion,23,Satara,FAQ,Satara,1800,800,1300,Maharashtra,Other
12/02/2015,Onion,23,Satara,FAQ,Satara,1700,1500,1600,Maharashtra,Other
22/02/2015,Onion,23,Satara,FAQ,Satara,1600,1000,1300,Maharashtra,Other
01/03/2015,Onion,23,Satara,FAQ,Satara,1500,800,1150,Maharashtra,Other
15/03/2015,Onion,23,Satara,FAQ,Satara,1700,1300,1500,Maharashtra,Other
19/03/2015,Onion,23,Satara,FAQ,Satara,1600,1000,1300,Maharashtra,Other
03/05/2015,Onion,23,Satara,FAQ,Satara,1300,700,1000,Maharashtra,Other
07/05/2015,Onion,23,Satara,FAQ,Satara,1600,1000,1300,Maharashtra,Other
14/05/2015,Onion,23,Satara,FAQ,Satara,1700,800,1250,Maharashtra,Other
28/05/2015,Onion,23,Satara,FAQ,Satara,2100,1600,1850,Maharashtra,Other
31/05/2015,Onion,23,Satara,FAQ,Satara,2300,1700,2000,Maharashtra,Other
07/06/2015,Onion,23,Satara,FAQ,Satara,2500,2000,2250,Maharashtra,Other
25/06/2015,Onion,23,Satara,FAQ,Satara,2200,2000,2100,Maharashtra,Other
19/07/2015,Onion,23,Satara,FAQ,Satara,2600,2400,2500,Maharashtra,Other
10/09/2015,Onion,23,Satara,FAQ,Satara,6000,2000,4000,Maharashtra,Other
13/09/2015,Onion,23,Satara,FAQ,Satara,600,300,450,Maharashtra,Other
11/10/2015,Onion,23,Satara,FAQ,Satara,3500,1000,2250,Maharashtra,Other
15/10/2015,Onion,23,Satara,FAQ,Satara,2500,1500,2000,Maharashtra,Other
25/10/2015,Onion,23,Satara,FAQ,Satara,3500,1500,2500,Maharashtra,Other
05/11/2015,Onion,23,Satara,FAQ,Satara,2500,2000,2250,Maharashtra,Other
15/11/2015,Onion,23,Satara,FAQ,Satara,3200,2400,2800,Maharashtra,Other
06/12/2015,Onion,23,Satara,FAQ,Satara,2000,800,1400,Maharashtra,Other
10/12/2015,Onion,23,Satara,FAQ,Satara,1700,500,1100,Maharashtra,Other
07/12/2004,Onion,23,Satara,FAQ,Satara,500,200,350,Maharashtra,Other
09/12/2004,Onion,23,Satara,FAQ,Satara,500,200,350,Maharashtra,Other
12/12/2004,Onion,23,Satara,FAQ,Satara,500,300,400,Maharashtra,Other
16/12/2004,Onion,23,Satara,FAQ,Satara,500,200,350,Maharashtra,Other
21/12/2004,Onion,23,Satara,FAQ,Satara,550,200,375,Maharashtra,Other
29/12/2004,Onion,23,Satara,FAQ,Satara,550,300,425,Maharashtra,Other
10/01/2012,Onion,23,Satara,FAQ,Satara,600,400,500,Maharashtra,Other
25/01/2012,Onion,23,Satara,FAQ,Satara,700,300,500,Maharashtra,Other
29/01/2012,Onion,23,Satara,FAQ,Satara,600,200,400,Maharashtra,Other
23/02/2012,Onion,23,Satara,FAQ,Satara,500,100,300,Maharashtra,Other
26/02/2012,Onion,23,Satara,FAQ,Satara,500,200,350,Maharashtra,Other
18/03/2012,Onion,23,Satara,FAQ,Satara,550,200,375,Maharashtra,Other
22/03/2012,Onion,23,Satara,FAQ,Satara,550,200,375,Maharashtra,Other
08/04/2012,Onion,23,Satara,FAQ,Satara,600,300,450,Maharashtra,Other
12/04/2012,Onion,23,Satara,FAQ,Satara,600,300,450,Maharashtra,Other
15/04/2012,Onion,23,Satara,FAQ,Satara,600,300,450,Maharashtra,Other
07/06/2012,Onion,23,Satara,FAQ,Satara,700,300,500,Maharashtra,Other
21/06/2012,Onion,23,Satara,FAQ,Satara,700,300,600,Maharashtra,Other
28/06/2012,Onion,23,Satara,FAQ,Satara,750,300,525,Maharashtra,Other
22/07/2012,Onion,23,Satara,FAQ,Satara,800,400,600,Maharashtra,Other
16/09/2012,Onion,23,Satara,FAQ,Satara,800,400,600,Maharashtra,Other
04/10/2012,Onion,23,Satara,FAQ,Satara,800,400,600,Maharashtra,Other
21/10/2012,Onion,23,Satara,FAQ,Satara,1200,700,950,Maharashtra,Other
08/11/2012,Onion,23,Satara,FAQ,Satara,1200,500,850,Maharashtra,Other
25/11/2012,Onion,23,Satara,FAQ,Satara,1600,800,1200,Maharashtra,Other
18/01/2010,Onion,23,Satara,FAQ,Satara,1600,500,1000,Maharashtra,Other
25/03/2010,Onion,23,Satara,FAQ,Satara,700,300,500,Maharashtra,Other
02/05/2010,Onion,23,Satara,FAQ,Satara,650,300,475,Maharashtra,Other
05/05/2010,Onion,23,Satara,FAQ,Satara,600,400,500,Maharashtra,Other
13/06/2010,Onion,23,Satara,FAQ,Satara,800,500,650,Maharashtra,Other
17/06/2010,Onion,23,Satara,FAQ,Satara,850,500,675,Maharashtra,Other
22/07/2010,Onion,23,Satara,FAQ,Satara,850,300,600,Maharashtra,Other
10/08/2010,Onion,23,Satara,FAQ,Satara,900,500,700,Maharashtra,Other
14/08/2010,Onion,23,Satara,FAQ,Satara,1000,400,700,Maharashtra,Other
17/08/2010,Onion,23,Satara,FAQ,Satara,900,600,750,Maharashtra,Other
04/09/2010,Onion,23,Satara,FAQ,Satara,1300,700,1000,Maharashtra,Other
14/09/2010,Onion,23,Satara,FAQ,Satara,1400,700,1050,Maharashtra,Other
26/09/2010,Onion,23,Satara,FAQ,Satara,1800,500,1250,Maharashtra,Other
04/10/2010,Onion,23,Satara,FAQ,Satara,2200,500,1350,Maharashtra,Other
07/10/2010,Onion,23,Satara,FAQ,Satara,2200,800,1500,Maharashtra,Other
16/10/2010,Onion,23,Satara,FAQ,Satara,1600,1000,1300,Maharashtra,Other
21/10/2010,Onion,23,Satara,FAQ,Satara,2100,500,1300,Maharashtra,Other
31/10/2010,Onion,23,Satara,FAQ,Satara,1800,600,1200,Maharashtra,Other
09/11/2010,Onion,23,Satara,FAQ,Satara,2800,1000,1900,Maharashtra,Other
14/11/2010,Onion,23,Satara,FAQ,Satara,2800,1400,2100,Maharashtra,Other
16/11/2010,Onion,23,Satara,FAQ,Satara,1400,500,1000,Maharashtra,Other
28/11/2010,Onion,23,Satara,FAQ,Satara,4000,2500,3250,Maharashtra,Other
05/12/2010,Onion,23,Satara,FAQ,Satara,4200,2000,3100,Maharashtra,Other
20/12/2010,Onion,23,Satara,FAQ,Satara,4500,2000,3250,Maharashtra,Other
23/12/2010,Onion,23,Satara,FAQ,Satara,4500,2500,3500,Maharashtra,Other
30/01/2014,Onion,23,Satara,FAQ,Satara,1000,500,750,Maharashtra,Other
02/02/2014,Onion,23,Satara,FAQ,Satara,800,400,600,Maharashtra,Other
09/02/2014,Onion,23,Satara,FAQ,Satara,800,600,700,Maharashtra,Other
27/02/2014,Onion,23,Satara,FAQ,Satara,800,600,700,Maharashtra,Other
09/03/2014,Onion,23,Satara,FAQ,Satara,800,600,700,Maharashtra,Other
13/03/2014,Onion,23,Satara,FAQ,Satara,900,700,800,Maharashtra,Other
08/05/2014,Onion,23,Satara,FAQ,Satara,1100,800,950,Maharashtra,Other
11/05/2014,Onion,23,Satara,FAQ,Satara,1200,800,1000,Maharashtra,Other
25/05/2014,Onion,23,Satara,FAQ,Satara,1200,800,1000,Maharashtra,Other
15/06/2014,Onion,23,Satara,FAQ,Satara,1700,1000,1350,Maharashtra,Other
13/07/2014,Onion,23,Satara,FAQ,Satara,2600,2000,2300,Maharashtra,Other
03/08/2014,Onion,23,Satara,FAQ,Satara,2100,1500,1800,Maharashtra,Other
14/08/2014,Onion,23,Satara,FAQ,Satara,1800,1500,1650,Maharashtra,Other
12/10/2014,Onion,23,Satara,FAQ,Satara,2100,700,1400,Maharashtra,Other
23/10/2014,Onion,23,Satara,FAQ,Satara,2200,1700,1950,Maharashtra,Other
07/12/2014,Onion,23,Satara,FAQ,Satara,1700,1300,1500,Maharashtra,Other
14/12/2014,Onion,23,Satara,FAQ,Satara,2000,1600,1800,Maharashtra,Other
31/12/2014,Onion,23,Satara,FAQ,Satara,1700,700,1200,Maharashtra,Other
07/01/2018,Onion,23,Satara,FAQ,Satara,3600,1500,2500,Maharashtra,Other
25/02/2018,Onion,23,Satara,FAQ,Satara,1500,800,1150,Maharashtra,Other
04/03/2018,Onion,23,Satara,FAQ,Satara,1100,500,800,Maharashtra,Other
08/03/2018,Onion,23,Satara,FAQ,Satara,1000,400,700,Maharashtra,Other
15/03/2018,Onion,23,Satara,FAQ,Satara,900,400,650,Maharashtra,Other
01/04/2018,Onion,23,Satara,FAQ,Satara,900,700,800,Maharashtra,Other
08/04/2018,Onion,23,Satara,FAQ,Satara,900,500,700,Maharashtra,Other
12/04/2018,Onion,23,Satara,FAQ,Satara,800,400,600,Maharashtra,Other
15/04/2018,Onion,23,Satara,FAQ,Satara,800,400,600,Maharashtra,Other
26/04/2018,Onion,23,Satara,FAQ,Satara,900,500,700,Maharashtra,Other
12/06/2018,Onion,23,Satara,FAQ,Satara,900,500,700,Maharashtra,Other
14/06/2018,Onion,23,Satara,FAQ,Satara,1100,500,800,Maharashtra,Other
21/06/2018,Onion,23,Satara,FAQ,Satara,1300,700,1000,Maharashtra,Other
24/06/2018,Onion,23,Satara,FAQ,Satara,1300,1100,1200,Maharashtra,Other
16/09/2018,Onion,23,Satara,FAQ,Satara,1200,400,800,Maharashtra,Other
14/10/2018,Onion,23,Satara,FAQ,Satara,1300,500,900,Maharashtra,Other
04/11/2018,Onion,23,Satara,FAQ,Satara,1300,500,900,Maharashtra,Other
12/11/2018,Onion,23,Satara,FAQ,Satara,1700,700,1200,Maharashtra,Other
15/11/2018,Onion,23,Satara,FAQ,Satara,1500,700,1100,Maharashtra,Other
22/11/2018,Onion,23,Satara,FAQ,Satara,1000,500,750,Maharashtra,Other
16/12/2018,Onion,23,Satara,FAQ,Satara,900,400,700,Maharashtra,Other
18/02/2016,Onion,23,Satara,FAQ,Satara,1000,500,750,Maharashtra,Other
25/02/2016,Onion,23,Satara,FAQ,Satara,1100,500,800,Maharashtra,Other
28/02/2016,Onion,23,Satara,FAQ,Satara,1000,400,700,Maharashtra,Other
03/03/2016,Onion,23,Satara,FAQ,Satara,900,300,600,Maharashtra,Other
14/04/2016,Onion,23,Satara,FAQ,Satara,850,400,625,Maharashtra,Other
24/04/2016,Onion,23,Satara,FAQ,Satara,800,400,600,Maharashtra,Other
22/05/2016,Onion,23,Satara,FAQ,Satara,800,400,600,Maharashtra,Other
23/06/2016,Onion,23,Satara,FAQ,Satara,1000,500,750,Maharashtra,Other
24/07/2016,Onion,23,Satara,FAQ,Satara,900,400,650,Maharashtra,Other
11/09/2016,Onion,23,Satara,FAQ,Satara,800,400,600,Maharashtra,Other
14/09/2016,Onion,23,Satara,FAQ,Satara,750,400,550,Maharashtra,Other
22/09/2016,Onion,23,Satara,FAQ,Satara,800,400,600,Maharashtra,Other
16/10/2016,Onion,23,Satara,FAQ,Satara,900,300,600,Maharashtra,Other
27/10/2016,Onion,23,Satara,FAQ,Satara,800,300,550,Maharashtra,Other
10/11/2016,Onion,23,Satara,FAQ,Satara,1100,300,700,Maharashtra,Other
13/11/2016,Onion,23,Satara,FAQ,Satara,1100,300,700,Maharashtra,Other
17/11/2016,Onion,23,Satara,FAQ,Satara,1000,500,750,Maharashtra,Other
24/11/2016,Onion,23,Satara,FAQ,Satara,1100,500,800,Maharashtra,Other
01/12/2016,Onion,23,Satara,FAQ,Satara,1000,300,850,Maharashtra,Other
08/12/2016,Onion,23,Satara,FAQ,Satara,900,300,600,Maharashtra,Other
15/12/2016,Onion,23,Satara,FAQ,Satara,1100,600,850,Maharashtra,Other
25/12/2016,Onion,23,Satara,FAQ,Satara,1100,300,700,Maharashtra,Other
06/01/2019,Onion,23,Satara,FAQ,Satara,800,200,500,Maharashtra,Other
07/02/2019,Onion,23,Satara,FAQ,Satara,700,200,450,Maharashtra,Other
03/03/2019,Onion,23,Satara,FAQ,Satara,600,200,400,Maharashtra,Other
04/04/2019,Onion,23,Satara,FAQ,Satara,700,200,450,Maharashtra,Other
12/05/2019,Onion,23,Satara,FAQ,Satara,1100,400,750,Maharashtra,Other
06/06/2019,Onion,23,Satara,FAQ,Satara,1500,700,1100,Maharashtra,Other
09/06/2019,Onion,23,Satara,FAQ,Satara,1500,700,1100,Maharashtra,Other
23/06/2019,Onion,23,Satara,FAQ,Satara,1500,800,1150,Maharashtra,Other
27/06/2019,Onion,23,Satara,FAQ,Satara,1500,700,1100,Maharashtra,Other
04/08/2019,Onion,23,Satara,FAQ,Satara,1600,700,1200,Maharashtra,Other
18/08/2019,Onion,23,Satara,FAQ,Satara,2400,2000,2200,Maharashtra,Other
20/10/2019,Onion,23,Satara,FAQ,Satara,3000,2000,2500,Maharashtra,Other
24/10/2019,Onion,23,Satara,FAQ,Satara,3000,500,1850,Maharashtra,Other
15/12/2019,Onion,23,Satara,FAQ,Satara,12000,2000,7000,Maharashtra,Other
09/01/2020,Onion,23,Satara,FAQ,Satara,5000,1500,3250,Maharashtra,Other
16/01/2020,Onion,23,Satara,FAQ,Satara,4200,1000,2600,Maharashtra,Other
19/01/2020,Onion,23,Satara,FAQ,Satara,4500,1500,3000,Maharashtra,Other
02/02/2020,Onion,23,Satara,FAQ,Satara,2800,1000,1900,Maharashtra,Other
20/02/2020,Onion,23,Satara,FAQ,Satara,2100,1000,1600,Maharashtra,Other
23/02/2020,Onion,23,Satara,FAQ,Satara,1900,1000,1450,Maharashtra,Other
05/03/2020,Onion,23,Satara,FAQ,Satara,1800,1000,1400,Maharashtra,Other
25/03/2020,Onion,23,Satara,FAQ,Satara,2000,1000,1500,Maharashtra,Other
29/03/2020,Onion,23,Satara,FAQ,Satara,2200,1800,2000,Maharashtra,Other
05/04/2020,Onion,23,Satara,FAQ,Satara,1800,1000,1400,Maharashtra,Other
16/04/2020,Onion,23,Satara,FAQ,Satara,1400,800,1100,Maharashtra,Other
09/05/2020,Onion,23,Satara,FAQ,Satara,1000,800,900,Maharashtra,Other
14/05/2020,Onion,23,Satara,FAQ,Satara,1000,500,750,Maharashtra,Other
06/06/2020,Onion,23,Satara,FAQ,Satara,1000,500,750,Maharashtra,Other
12/06/2020,Onion,23,Satara,FAQ,Satara,1000,500,750,Maharashtra,Other
15/06/2020,Onion,23,Satara,FAQ,Satara,1000,500,750,Maharashtra,Other
22/06/2020,Onion,23,Satara,FAQ,Satara,1000,300,650,Maharashtra,Other
25/06/2020,Onion,23,Satara,FAQ,Satara,1000,500,750,Maharashtra,Other
27/06/2020,Onion,23,Satara,FAQ,Satara,1000,500,750,Maharashtra,Other
28/06/2020,Onion,23,Satara,FAQ,Satara,1000,500,750,Maharashtra,Other
10/08/2020,Onion,23,Satara,FAQ,Satara,900,500,700,Maharashtra,Other
14/08/2020,Onion,23,Satara,FAQ,Satara,900,700,800,Maharashtra,Other
18/08/2020,Onion,23,Satara,FAQ,Satara,1000,500,750,Maharashtra,Other
22/08/2020,Onion,23,Satara,FAQ,Satara,1700,1200,1500,Maharashtra,Other
24/08/2020,Onion,23,Satara,FAQ,Satara,1600,700,1150,Maharashtra,Other
29/08/2020,Onion,23,Satara,FAQ,Satara,1500,1000,1250,Maharashtra,Other
17/09/2020,Onion,23,Satara,FAQ,Satara,2200,1000,1600,Maharashtra,Other
21/09/2020,Onion,23,Satara,FAQ,Satara,3500,2000,2700,Maharashtra,Other
26/09/2020,Onion,23,Satara,FAQ,Satara,3500,1500,2500,Maharashtra,Other
10/10/2020,Onion,23,Satara,FAQ,Satara,3500,1000,2250,Maharashtra,Other
14/10/2020,Onion,23,Satara,FAQ,Satara,4500,1500,3000,Maharashtra,Other
19/11/2020,Onion,23,Satara,FAQ,Satara,5000,2000,3500,Maharashtra,Other
21/11/2020,Onion,23,Satara,FAQ,Satara,5500,2000,3750,Maharashtra,Other
22/11/2020,Onion,23,Satara,FAQ,Satara,5500,2500,4000,Maharashtra,Other
24/11/2020,Onion,23,Satara,FAQ,Satara,5000,2000,3500,Maharashtra,Other
07/12/2020,Onion,23,Satara,FAQ,Satara,3000,1000,2000,Maharashtra,Other
15/12/2020,Onion,23,Satara,FAQ,Satara,3200,1500,2350,Maharashtra,Other
26/12/2020,Onion,23,Satara,FAQ,Satara,2500,1000,1750,Maharashtra,Other
30/12/2020,Onion,23,Satara,FAQ,Satara,2800,1000,1900,Maharashtra,Other
01/01/2009,Onion,23,Satara,FAQ,Satara,1400,700,1050,Maharashtra,Other
11/01/2009,Onion,23,Satara,FAQ,Satara,1800,1000,1400,Maharashtra,Other
18/01/2009,Onion,23,Satara,FAQ,Satara,1700,800,1200,Maharashtra,Other
27/01/2009,Onion,23,Satara,FAQ,Satara,1300,500,1000,Maharashtra,Other
29/01/2009,Onion,23,Satara,FAQ,Satara,1000,500,750,Maharashtra,Other
05/03/2009,Onion,23,Satara,FAQ,Satara,800,500,650,Maharashtra,Other
08/03/2009,Onion,23,Satara,FAQ,Satara,800,500,650,Maharashtra,Other
15/03/2009,Onion,23,Satara,FAQ,Satara,1000,400,700,Maharashtra,Other
29/03/2009,Onion,23,Satara,FAQ,Satara,700,400,550,Maharashtra,Other
09/04/2009,Onion,23,Satara,FAQ,Satara,550,400,475,Maharashtra,Other
02/05/2009,Onion,23,Satara,FAQ,Satara,600,400,500,Maharashtra,Other
10/05/2009,Onion,23,Satara,FAQ,Satara,600,200,400,Maharashtra,Other
14/05/2009,Onion,23,Satara,FAQ,Satara,650,300,500,Maharashtra,Other
19/05/2009,Onion,23,Satara,FAQ,Satara,680,500,550,Maharashtra,Other
24/05/2009,Onion,23,Satara,FAQ,Satara,700,300,500,Maharashtra,Other
04/06/2009,Onion,23,Satara,FAQ,Satara,900,500,700,Maharashtra,Other
07/06/2009,Onion,23,Satara,FAQ,Satara,900,500,700,Maharashtra,Other
11/06/2009,Onion,23,Satara,FAQ,Satara,850,500,700,Maharashtra,Other
14/06/2009,Onion,23,Satara,FAQ,Satara,850,500,700,Maharashtra,Other
16/06/2009,Onion,23,Satara,FAQ,Satara,850,600,750,Maharashtra,Other
05/07/2009,Onion,23,Satara,FAQ,Satara,850,700,750,Maharashtra,Other
18/08/2009,Onion,23,Satara,FAQ,Satara,800,600,700,Maharashtra,Other
07/09/2009,Onion,23,Satara,FAQ,Satara,750,500,650,Maharashtra,Other
17/09/2009,Onion,23,Satara,FAQ,Satara,800,600,700,Maharashtra,Other
24/09/2009,Onion,23,Satara,FAQ,Satara,820,600,700,Maharashtra,Other
01/10/2009,Onion,23,Satara,FAQ,Satara,1100,800,900,Maharashtra,Other
03/10/2009,Onion,23,Satara,FAQ,Satara,2100,1200,1600,Maharashtra,Other
18/10/2009,Onion,23,Satara,FAQ,Satara,1600,600,1100,Maharashtra,Other
21/10/2009,Onion,23,Satara,FAQ,Satara,1600,500,1000,Maharashtra,Other
28/10/2009,Onion,23,Satara,FAQ,Satara,1800,1400,1600,Maharashtra,Other
22/11/2009,Onion,23,Satara,FAQ,Satara,2500,500,1500,Maharashtra,Other
26/11/2009,Onion,23,Satara,FAQ,Satara,2700,200,1500,Maharashtra,Other
29/11/2009,Onion,23,Satara,FAQ,Satara,2500,500,1500,Maharashtra,Other
03/12/2009,Onion,23,Satara,FAQ,Satara,2500,500,1500,Maharashtra,Other
17/12/2009,Onion,23,Satara,FAQ,Satara,2200,800,1500,Maharashtra,Other
20/12/2009,Onion,23,Satara,FAQ,Satara,2000,800,1400,Maharashtra,Other
31/12/2009,Onion,23,Satara,FAQ,Satara,1700,500,1100,Maharashtra,Other
06/01/2011,Onion,23,Satara,FAQ,Satara,4500,1500,3000,Maharashtra,Other
09/01/2011,Onion,23,Satara,FAQ,Satara,4500,1000,2750,Maharashtra,Other
19/01/2011,Onion,23,Satara,FAQ,Satara,3500,1000,2250,Maharashtra,Other
20/01/2011,Onion,23,Satara,FAQ,Satara,3500,1000,2250,Maharashtra,Other
23/01/2011,Onion,23,Satara,FAQ,Satara,3800,1000,2400,Maharashtra,Other
13/02/2011,Onion,23,Satara,FAQ,Satara,1400,800,1100,Maharashtra,Other
24/02/2011,Onion,23,Satara,FAQ,Satara,1000,400,700,Maharashtra,Other
27/02/2011,Onion,23,Satara,FAQ,Satara,750,300,525,Maharashtra,Other
08/03/2011,Onion,23,Satara,FAQ,Satara,700,300,500,Maharashtra,Other
09/03/2011,Onion,23,Satara,FAQ,Satara,700,400,550,Maharashtra,Other
18/04/2011,Onion,23,Satara,FAQ,Satara,700,300,500,Maharashtra,Other
21/04/2011,Onion,23,Satara,FAQ,Satara,700,300,500,Maharashtra,Other
25/04/2011,Onion,23,Satara,FAQ,Satara,800,300,550,Maharashtra,Other
17/05/2011,Onion,23,Satara,FAQ,Satara,700,300,500,Maharashtra,Other
18/05/2011,Onion,23,Satara,FAQ,Satara,700,300,500,Maharashtra,Other
26/06/2011,Onion,23,Satara,FAQ,Satara,950,400,675,Maharashtra,Other
07/07/2011,Onion,23,Satara,FAQ,Satara,1000,400,700,Maharashtra,Other
10/07/2011,Onion,23,Satara,FAQ,Satara,1100,300,700,Maharashtra,Other
14/07/2011,Onion,23,Satara,FAQ,Satara,1150,500,825,Maharashtra,Other
28/07/2011,Onion,23,Satara,FAQ,Satara,1000,400,700,Maharashtra,Other
07/08/2011,Onion,23,Satara,FAQ,Satara,1300,500,900,Maharashtra,Other
11/08/2011,Onion,23,Satara,FAQ,Satara,1300,500,900,Maharashtra,Other
23/08/2011,Onion,23,Satara,FAQ,Satara,1600,1300,1450,Maharashtra,Other
28/08/2011,Onion,23,Satara,FAQ,Satara,1500,1000,1250,Maharashtra,Other
10/09/2011,Onion,23,Satara,FAQ,Satara,1300,700,1000,Maharashtra,Other
17/11/2011,Onion,23,Satara,FAQ,Satara,1000,800,900,Maharashtra,Other
11/12/2011,Onion,23,Satara,FAQ,Satara,800,400,600,Maharashtra,Other
15/12/2011,Onion,23,Satara,FAQ,Satara,700,400,550,Maharashtra,Other
18/12/2011,Onion,23,Satara,FAQ,Satara,800,500,650,Maharashtra,Other
21/12/2011,Onion,23,Satara,FAQ,Satara,800,400,600,Maharashtra,Other
03/01/2013,Onion,23,Satara,FAQ,Satara,1400,1000,1200,Maharashtra,Other
17/01/2013,Onion,23,Satara,FAQ,Satara,1600,800,1200,Maharashtra,Other
20/01/2013,Onion,23,Satara,FAQ,Satara,1800,1000,1400,Maharashtra,Other
31/01/2013,Onion,23,Satara,FAQ,Satara,2300,1000,1650,Maharashtra,Other
07/02/2013,Onion,23,Satara,FAQ,Satara,1800,1000,1400,Maharashtra,Other
10/02/2013,Onion,23,Satara,FAQ,Satara,1800,1000,1400,Maharashtra,Other
17/02/2013,Onion,23,Satara,FAQ,Satara,1400,800,1100,Maharashtra,Other
04/04/2013,Onion,23,Satara,FAQ,Satara,1200,700,950,Maharashtra,Other
02/06/2013,Onion,23,Satara,FAQ,Satara,1400,1000,1200,Maharashtra,Other
09/06/2013,Onion,23,Satara,FAQ,Satara,1700,1000,1350,Maharashtra,Other
13/06/2013,Onion,23,Satara,FAQ,Satara,1700,1000,1350,Maharashtra,Other
16/06/2013,Onion,23,Satara,FAQ,Satara,1700,1200,1450,Maharashtra,Other
21/07/2013,Onion,23,Satara,FAQ,Satara,2600,1800,2200,Maharashtra,Other
28/07/2013,Onion,23,Satara,FAQ,Satara,2500,1500,2000,Maharashtra,Other
04/08/2013,Onion,23,Satara,FAQ,Satara,3000,2600,2800,Maharashtra,Other
22/09/2013,Onion,23,Satara,FAQ,Satara,5200,3500,4750,Maharashtra,Other
06/10/2013,Onion,23,Satara,FAQ,Satara,5500,5000,5250,Maharashtra,Other
17/10/2013,Onion,23,Satara,FAQ,Satara,5500,3500,4500,Maharashtra,Other
03/11/2013,Onion,23,Satara,FAQ,Satara,4000,1500,2550,Maharashtra,Other
01/12/2013,Onion,23,Satara,FAQ,Satara,2200,1300,1750,Maharashtra,Other
01/01/2006,Onion,23,Satara,FAQ,Satara,600,300,450,Maharashtra,Other
23/07/2006,Onion,23,Satara,FAQ,Satara,450,300,380,Maharashtra,Other
31/08/2006,Onion,23,Satara,FAQ,Satara,350,250,300,Maharashtra,Other
03/09/2006,Onion,23,Satara,FAQ,Satara,350,250,300,Maharashtra,Other
10/09/2006,Onion,23,Satara,FAQ,Satara,400,250,300,Maharashtra,Other
14/09/2006,Onion,23,Satara,FAQ,Satara,420,250,300,Maharashtra,Other
26/09/2006,Onion,23,Satara,FAQ,Satara,450,300,350,Maharashtra,Other
07/11/2006,Onion,23,Satara,FAQ,Satara,400,300,350,Maharashtra,Other
16/11/2006,Onion,23,Satara,FAQ,Satara,700,200,450,Maharashtra,Other
07/12/2006,Onion,23,Satara,FAQ,Satara,900,500,700,Maharashtra,Other
11/01/2005,Onion,23,Satara,FAQ,Satara,550,200,325,Maharashtra,Other
19/01/2005,Onion,23,Satara,FAQ,Satara,550,200,375,Maharashtra,Other
20/01/2005,Onion,23,Satara,FAQ,Satara,500,200,350,Maharashtra,Other
27/01/2005,Onion,23,Satara,FAQ,Satara,550,300,425,Maharashtra,Other
30/01/2005,Onion,23,Satara,FAQ,Satara,500,300,400,Maharashtra,Other
17/02/2005,Onion,23,Satara,FAQ,Satara,400,200,300,Maharashtra,Other
17/03/2005,Onion,23,Satara,FAQ,Satara,350,100,225,Maharashtra,Other
27/03/2005,Onion,23,Satara,FAQ,Satara,350,200,275,Maharashtra,Other
10/04/2005,Onion,23,Satara,FAQ,Satara,350,200,300,Maharashtra,Other
26/04/2005,Onion,23,Satara,FAQ,Satara,300,150,200,Maharashtra,Other
22/05/2005,Onion,23,Satara,FAQ,Satara,380,200,250,Maharashtra,Other
26/05/2005,Onion,23,Satara,FAQ,Satara,350,200,250,Maharashtra,Other
11/06/2005,Onion,23,Satara,FAQ,Satara,400,200,300,Maharashtra,Other
16/06/2005,Onion,23,Satara,FAQ,Satara,500,300,400,Maharashtra,Other
20/06/2005,Onion,23,Satara,FAQ,Satara,500,300,400,Maharashtra,Other
25/06/2005,Onion,23,Satara,FAQ,Satara,440,250,350,Maharashtra,Other
26/06/2005,Onion,23,Satara,FAQ,Satara,480,300,350,Maharashtra,Other
29/06/2005,Onion,23,Satara,FAQ,Satara,480,300,350,Maharashtra,Other
03/07/2005,Onion,23,Satara,FAQ,Satara,450,300,375,Maharashtra,Other
14/07/2005,Onion,23,Satara,FAQ,Satara,500,300,400,Maharashtra,Other
16/07/2005,Onion,23,Satara,FAQ,Satara,500,300,400,Maharashtra,Other
04/09/2005,Onion,23,Satara,FAQ,Satara,1100,700,900,Maharashtra,Other
10/09/2005,Onion,23,Satara,FAQ,Satara,1100,550,900,Maharashtra,Other
30/10/2005,Onion,23,Satara,FAQ,Satara,800,300,550,Maharashtra,Other
26/11/2005,Onion,23,Satara,FAQ,Satara,1200,400,800,Maharashtra,Other
29/12/2005,Onion,23,Satara,FAQ,Satara,400,200,300,Maharashtra,Other
31/12/2005,Onion,23,Satara,FAQ,Satara,400,200,300,Maharashtra,Other
19/12/2005,Onion,23,Satara,FAQ,Satara,600,400,500,Maharashtra,Red
14/01/2008,Onion,23,Satara,FAQ,Satara,500,200,350,Maharashtra,Other
17/01/2008,Onion,23,Satara,FAQ,Satara,600,300,450,Maharashtra,Other
20/01/2008,Onion,23,Satara,FAQ,Satara,500,200,350,Maharashtra,Other
20/03/2008,Onion,23,Satara,FAQ,Satara,350,200,225,Maharashtra,Other
31/03/2008,Onion,23,Satara,FAQ,Satara,400,200,300,Maharashtra,Other
02/06/2008,Onion,23,Satara,FAQ,Satara,450,200,325,Maharashtra,Other
08/06/2008,Onion,23,Satara,FAQ,Satara,500,250,375,Maharashtra,Other
09/06/2008,Onion,23,Satara,FAQ,Satara,500,300,400,Maharashtra,Other
26/06/2008,Onion,23,Satara,FAQ,Satara,550,400,475,Maharashtra,Other
29/06/2008,Onion,23,Satara,FAQ,Satara,500,200,350,Maharashtra,Other
03/08/2008,Onion,23,Satara,FAQ,Satara,900,600,750,Maharashtra,Other
31/08/2008,Onion,23,Satara,FAQ,Satara,850,500,650,Maharashtra,Other
18/09/2008,Onion,23,Satara,FAQ,Satara,850,500,650,Maharashtra,Other
05/10/2008,Onion,23,Satara,FAQ,Satara,950,400,700,Maharashtra,Other
23/10/2008,Onion,23,Satara,FAQ,Satara,800,300,600,Maharashtra,Other
11/12/2008,Onion,23,Satara,FAQ,Satara,1200,300,750,Maharashtra,Other
03/05/2025,Onion,23,Satara,Local,Satara,1400,500,1000,Maharashtra,Other
13/05/2025,Onion,23,Satara,Local,Satara,1400,500,1000,Maharashtra,Other
15/05/2025,Onion,23,Satara,Local,Satara,1400,500,1000,Maharashtra,Other
21/05/2025,Onion,23,Satara,Local,Satara,1400,500,1000,Maharashtra,Other
28/05/2025,Onion,23,Satara,Local,Satara,1700,800,1300,Maharashtra,Other
29/05/2025,Onion,23,Satara,Local,Satara,1700,1000,1350,Maharashtra,Other
06/04/2025,Onion,23,Satara,Local,Satara,1500,700,1100,Maharashtra,Other
09/04/2025,Onion,23,Satara,Local,Satara,1500,700,1100,Maharashtra,Other
12/04/2025,Onion,23,Satara,Local,Satara,1500,700,1100,Maharashtra,Other
14/04/2025,Onion,23,Satara,Local,Satara,1200,800,1000,Maharashtra,Other
26/04/2025,Onion,23,Satara,Local,Satara,1200,500,900,Maharashtra,Other
28/04/2025,Onion,23,Satara,Local,Satara,1400,500,1000,Maharashtra,Other
06/11/2024,Onion,23,Satara,FAQ,Satara,5100,1000,3000,Maharashtra,Other
27/11/2024,Onion,23,Satara,FAQ,Satara,7000,2000,4500,Maharashtra,Other
03/12/2024,Onion,23,Satara,FAQ,Satara,6000,2000,4000,Maharashtra,Other
04/12/2024,Onion,23,Satara,FAQ,Satara,5500,2000,3750,Maharashtra,Other
08/12/2024,Onion,23,Satara,FAQ,Satara,5300,2000,3700,Maharashtra,Other
16/12/2024,Onion,23,Satara,FAQ,Satara,3500,2000,2750,Maharashtra,Other
26/12/2024,Onion,23,Satara,FAQ,Satara,3000,1000,2000,Maharashtra,Other
29/12/2024,Onion,23,Satara,FAQ,Satara,3000,2000,2500,Maharashtra,Other
01/07/2024,Onion,23,Satara,FAQ,Satara,3000,2500,2750,Maharashtra,Other
09/07/2024,Onion,23,Satara,FAQ,Satara,3200,2500,2800,Maharashtra,Other
13/07/2024,Onion,23,Satara,FAQ,Satara,3200,2500,2800,Maharashtra,Other
16/07/2024,Onion,23,Satara,FAQ,Satara,3200,2500,2800,Maharashtra,Other
20/07/2024,Onion,23,Satara,FAQ,Satara,3200,2000,2600,Maharashtra,Other
31/07/2024,Onion,23,Satara,FAQ,Satara,3000,2000,2500,Maharashtra,Other
12/08/2024,Onion,23,Satara,FAQ,Satara,3200,2000,2600,Maharashtra,Other
21/08/2024,Onion,23,Satara,FAQ,Satara,3200,1000,2100,Maharashtra,Other
01/09/2024,Onion,23,Satara,FAQ,Satara,4000,2000,3000,Maharashtra,Other
19/09/2024,Onion,23,Satara,FAQ,Satara,5000,2000,3500,Maharashtra,Other
21/09/2024,Onion,23,Satara,FAQ,Satara,5000,4000,4500,Maharashtra,Other
02/11/2025,Onion,23,Satara,Local,Satara,2000,1000,1500,Maharashtra,Other
05/10/2025,Onion,23,Satara,Local,Satara,2000,1000,1500,Maharashtra,Other
09/10/2025,Onion,23,Satara,Local,Satara,2000,1000,1500,Maharashtra,Other
12/10/2025,Onion,23,Satara,Local,Satara,2000,1000,1500,Maharashtra,Other
18/10/2025,Onion,23,Satara,Local,Satara,1700,1000,1350,Maharashtra,Other
19/10/2025,Onion,23,Satara,Local,Satara,1700,1000,1350,Maharashtra,Other
04/02/2026,Onion,23,Satara,Local,Satara APMC,2000,1000,1500,Maharashtra,Other
10/02/2026,Onion,23,Satara,Local,Satara APMC,2000,500,1250,Maharashtra,Other
12/02/2026,Onion,23,Satara,Local,Satara APMC,1500,500,1000,Maharashtra,Other
15/02/2026,Onion,23,Satara,Local,Satara APMC,2000,1000,1500,Maharashtra,Other
22/02/2026,Onion,23,Satara,Local,Satara APMC,1500,1000,1250,Maharashtra,Other
04/01/2026,Onion,23,Satara,Local,Satara APMC,1700,1000,1350,Maharashtra,Other
13/01/2026,Onion,23,Satara,Local,Satara APMC,2000,500,1250,Maharashtra,Other
19/01/2026,Onion,23,Satara,Local,Satara APMC,2000,500,1250,Maharashtra,Other
24/01/2026,Onion,23,Satara,Local,Satara APMC,2000,1000,1500,Maharashtra,Other
31/01/2026,Onion,23,Satara,Local,Satara APMC,2000,1000,1500,Maharashtra,Other
08/01/2026,Onion,23,Satara,Local,Satara APMC,2000,1000,1500,Maharashtra,Other
20/01/2026,Onion,23,Satara,Local,Satara APMC,2000,500,1250,Maharashtra,Other
21/01/2026,Onion,23,Satara,Local,Satara APMC,2000,1000,1500,Maharashtra,Other
29/12/2025,Onion,23,Satara,Local,Satara APMC,2200,1000,1600,Maharashtra,Other
18/12/2025,Onion,23,Satara,Local,Satara APMC,3000,1000,2000,Maharashtra,Other
06/12/2025,Onion,23,Satara,Local,Satara APMC,1800,500,1150,Maharashtra,Other
27/12/2025,Onion,23,Satara,Local,Satara APMC,2800,1000,1900,Maharashtra,Other
23/12/2025,Onion,23,Satara,Local,Satara APMC,2800,1000,1900,Maharashtra,Other
03/12/2025,Onion,23,Satara,Local,Satara APMC,2000,1000,1500,Maharashtra,Other
15/12/2025,Onion,23,Satara,Local,Satara APMC,3000,2000,2500,Maharashtra,Other
11/02/2026,Onion,23,Satara,Local,Satara APMC,2000,500,1250,Maharashtra,Other
24/11/2025,Onion,23,Satara,Local,Satara APMC,1800,1000,1400,Maharashtra,Other
04/11/2025,Onion,23,Satara,Local,Satara APMC,2000,1000,1500,Maharashtra,Other
18/11/2025,Onion,23,Satara,Local,Satara APMC,1800,1000,1400,Maharashtra,Other
09/11/2025,Onion,23,Satara,Local,Satara APMC,2000,1000,1500,Maharashtra,Other
02/03/2026,Onion,23,Satara,Local,Satara APMC,1400,500,950,Maharashtra,Other
01/03/2026,Onion,23,Satara,Local,Satara APMC,1400,500,950,Maharashtra,Other
07/03/2026,Onion,23,Satara,Local,Satara APMC,1800,1000,1400,Maharashtra,Other
10/03/2026,Onion,23,Satara,Local,Satara APMC,1400,1000,1200,Maharashtra,Other
31/03/2026,Onion,23,Satara,Local,Satara APMC,1300,700,1000,Maharashtra,Other
04/04/2026,Onion,23,Satara,Local,Satara APMC,1300,700,1000,Maharashtra,Other
08/04/2026,Onion,23,Satara,Local,Satara APMC,1300,700,1000,Maharashtra,Other
11/04/2026,Onion,23,Satara,Local,Satara APMC,1500,1000,1250,Maharashtra,Other
14/04/2026,Onion,23,Satara,Local,Satara APMC,1300,700,1000,Maharashtra,Other
19/04/2026,Onion,23,Satara,Local,Satara APMC,1300,700,1000,Maharashtra,Other
18/04/2026,Onion,23,Satara,Local,Satara APMC,1300,700,1000,Maharashtra,Other
20/04/2026,Onion,23,Satara,Local,Satara APMC,1300,700,1000,Maharashtra,Other
05/05/2026,Onion,23,Satara,Local,Satara APMC,1300,700,1000,Maharashtra,Other
16/05/2026,Onion,23,Satara,Local,Satara APMC,1300,700,1000,Maharashtra,Other
17/05/2026,Onion,23,Satara,Local,Satara APMC,1200,700,950,Maharashtra,Other
23/05/2026,Onion,23,Satara,Local,Satara APMC,1300,700,1000,Maharashtra,Other
24/05/2026,Onion,23,Satara,Local,Satara APMC,1200,700,1000,Maharashtra,Other
02/06/2026,Onion,23,Satara,Local,Satara APMC,1900,500,1200,Maharashtra,Other
11/06/2026,Onion,23,Satara,Local,Satara APMC,1900,500,1200,Maharashtra,Other
13/06/2026,Onion,23,Satara,Local,Satara APMC,1900,1000,1450,Maharashtra,Other
16/06/2026,Onion,23,Satara,Local,Satara APMC,1900,1000,1400,Maharashtra,Other
22/06/2026,Onion,23,Satara,Local,Satara APMC,1900,500,1150,Maharashtra,Other
21/06/2026,Onion,23,Satara,Local,Satara APMC,1900,1000,1500,Maharashtra,Other
23/06/2026,Onion,23,Satara,Local,Satara APMC,1900,1000,1450,Maharashtra,Other
28/06/2026,Onion,23,Satara,Local,Satara APMC,3000,1000,2000,Maharashtra,Other
04/07/2026,Onion,23,Satara,Local,Satara APMC,3000,1000,2000,Maharashtra,Other
05/07/2026,Onion,23,Satara,Local,Satara APMC,2700,1000,1850,Maharashtra,Other
19/08/2026,Onion,23,Satara,Local,Satara APMC,3500,1500,2500,Maharashtra,Other
13/08/2026,Onion,23,Satara,Local,Satara APMC,2500,1000,1750,Maharashtra,Other
18/07/2026,Onion,23,Satara,Local,Satara APMC,2500,1000,1700,Maharashtra,Other
16/07/2026,Onion,23,Satara,Local,Satara APMC,2800,1000,1900,Maharashtra,Other
27/07/2026,Onion,23,Satara,Local,Satara APMC,2500,1000,1750,Maharashtra,Other
01/08/2026,Onion,23,Satara,Local,Satara APMC,2500,1000,1750,Maharashtra,Other
10/08/2026,Onion,23,Satara,Local,Satara APMC,2500,1000,1750,Maharashtra,Other
31/12/2025,Onion,23,Satara,Local,Satara APMC,2200,1000,1600,Maharashtra,Other
30/12/2025,Onion,23,Satara,Local,Satara APMC,2200,1000,1600,Maharashtra,Other
08/12/2025,Onion,23,Satara,Local,Satara APMC,1800,500,1150,Maharashtra,Other
14/12/2025,Onion,23,Satara,Local,Satara APMC,3000,1000,2000,Maharashtra,Other
17/12/2025,Onion,23,Satara,Local,Satara APMC,3000,1000,2000,Maharashtra,Other
22/12/2025,Onion,23,Satara,Local,Satara APMC,2800,1000,1900,Maharashtra,Other
28/12/2025,Onion,23,Satara,Local,Satara APMC,2800,1000,1900,Maharashtra,Other
12/01/2026,Onion,23,Satara,Local,Satara APMC,2000,1000,1500,Maharashtra,Other
11/01/2026,Onion,23,Satara,Local,Satara APMC,2000,1000,1500,Maharashtra,Other
21/02/2026,Onion,23,Satara,Local,Satara APMC,1500,1000,1200,Maharashtra,Other
25/02/2026,Onion,23,Satara,Local,Satara APMC,1500,1000,1250,Maharashtra,Other
08/02/2026,Onion,23,Satara,Local,Satara APMC,2000,500,1250,Maharashtra,Other
09/02/2026,Onion,23,Satara,Local,Satara APMC,2000,500,1250,Maharashtra,Other
16/02/2026,Onion,23,Satara,Local,Satara APMC,2000,1000,1500,Maharashtra,Other
14/03/2026,Onion,23,Satara,Local,Satara APMC,1400,500,1000,Maharashtra,Other
19/03/2026,Onion,23,Satara,Local,Satara APMC,1500,500,1000,Maharashtra,Other
09/03/2026,Onion,23,Satara,Local,Satara APMC,1500,1000,1200,Maharashtra,Other
11/03/2026,Onion,23,Satara,Local,Satara APMC,1400,700,1000,Maharashtra,Other
25/11/2025,Onion,23,Satara,Local,Satara APMC,2000,1000,1500,Maharashtra,Other
17/11/2025,Onion,23,Satara,Local,Satara APMC,1800,1500,1650,Maharashtra,Other
05/04/2026,Onion,23,Satara,Local,Satara APMC,1300,700,1000,Maharashtra,Other
09/04/2026,Onion,23,Satara,Local,Satara APMC,1300,1000,1100,Maharashtra,Other
16/04/2026,Onion,23,Satara,Local,Satara APMC,1300,700,1000,Maharashtra,Other
13/04/2026,Onion,23,Satara,Local,Satara APMC,1400,1000,1200,Maharashtra,Other
23/04/2026,Onion,23,Satara,Local,Satara APMC,1300,700,1000,Maharashtra,Other
30/04/2026,Onion,23,Satara,Local,Satara APMC,1300,700,1000,Maharashtra,Other
02/05/2026,Onion,23,Satara,Local,Satara APMC,1300,700,1000,Maharashtra,Other
03/05/2026,Onion,23,Satara,Local,Satara APMC,1300,700,1000,Maharashtra,Other
04/05/2026,Onion,23,Satara,Local,Satara APMC,1300,700,1000,Maharashtra,Other
10/05/2026,Onion,23,Satara,Local,Satara APMC,1300,1000,1100,Maharashtra,Other
13/05/2026,Onion,23,Satara,Local,Satara APMC,1300,1000,1150,Maharashtra,Other
04/06/2026,Onion,23,Satara,Local,Satara APMC,1900,500,1200,Maharashtra,Other
15/06/2026,Onion,23,Satara,Local,Satara APMC,1900,1000,1500,Maharashtra,Other
01/06/2026,Onion,23,Satara,Local,Satara APMC,1900,1000,1500,Maharashtra,Other
16/08/2026,Onion,23,Satara,Local,Satara APMC,2500,1000,1750,Maharashtra,Other
20/08/2026,Onion,23,Satara,Local,Satara APMC,4500,2000,3250,Maharashtra,Other
22/08/2026,Onion,23,Satara,Local,Satara APMC,4500,1500,3000,Maharashtra,Other
01/07/2026,Onion,23,Satara,Local,Satara APMC,3000,1000,2000,Maharashtra,Other
08/07/2026,Onion,23,Satara,Local,Satara APMC,2700,1000,1850,Maharashtra,Other
09/07/2026,Onion,23,Satara,Local,Satara APMC,2800,1000,1900,Maharashtra,Other
15/07/2026,Onion,23,Satara,Local,Satara APMC,2800,1500,2150,Maharashtra,Other
20/07/2026,Onion,23,Satara,Local,Satara APMC,2500,1000,1700,Maharashtra,Other
08/08/2026,Onion,23,Satara,Local,Satara APMC,2500,1000,1750,Maharashtra,Other
11/08/2026,Onion,23,Satara,Local,Satara APMC,3500,3000,3200,Maharashtra,Other
28/02/2026,Onion,23,Satara,Local,Satara APMC,1500,500,1000,Maharashtra,Other
05/02/2026,Onion,23,Satara,Local,Satara APMC,2000,1000,1500,Maharashtra,Other
04/03/2026,Onion,23,Satara,Local,Satara APMC,1400,1000,1200,Maharashtra,Other
03/03/2026,Onion,23,Satara,Local,Satara APMC,1400,1000,1200,Maharashtra,Other
12/03/2026,Onion,23,Satara,Local,Satara APMC,1500,500,1000,Maharashtra,Other
16/03/2026,Onion,23,Satara,Local,Satara APMC,1500,500,1000,Maharashtra,Other
18/03/2026,Onion,23,Satara,Local,Satara APMC,1400,500,1000,Maharashtra,Other
24/03/2026,Onion,23,Satara,Local,Satara APMC,1400,500,1000,Maharashtra,Other
22/03/2026,Onion,23,Satara,Local,Satara APMC,1500,500,1000,Maharashtra,Other
01/12/2025,Onion,23,Satara,Local,Satara APMC,1800,1500,1650,Maharashtra,Other
07/12/2025,Onion,23,Satara,Local,Satara APMC,1800,500,1150,Maharashtra,Other
25/12/2025,Onion,23,Satara,Local,Satara APMC,2800,1000,1900,Maharashtra,Other
23/11/2025,Onion,23,Satara,Local,Satara APMC,2000,1000,1500,Maharashtra,Other
30/11/2025,Onion,23,Satara,Local,Satara APMC,2000,1000,1500,Maharashtra,Other
01/11/2025,Onion,23,Satara,Local,Satara APMC,2000,1000,1500,Maharashtra,Other
02/11/2025,Onion,23,Satara,Local,Satara APMC,2000,1000,1500,Maharashtra,Other
03/11/2025,Onion,23,Satara,Local,Satara APMC,2000,1000,1500,Maharashtra,Other
13/11/2025,Onion,23,Satara,Local,Satara APMC,2000,1500,1750,Maharashtra,Other
01/01/2026,Onion,23,Satara,Local,Satara APMC,2200,1000,1600,Maharashtra,Other
03/01/2026,Onion,23,Satara,Local,Satara APMC,2000,1000,1500,Maharashtra,Other
07/01/2026,Onion,23,Satara,Local,Satara APMC,2000,1000,1500,Maharashtra,Other
14/01/2026,Onion,23,Satara,Local,Satara APMC,2000,1800,1900,Maharashtra,Other
21/04/2026,Onion,23,Satara,Local,Satara APMC,1300,700,1000,Maharashtra,Other
26/04/2026,Onion,23,Satara,Local,Satara APMC,1300,1000,1150,Maharashtra,Other
01/04/2026,Onion,23,Satara,Local,Satara APMC,1300,1000,1100,Maharashtra,Other
02/04/2026,Onion,23,Satara,Local,Satara APMC,1300,700,1000,Maharashtra,Other
28/04/2026,Onion,23,Satara,Local,Satara APMC,1300,700,1000,Maharashtra,Other
11/05/2026,Onion,23,Satara,Local,Satara APMC,1300,700,1000,Maharashtra,Other
12/05/2026,Onion,23,Satara,Local,Satara APMC,1300,700,1000,Maharashtra,Other
18/05/2026,Onion,23,Satara,Local,Satara APMC,1200,700,1000,Maharashtra,Other
30/05/2026,Onion,23,Satara,Local,Satara APMC,1300,700,1000,Maharashtra,Other
31/05/2026,Onion,23,Satara,Local,Satara APMC,1900,500,1200,Maharashtra,Other
09/06/2026,Onion,23,Satara,Local,Satara APMC,1900,1000,1500,Maharashtra,Other
10/06/2026,Onion,23,Satara,Local,Satara APMC,1900,500,1200,Maharashtra,Other
29/06/2026,Onion,23,Satara,Local,Satara APMC,3000,1000,2000,Maharashtra,Other
12/07/2026,Onion,23,Satara,Local,Satara APMC,2800,1000,1900,Maharashtra,Other
13/07/2026,Onion,23,Satara,Local,Satara APMC,2800,1000,1900,Maharashtra,Other
23/07/2026,Onion,23,Satara,Local,Satara APMC,2500,1000,1700,Maharashtra,Other
30/07/2026,Onion,23,Satara,Local,Satara APMC,2500,1000,1750,Maharashtra,Other
02/08/2026,Onion,23,Satara,Local,Satara APMC,2500,1000,1700,Maharashtra,Other
03/08/2026,Onion,23,Satara,Local,Satara APMC,2500,1000,1750,Maharashtra,Other
06/08/2026,Onion,23,Satara,Local,Satara APMC,2500,1000,1750,Maharashtra,Other
25/08/2026,Onion,23,Satara,Local,Satara APMC,4500,2000,3250,Maharashtra,Other
09/08/2026,Onion,23,Satara,Local,Satara APMC,2500,1000,1750,Maharashtra,Other
12/08/2026,Onion,23,Satara,Local,Satara APMC,2500,1000,1750,Maharashtra,Other
17/08/2026,Onion,23,Satara,Local,Satara APMC,3500,1500,2500,Maharashtra,Other
18/08/2026,Onion,23,Satara,Local,Satara APMC,3500,2000,2750,Maharashtra,Other
23/08/2026,Onion,23,Satara,Local,Satara APMC,4500,2000,3250,Maharashtra,Other
09/12/2025,Onion,23,Satara,Local,Satara APMC,2000,1000,1500,Maharashtra,Other
10/12/2025,Onion,23,Satara,Local,Satara APMC,2000,1000,1500,Maharashtra,Other
11/12/2025,Onion,23,Satara,Local,Satara APMC,1800,500,1150,Maharashtra,Other
16/12/2025,Onion,23,Satara,Local,Satara APMC,3000,1000,2000,Maharashtra,Other
13/12/2025,Onion,23,Satara,Local,Satara APMC,2500,1000,1750,Maharashtra,Other
10/11/2025,Onion,23,Satara,Local,Satara APMC,2000,1000,1500,Maharashtra,Other
12/11/2025,Onion,23,Satara,Local,Satara APMC,2000,1000,1500,Maharashtra,Other
11/11/2025,Onion,23,Satara,Local,Satara APMC,2000,1000,1500,Maharashtra,Other
27/11/2025,Onion,23,Satara,Local,Satara APMC,2000,1000,1500,Maharashtra,Other
02/02/2026,Onion,23,Satara,Local,Satara APMC,2000,1000,1500,Maharashtra,Other
11/02/2026,Onion,23,Satara,Local,Satara APMC,2000,1000,1500,Maharashtra,Other
17/02/2026,Onion,23,Satara,Local,Satara APMC,2000,1000,1500,Maharashtra,Other
26/02/2026,Onion,23,Satara,Local,Satara APMC,1500,500,1000,Maharashtra,Other
18/02/2026,Onion,23,Satara,Local,Satara APMC,2000,1000,1500,Maharashtra,Other
19/02/2026,Onion,23,Satara,Local,Satara APMC,2000,1000,1500,Maharashtra,Other
05/01/2026,Onion,23,Satara,Local,Satara APMC,2000,1000,1500,Maharashtra,Other
10/01/2026,Onion,23,Satara,Local,Satara APMC,2000,1000,1500,Maharashtra,Other
05/03/2026,Onion,23,Satara,Local,Satara APMC,2000,1000,1500,Maharashtra,Other
15/03/2026,Onion,23,Satara,Local,Satara APMC,1500,500,1000,Maharashtra,Other
17/03/2026,Onion,23,Satara,Local,Satara APMC,1500,500,1000,Maharashtra,Other
28/03/2026,Onion,23,Satara,Local,Satara APMC,1300,700,1000,Maharashtra,Other
29/03/2026,Onion,23,Satara,Local,Satara APMC,1300,700,1000,Maharashtra,Other
30/03/2026,Onion,23,Satara,Local,Satara APMC,1300,700,1000,Maharashtra,Other
25/04/2026,Onion,23,Satara,Local,Satara APMC,1300,1000,1150,Maharashtra,Other
27/04/2026,Onion,23,Satara,Local,Satara APMC,1300,700,1000,Maharashtra,Other
29/04/2026,Onion,23,Satara,Local,Satara APMC,1300,700,1000,Maharashtra,Other
07/04/2026,Onion,23,Satara,Local,Satara APMC,1500,500,1000,Maharashtra,Other
15/04/2026,Onion,23,Satara,Local,Satara APMC,1300,700,1000,Maharashtra,Other
06/05/2026,Onion,23,Satara,Local,Satara APMC,1300,700,1000,Maharashtra,Other
09/05/2026,Onion,23,Satara,Local,Satara APMC,1300,700,1000,Maharashtra,Other
19/05/2026,Onion,23,Satara,Local,Satara APMC,1300,700,1000,Maharashtra,Other
27/05/2026,Onion,23,Satara,Local,Satara APMC,1300,700,1000,Maharashtra,Other
08/06/2026,Onion,23,Satara,Local,Satara APMC,1900,1000,1450,Maharashtra,Other
18/06/2026,Onion,23,Satara,Local,Satara APMC,1900,1000,1500,Maharashtra,Other
24/06/2026,Onion,23,Satara,Local,Satara APMC,1900,1000,1500,Maharashtra,Other
27/06/2026,Onion,23,Satara,Local,Satara APMC,2200,1000,1600,Maharashtra,Other
06/07/2026,Onion,23,Satara,Local,Satara APMC,2700,1000,1850,Maharashtra,Other
26/07/2026,Onion,23,Satara,Local,Satara APMC,2500,1000,1750,Maharashtra,Other
28/07/2026,Onion,23,Satara,Local,Satara APMC,2500,1000,1700,Maharashtra,Other
05/08/2026,Onion,23,Satara,Local,Satara APMC,2500,500,1500,Maharashtra,Other
25/07/2026,Onion,23,Satara,Local,Satara APMC,2500,1000,1750,Maharashtra,Other
22/07/2026,Onion,23,Satara,Local,Satara APMC,2500,1000,1750,Maharashtra,Other
23/03/2026,Onion,23,Satara,Local,Satara APMC,1400,1000,1200,Maharashtra,Other
25/03/2026,Onion,23,Satara,Local,Satara APMC,1300,1000,1150,Maharashtra,Other
04/12/2025,Onion,23,Satara,Local,Satara APMC,1800,1000,1400,Maharashtra,Other
24/12/2025,Onion,23,Satara,Local,Satara APMC,1500,1000,1250,Maharashtra,Other
08/03/2026,Onion,23,Satara,Local,Satara APMC,1600,1000,1300,Maharashtra,Other
06/01/2026,Onion,23,Satara,Local,Satara APMC,2000,1000,1500,Maharashtra,Other
15/01/2026,Onion,23,Satara,Local,Satara APMC,2000,500,1250,Maharashtra,Other
18/01/2026,Onion,23,Satara,Local,Satara APMC,2000,500,1250,Maharashtra,Other
25/01/2026,Onion,23,Satara,Local,Satara APMC,2000,1000,1500,Maharashtra,Other
28/01/2026,Onion,23,Satara,Local,Satara APMC,2000,1000,1500,Maharashtra,Other
17/01/2026,Onion,23,Satara,Local,Satara APMC,2000,500,1250,Maharashtra,Other
22/01/2026,Onion,23,Satara,Local,Satara APMC,2000,1000,1500,Maharashtra,Other
27/01/2026,Onion,23,Satara,Local,Satara APMC,2000,1000,1500,Maharashtra,Other
01/02/2026,Onion,23,Satara,Local,Satara APMC,2000,1000,1500,Maharashtra,Other
03/02/2026,Onion,23,Satara,Local,Satara APMC,2000,500,1250,Maharashtra,Other
23/02/2026,Onion,23,Satara,Local,Satara APMC,1500,1000,1250,Maharashtra,Other
24/02/2026,Onion,23,Satara,Local,Satara APMC,1500,1000,1250,Maharashtra,Other
16/11/2025,Onion,23,Satara,Local,Satara APMC,1800,1000,1400,Maharashtra,Other
19/11/2025,Onion,23,Satara,Local,Satara APMC,1800,1500,1650,Maharashtra,Other
05/11/2025,Onion,23,Satara,Local,Satara APMC,2000,1000,1500,Maharashtra,Other
07/05/2026,Onion,23,Satara,Local,Satara APMC,1300,700,1000,Maharashtra,Other
14/05/2026,Onion,23,Satara,Local,Satara APMC,1300,700,1000,Maharashtra,Other
20/05/2026,Onion,23,Satara,Local,Satara APMC,1300,700,1000,Maharashtra,Other
21/05/2026,Onion,23,Satara,Local,Satara APMC,1300,700,1000,Maharashtra,Other
25/05/2026,Onion,23,Satara,Local,Satara APMC,1200,500,850,Maharashtra,Other
26/05/2026,Onion,23,Satara,Local,Satara APMC,1200,500,850,Maharashtra,Other
22/04/2026,Onion,23,Satara,Local,Satara APMC,1300,700,1000,Maharashtra,Other
06/04/2026,Onion,23,Satara,Local,Satara APMC,1300,700,1000,Maharashtra,Other
12/04/2026,Onion,23,Satara,Local,Satara APMC,1300,1000,1100,Maharashtra,Other
06/06/2026,Onion,23,Satara,Local,Satara APMC,1900,1000,1500,Maharashtra,Other
07/06/2026,Onion,23,Satara,Local,Satara APMC,1900,1000,1500,Maharashtra,Other
14/06/2026,Onion,23,Satara,Local,Satara APMC,1900,1000,1450,Maharashtra,Other
20/06/2026,Onion,23,Satara,Local,Satara APMC,1900,1000,1400,Maharashtra,Other
17/06/2026,Onion,23,Satara,Local,Satara APMC,1900,1000,1400,Maharashtra,Other
25/06/2026,Onion,23,Satara,Local,Satara APMC,2400,1000,1700,Maharashtra,Other
30/06/2026,Onion,23,Satara,Local,Satara APMC,3000,1000,1500,Maharashtra,Other
11/07/2026,Onion,23,Satara,Local,Satara APMC,2800,1000,1900,Maharashtra,Other
02/07/2026,Onion,23,Satara,Local,Satara APMC,3000,1000,2000,Maharashtra,Other
07/07/2026,Onion,23,Satara,Local,Satara APMC,2700,1000,1850,Maharashtra,Other
19/07/2026,Onion,23,Satara,Local,Satara APMC,2500,1000,1700,Maharashtra,Other
21/07/2026,Onion,23,Satara,Local,Satara APMC,2500,1000,1750,Maharashtra,Other
29/07/2026,Onion,23,Satara,Local,Satara APMC,2500,1000,1750,Maharashtra,Other
04/08/2026,Onion,23,Satara,Local,Satara APMC,2500,1000,1750,Maharashtra,Other
21/01/2009,Onion,23,Satara,FAQ,Vaduj,1525,750,1150,Maharashtra,Other
11/02/2009,Onion,23,Satara,FAQ,Vaduj,1150,900,1000,Maharashtra,Other
18/02/2009,Onion,23,Satara,FAQ,Vaduj,1050,850,950,Maharashtra,Other
25/02/2009,Onion,23,Satara,FAQ,Vaduj,1250,925,1075,Maharashtra,Other
20/03/2008,Onion,23,Satara,FAQ,Vaduj,335,200,275,Maharashtra,Other
23/08/2025,Onion,23,Satara,Local,Vaduj,2000,1000,1500,Maharashtra,Red
16/08/2025,Onion,23,Satara,Local,Vaduj,2000,1000,1500,Maharashtra,Red
21/03/2008,Onion,23,Satara,FAQ,Vaduj,320,200,270,Maharashtra,Other
30/03/2008,Onion,23,Satara,FAQ,Vaduj,335,250,300,Maharashtra,Other
16/04/2008,Onion,23,Satara,FAQ,Vaduj,325,200,260,Maharashtra,Other
28/01/2009,Onion,23,Satara,FAQ,Vaduj,1250,900,1050,Maharashtra,Other
04/03/2009,Onion,23,Satara,FAQ,Vaduj,1000,800,900,Maharashtra,Other
06/09/2025,Onion,23,Satara,Local,Vaduj,2000,1000,1500,Maharashtra,Red
05/07/2025,Onion,23,Satara,Local,Vaduj,2000,1000,1500,Maharashtra,Red
19/07/2025,Onion,23,Satara,Local,Vaduj,2000,1000,1500,Maharashtra,Red
01/11/2025,Onion,23,Satara,Local,Vaduj,2000,1000,1500,Maharashtra,Red
11/01/2009,Onion,23,Satara,FAQ,Vaduj,1500,1200,1350,Maharashtra,Other
01/02/2009,Onion,23,Satara,FAQ,Vaduj,1250,900,1050,Maharashtra,Other
15/02/2009,Onion,23,Satara,FAQ,Vaduj,1200,900,1100,Maharashtra,Other
22/02/2009,Onion,23,Satara,FAQ,Vaduj,1250,900,1100,Maharashtra,Other
27/03/2008,Onion,23,Satara,FAQ,Vaduj,365,250,305,Maharashtra,Other
28/03/2008,Onion,23,Satara,FAQ,Vaduj,380,255,335,Maharashtra,Other
06/04/2008,Onion,23,Satara,FAQ,Vaduj,350,250,300,Maharashtra,Other
13/04/2008,Onion,23,Satara,FAQ,Vaduj,350,235,250,Maharashtra,Other
20/04/2008,Onion,23,Satara,FAQ,Vaduj,250,200,230,Maharashtra,Other
12/07/2025,Onion,23,Satara,Local,Vaduj,2000,1000,1500,Maharashtra,Red
20/09/2025,Onion,23,Satara,Local,Vaduj,2000,1000,1500,Maharashtra,Red
02/08/2025,Onion,23,Satara,Local,Vaduj,2000,1000,1500,Maharashtra,Red
30/08/2025,Onion,23,Satara,Local,Vaduj,2000,1000,1500,Maharashtra,Red
18/10/2025,Onion,23,Satara,Local,Vaduj,2000,1000,1500,Maharashtra,Red
25/01/2009,Onion,23,Satara,FAQ,Vaduj,1435,1000,1300,Maharashtra,Other
23/03/2008,Onion,23,Satara,FAQ,Vaduj,335,250,290,Maharashtra,Other
24/03/2008,Onion,23,Satara,FAQ,Vaduj,309,250,275,Maharashtra,Other
25/03/2008,Onion,23,Satara,FAQ,Vaduj,309,250,275,Maharashtra,Other
26/03/2008,Onion,23,Satara,FAQ,Vaduj,365,265,325,Maharashtra,Other
29/03/2008,Onion,23,Satara,FAQ,Vaduj,355,250,305,Maharashtra,Other
31/03/2008,Onion,23,Satara,FAQ,Vaduj,345,255,305,Maharashtra,Other
09/04/2008,Onion,23,Satara,FAQ,Vaduj,330,250,290,Maharashtra,Other
13/09/2025,Onion,23,Satara,Local,Vaduj,2000,1000,1500,Maharashtra,Red
04/10/2025,Onion,23,Satara,Local,Vaduj,2000,1000,1500,Maharashtra,Red
27/09/2025,Onion,23,Satara,Local,Vaduj,2000,1000,1500,Maharashtra,Red
04/02/2009,Onion,23,Satara,FAQ,Vaduj,1350,1000,1150,Maharashtra,Other
08/02/2009,Onion,23,Satara,FAQ,Vaduj,1235,900,1050,Maharashtra,Other
15/03/2009,Onion,23,Satara,FAQ,Vaduj,750,600,700,Maharashtra,Other
24/02/2026,Onion,23,Satara,Local,Vaduj APMC,1400,500,1000,Maharashtra,Local
25/02/2026,Onion,23,Satara,Local,Vaduj APMC,1300,500,900,Maharashtra,Local
28/02/2026,Onion,23,Satara,Local,Vaduj APMC,1500,500,1000,Maharashtra,Local
01/02/2026,Onion,23,Satara,Local,Vaduj APMC,2000,1000,1500,Maharashtra,Local
13/01/2026,Onion,23,Satara,Local,Vaduj APMC,2000,1000,1500,Maharashtra,Local
20/01/2026,Onion,23,Satara,Local,Vaduj APMC,2000,500,1500,Maharashtra,Local
31/01/2026,Onion,23,Satara,Local,Vaduj APMC,1800,1000,1500,Maharashtra,Local
06/12/2025,Onion,23,Satara,Local,Vaduj APMC,2000,1000,1500,Maharashtra,Red
09/03/2026,Onion,23,Satara,Local,Vaduj APMC,1500,500,1000,Maharashtra,Local
10/03/2026,Onion,23,Satara,Local,Vaduj APMC,1400,500,1000,Maharashtra,Local
07/03/2026,Onion,23,Satara,Local,Vaduj APMC,1500,500,1000,Maharashtra,Local
14/03/2026,Onion,23,Satara,Local,Vaduj APMC,1500,500,1000,Maharashtra,Local
17/03/2026,Onion,23,Satara,Local,Vaduj APMC,1400,500,900,Maharashtra,Local
24/03/2026,Onion,23,Satara,Local,Vaduj APMC,1100,500,800,Maharashtra,Local
02/04/2026,Onion,23,Satara,Local,Vaduj APMC,1200,1000,1100,Maharashtra,Local
07/04/2026,Onion,23,Satara,Local,Vaduj APMC,1200,500,800,Maharashtra,Local
18/04/2026,Onion,23,Satara,Local,Vaduj APMC,1000,500,800,Maharashtra,Local
26/04/2026,Onion,23,Satara,Local,Vaduj APMC,800,100,500,Maharashtra,Local
25/04/2026,Onion,23,Satara,Local,Vaduj APMC,1100,400,800,Maharashtra,Local
27/04/2026,Onion,23,Satara,Local,Vaduj APMC,900,100,500,Maharashtra,Local
29/04/2026,Onion,23,Satara,Local,Vaduj APMC,1200,100,800,Maharashtra,Local
28/04/2026,Onion,23,Satara,Local,Vaduj APMC,1000,100,500,Maharashtra,Local
26/05/2026,Onion,23,Satara,Local,Vaduj APMC,1650,200,850,Maharashtra,Local
04/06/2026,Onion,23,Satara,Local,Vaduj APMC,2200,500,1500,Maharashtra,Local
10/06/2026,Onion,23,Satara,Local,Vaduj APMC,2000,500,1200,Maharashtra,Local
11/06/2026,Onion,23,Satara,Local,Vaduj APMC,2000,1000,1500,Maharashtra,Local
16/06/2026,Onion,23,Satara,Local,Vaduj APMC,1300,500,900,Maharashtra,Local
23/06/2026,Onion,23,Satara,Local,Vaduj APMC,2300,1500,1900,Maharashtra,Local
30/06/2026,Onion,23,Satara,Local,Vaduj APMC,2500,1000,1200,Maharashtra,Local
05/07/2026,Onion,23,Satara,Local,Vaduj APMC,2700,500,1500,Maharashtra,Local
08/07/2026,Onion,23,Satara,Local,Vaduj APMC,3000,2000,2500,Maharashtra,Local
01/08/2026,Onion,23,Satara,Local,Vaduj APMC,2800,2000,2500,Maharashtra,Local
03/08/2026,Onion,23,Satara,Local,Vaduj APMC,2800,2000,2500,Maharashtra,Local
06/08/2026,Onion,23,Satara,Local,Vaduj APMC,2700,1000,1800,Maharashtra,Local
10/08/2026,Onion,23,Satara,Local,Vaduj APMC,3000,1500,2500,Maharashtra,Local
15/08/2026,Onion,23,Satara,Local,Vaduj APMC,3000,2000,2500,Maharashtra,Local
23/08/2026,Onion,23,Satara,Local,Vaduj APMC,4200,3500,3900,Maharashtra,Local
03/01/2026,Onion,23,Satara,Local,Vaduj APMC,2200,100,1500,Maharashtra,Local
05/01/2026,Onion,23,Satara,Local,Vaduj APMC,2000,500,1500,Maharashtra,Local
12/01/2026,Onion,23,Satara,Local,Vaduj APMC,2000,1000,1500,Maharashtra,Local
27/01/2026,Onion,23,Satara,Local,Vaduj APMC,2000,1000,1500,Maharashtra,Local
24/01/2026,Onion,23,Satara,Local,Vaduj APMC,2000,500,1500,Maharashtra,Local
12/02/2026,Onion,23,Satara,Local,Vaduj APMC,1500,500,1000,Maharashtra,Local
16/02/2026,Onion,23,Satara,Local,Vaduj APMC,1500,500,1000,Maharashtra,Local
17/02/2026,Onion,23,Satara,Local,Vaduj APMC,1300,1000,1200,Maharashtra,Local
23/02/2026,Onion,23,Satara,Local,Vaduj APMC,1300,500,900,Maharashtra,Local
21/02/2026,Onion,23,Satara,Local,Vaduj APMC,1500,1000,1300,Maharashtra,Local
08/03/2026,Onion,23,Satara,Local,Vaduj APMC,1400,500,900,Maharashtra,Local
21/03/2026,Onion,23,Satara,Local,Vaduj APMC,1000,500,700,Maharashtra,Local
23/03/2026,Onion,23,Satara,Local,Vaduj APMC,1200,500,800,Maharashtra,Local
29/03/2026,Onion,23,Satara,Local,Vaduj APMC,1200,500,800,Maharashtra,Local
30/03/2026,Onion,23,Satara,Local,Vaduj APMC,1200,500,800,Maharashtra,Local
22/11/2025,Onion,23,Satara,Local,Vaduj APMC,2000,1000,1500,Maharashtra,Red
29/11/2025,Onion,23,Satara,Local,Vaduj APMC,2000,1000,1500,Maharashtra,Red
08/04/2026,Onion,23,Satara,Local,Vaduj APMC,1200,500,800,Maharashtra,Local
09/04/2026,Onion,23,Satara,Local,Vaduj APMC,1100,500,800,Maharashtra,Local
16/04/2026,Onion,23,Satara,Local,Vaduj APMC,1000,200,600,Maharashtra,Local
14/04/2026,Onion,23,Satara,Local,Vaduj APMC,1200,500,1000,Maharashtra,Local
20/04/2026,Onion,23,Satara,Local,Vaduj APMC,1000,200,600,Maharashtra,Local
30/04/2026,Onion,23,Satara,Local,Vaduj APMC,900,100,500,Maharashtra,Local
07/05/2026,Onion,23,Satara,Local,Vaduj APMC,1300,500,900,Maharashtra,Local
04/05/2026,Onion,23,Satara,Local,Vaduj APMC,1300,500,900,Maharashtra,Local
13/05/2026,Onion,23,Satara,Local,Vaduj APMC,1200,200,600,Maharashtra,Local
21/05/2026,Onion,23,Satara,Local,Vaduj APMC,1200,200,800,Maharashtra,Local
23/05/2026,Onion,23,Satara,Local,Vaduj APMC,1500,200,800,Maharashtra,Local
27/05/2026,Onion,23,Satara,Local,Vaduj APMC,1800,200,800,Maharashtra,Local
28/05/2026,Onion,23,Satara,Local,Vaduj APMC,1800,200,900,Maharashtra,Local
03/06/2026,Onion,23,Satara,Local,Vaduj APMC,2200,500,1500,Maharashtra,Local
08/06/2026,Onion,23,Satara,Local,Vaduj APMC,2000,500,1500,Maharashtra,Local
09/06/2026,Onion,23,Satara,Local,Vaduj APMC,2000,500,1200,Maharashtra,Local
22/06/2026,Onion,23,Satara,Local,Vaduj APMC,2200,500,1500,Maharashtra,Local
20/06/2026,Onion,23,Satara,Local,Vaduj APMC,2500,1000,1600,Maharashtra,Local
09/07/2026,Onion,23,Satara,Local,Vaduj APMC,2800,2000,2500,Maharashtra,Local
15/07/2026,Onion,23,Satara,Local,Vaduj APMC,2800,2000,2400,Maharashtra,Local
19/07/2026,Onion,23,Satara,Local,Vaduj APMC,2700,2000,2400,Maharashtra,Local
29/07/2026,Onion,23,Satara,Local,Vaduj APMC,2800,1000,2000,Maharashtra,Local
28/07/2026,Onion,23,Satara,Local,Vaduj APMC,3000,2000,2500,Maharashtra,Local
30/07/2026,Onion,23,Satara,Local,Vaduj APMC,2600,1000,1800,Maharashtra,Local
19/08/2026,Onion,23,Satara,Local,Vaduj APMC,5100,3500,4200,Maharashtra,Local
03/02/2026,Onion,23,Satara,Local,Vaduj APMC,1500,500,1000,Maharashtra,Local
04/02/2026,Onion,23,Satara,Local,Vaduj APMC,1500,500,1000,Maharashtra,Local
09/02/2026,Onion,23,Satara,Local,Vaduj APMC,1500,500,1000,Maharashtra,Local
15/03/2026,Onion,23,Satara,Local,Vaduj APMC,1500,500,1000,Maharashtra,Local
18/03/2026,Onion,23,Satara,Local,Vaduj APMC,1450,500,950,Maharashtra,Local
28/03/2026,Onion,23,Satara,Local,Vaduj APMC,1200,500,800,Maharashtra,Local
20/12/2025,Onion,23,Satara,Local,Vaduj APMC,3000,1000,2000,Maharashtra,Local
01/01/2026,Onion,23,Satara,Local,Vaduj APMC,1700,100,1500,Maharashtra,Local
06/01/2026,Onion,23,Satara,Local,Vaduj APMC,2000,500,1500,Maharashtra,Local
08/01/2026,Onion,23,Satara,Local,Vaduj APMC,2000,1000,1500,Maharashtra,Local
22/01/2026,Onion,23,Satara,Local,Vaduj APMC,2000,900,1500,Maharashtra,Local
04/04/2026,Onion,23,Satara,Local,Vaduj APMC,1000,500,800,Maharashtra,Local
05/04/2026,Onion,23,Satara,Local,Vaduj APMC,1000,500,800,Maharashtra,Local
19/04/2026,Onion,23,Satara,Local,Vaduj APMC,1200,200,800,Maharashtra,Local
21/04/2026,Onion,23,Satara,Local,Vaduj APMC,800,100,600,Maharashtra,Local
22/04/2026,Onion,23,Satara,Local,Vaduj APMC,900,100,500,Maharashtra,Local
23/04/2026,Onion,23,Satara,Local,Vaduj APMC,1000,100,500,Maharashtra,Local
06/05/2026,Onion,23,Satara,Local,Vaduj APMC,1300,500,800,Maharashtra,Local
14/05/2026,Onion,23,Satara,Local,Vaduj APMC,1300,200,700,Maharashtra,Local
02/06/2026,Onion,23,Satara,Local,Vaduj APMC,2200,500,1500,Maharashtra,Local
06/06/2026,Onion,23,Satara,Local,Vaduj APMC,1800,500,1200,Maharashtra,Local
17/06/2026,Onion,23,Satara,Local,Vaduj APMC,2400,1500,2000,Maharashtra,Local
04/07/2026,Onion,23,Satara,Local,Vaduj APMC,2700,1500,2200,Maharashtra,Local
18/07/2026,Onion,23,Satara,Local,Vaduj APMC,2800,2000,2400,Maharashtra,Local
21/07/2026,Onion,23,Satara,Local,Vaduj APMC,2700,2000,2300,Maharashtra,Local
23/07/2026,Onion,23,Satara,Local,Vaduj APMC,2700,2000,2400,Maharashtra,Local
25/07/2026,Onion,23,Satara,FAQ,Vaduj APMC,2500,1500,2000,Maharashtra,Local
02/08/2026,Onion,23,Satara,Local,Vaduj APMC,2800,2000,2400,Maharashtra,Local
09/08/2026,Onion,23,Satara,Local,Vaduj APMC,3000,2000,2500,Maharashtra,Local
13/08/2026,Onion,23,Satara,Local,Vaduj APMC,3000,2000,2500,Maharashtra,Local
12/08/2026,Onion,23,Satara,Local,Vaduj APMC,2700,1500,2200,Maharashtra,Local
20/08/2026,Onion,23,Satara,Local,Vaduj APMC,4500,3500,4000,Maharashtra,Local
18/08/2026,Onion,23,Satara,Local,Vaduj APMC,4200,3000,3600,Maharashtra,Local
24/08/2026,Onion,23,Satara,Local,Vaduj APMC,4500,3000,4000,Maharashtra,Local
27/12/2025,Onion,23,Satara,Local,Vaduj APMC,2100,500,1500,Maharashtra,Local
30/12/2025,Onion,23,Satara,Local,Vaduj APMC,2000,1000,1500,Maharashtra,Local
15/11/2025,Onion,23,Satara,Local,Vaduj APMC,2000,1000,1500,Maharashtra,Red
08/11/2025,Onion,23,Satara,Local,Vaduj APMC,2000,1000,1500,Maharashtra,Red
01/11/2025,Onion,23,Satara,Local,Vaduj APMC,2000,1000,1500,Maharashtra,Red
02/02/2026,Onion,23,Satara,Local,Vaduj APMC,1350,1000,1250,Maharashtra,Local
05/02/2026,Onion,23,Satara,Local,Vaduj APMC,1700,500,1200,Maharashtra,Local
10/01/2026,Onion,23,Satara,Local,Vaduj APMC,2000,1000,1500,Maharashtra,Local
17/01/2026,Onion,23,Satara,Local,Vaduj APMC,2000,1000,1500,Maharashtra,Local
21/01/2026,Onion,23,Satara,Local,Vaduj APMC,2200,1000,1600,Maharashtra,Local
07/01/2026,Onion,23,Satara,Local,Vaduj APMC,2000,1000,1500,Maharashtra,Local
04/03/2026,Onion,23,Satara,Local,Vaduj APMC,1300,500,900,Maharashtra,Local
12/03/2026,Onion,23,Satara,Local,Vaduj APMC,1500,500,1000,Maharashtra,Local
16/03/2026,Onion,23,Satara,Local,Vaduj APMC,1500,500,1000,Maharashtra,Local
22/03/2026,Onion,23,Satara,Local,Vaduj APMC,1200,500,800,Maharashtra,Local
25/03/2026,Onion,23,Satara,Local,Vaduj APMC,1300,500,800,Maharashtra,Local
11/04/2026,Onion,23,Satara,Local,Vaduj APMC,1400,500,900,Maharashtra,Local
13/04/2026,Onion,23,Satara,Local,Vaduj APMC,1400,700,1000,Maharashtra,Local
15/04/2026,Onion,23,Satara,Local,Vaduj APMC,1200,300,800,Maharashtra,Local
02/05/2026,Onion,23,Satara,Local,Vaduj APMC,900,100,500,Maharashtra,Local
17/05/2026,Onion,23,Satara,Local,Vaduj APMC,1000,500,800,Maharashtra,Local
16/05/2026,Onion,23,Satara,Local,Vaduj APMC,1400,200,800,Maharashtra,Local
24/05/2026,Onion,23,Satara,Local,Vaduj APMC,1500,200,800,Maharashtra,Local
18/05/2026,Onion,23,Satara,Local,Vaduj APMC,1400,500,900,Maharashtra,Local
25/05/2026,Onion,23,Satara,Local,Vaduj APMC,1500,200,800,Maharashtra,Local
31/05/2026,Onion,23,Satara,Local,Vaduj APMC,1800,500,1000,Maharashtra,Local
01/06/2026,Onion,23,Satara,Local,Vaduj APMC,2000,400,1500,Maharashtra,Local
13/06/2026,Onion,23,Satara,Local,Vaduj APMC,1800,1000,1500,Maharashtra,Local
15/06/2026,Onion,23,Satara,Local,Vaduj APMC,1600,500,1200,Maharashtra,Local
21/06/2026,Onion,23,Satara,Local,Vaduj APMC,2000,1000,1500,Maharashtra,Local
25/06/2026,Onion,23,Satara,Local,Vaduj APMC,1900,1000,1500,Maharashtra,Local
24/06/2026,Onion,23,Satara,Local,Vaduj APMC,2200,1500,1800,Maharashtra,Local
02/07/2026,Onion,23,Satara,Local,Vaduj APMC,2500,1000,1600,Maharashtra,Local
01/07/2026,Onion,23,Satara,Local,Vaduj APMC,2500,1000,1500,Maharashtra,Local
16/07/2026,Onion,23,Satara,Local,Vaduj APMC,2800,2000,2400,Maharashtra,Local
20/07/2026,Onion,23,Satara,Local,Vaduj APMC,2800,2000,2400,Maharashtra,Local
22/07/2026,Onion,23,Satara,Local,Vaduj APMC,3000,2000,2500,Maharashtra,Local
26/07/2026,Onion,23,Satara,Local,Vaduj APMC,2800,2000,2400,Maharashtra,Local
05/08/2026,Onion,23,Satara,Local,Vaduj APMC,3000,2000,2500,Maharashtra,Local
08/08/2026,Onion,23,Satara,Local,Vaduj APMC,3000,2000,2500,Maharashtra,Local
11/08/2026,Onion,23,Satara,Local,Vaduj APMC,3000,2000,2500,Maharashtra,Local
22/08/2026,Onion,23,Satara,Local,Vaduj APMC,4000,3500,3800,Maharashtra,Local
25/08/2026,Onion,23,Satara,Local,Vaduj APMC,4600,3000,3900,Maharashtra,Local
13/12/2025,Onion,23,Satara,Local,Vaduj APMC,2700,500,2000,Maharashtra,Red
01/03/2026,Onion,23,Satara,Local,Vaduj APMC,1300,500,1000,Maharashtra,Local
02/03/2026,Onion,23,Satara,Local,Vaduj APMC,1300,500,800,Maharashtra,Local
05/03/2026,Onion,23,Satara,Local,Vaduj APMC,1300,500,800,Maharashtra,Local
11/03/2026,Onion,23,Satara,Local,Vaduj APMC,1500,500,1000,Maharashtra,Local
25/01/2026,Onion,23,Satara,Local,Vaduj APMC,2000,800,1500,Maharashtra,Local
07/02/2026,Onion,23,Satara,Local,Vaduj APMC,1500,500,1200,Maharashtra,Local
08/02/2026,Onion,23,Satara,Local,Vaduj APMC,1800,500,1400,Maharashtra,Local
18/02/2026,Onion,23,Satara,Local,Vaduj APMC,1500,500,1000,Maharashtra,Local
14/02/2026,Onion,23,Satara,Local,Vaduj APMC,1400,500,1000,Maharashtra,Local
22/02/2026,Onion,23,Satara,Local,Vaduj APMC,1300,500,900,Maharashtra,Local
31/12/2025,Onion,23,Satara,Local,Vaduj APMC,1500,700,1000,Maharashtra,Local
05/05/2026,Onion,23,Satara,Local,Vaduj APMC,1200,800,1000,Maharashtra,Local
19/05/2026,Onion,23,Satara,Local,Vaduj APMC,1350,500,850,Maharashtra,Local
20/05/2026,Onion,23,Satara,Local,Vaduj APMC,1200,500,800,Maharashtra,Local
30/05/2026,Onion,23,Satara,Local,Vaduj APMC,1700,500,1100,Maharashtra,Local
01/04/2026,Onion,23,Satara,Local,Vaduj APMC,1300,500,800,Maharashtra,Local
03/04/2026,Onion,23,Satara,Local,Vaduj APMC,1000,500,800,Maharashtra,Local
06/04/2026,Onion,23,Satara,Local,Vaduj APMC,1200,500,800,Maharashtra,Local
14/06/2026,Onion,23,Satara,Local,Vaduj APMC,1800,500,1200,Maharashtra,Local
18/06/2026,Onion,23,Satara,Local,Vaduj APMC,2400,1800,2100,Maharashtra,Local
06/07/2026,Onion,23,Satara,Local,Vaduj APMC,3000,200,2000,Maharashtra,Local
07/07/2026,Onion,23,Satara,Local,Vaduj APMC,3000,500,1500,Maharashtra,Local
11/07/2026,Onion,23,Satara,Local,Vaduj APMC,2800,1500,2200,Maharashtra,Local
13/07/2026,Onion,23,Satara,Local,Vaduj APMC,2800,2000,2400,Maharashtra,Local
14/07/2026,Onion,23,Satara,Local,Vaduj APMC,2600,1000,2100,Maharashtra,Local
27/07/2026,Onion,23,Satara,Local,Vaduj APMC,2600,2000,2400,Maharashtra,Local
04/08/2026,Onion,23,Satara,Local,Vaduj APMC,3000,2000,2500,Maharashtra,Local
16/08/2026,Onion,23,Satara,Local,Vaduj APMC,3700,2000,3000,Maharashtra,Local
17/08/2026,Onion,23,Satara,Local,Vaduj APMC,3700,2000,3000,Maharashtra,Local
31/08/2015,Onion,23,Satara,FAQ,Vai,5000,4000,4780,Maharashtra,Local
16/05/2016,Onion,23,Satara,FAQ,Vai,800,600,700,Maharashtra,Local
24/10/2016,Onion,23,Satara,FAQ,Vai,800,500,740,Maharashtra,Local
31/10/2016,Onion,23,Satara,FAQ,Vai,900,500,840,Maharashtra,Local
08/11/2016,Onion,23,Satara,FAQ,Vai,700,500,630,Maharashtra,Local
21/11/2016,Onion,23,Satara,FAQ,Vai,1200,400,600,Maharashtra,Local
28/11/2016,Onion,23,Satara,FAQ,Vai,1000,400,900,Maharashtra,Local
05/12/2016,Onion,23,Satara,FAQ,Vai,1000,400,840,Maharashtra,Local
19/12/2016,Onion,23,Satara,FAQ,Vai,1200,400,1000,Maharashtra,Local
28/12/2016,Onion,23,Satara,FAQ,Vai,1200,400,1100,Maharashtra,Local
09/01/2017,Onion,23,Satara,FAQ,Vai,1100,400,900,Maharashtra,Local
30/01/2017,Onion,23,Satara,FAQ,Vai,900,200,700,Maharashtra,Local
27/02/2017,Onion,23,Satara,FAQ,Vai,800,400,650,Maharashtra,Local
13/03/2017,Onion,23,Satara,FAQ,Vai,700,400,650,Maharashtra,Local
10/07/2017,Onion,23,Satara,FAQ,Vai,700,200,550,Maharashtra,Local
18/09/2017,Onion,23,Satara,FAQ,Vai,2000,1000,1700,Maharashtra,Local
16/10/2017,Onion,23,Satara,FAQ,Vai,2700,1200,2450,Maharashtra,Local
30/10/2017,Onion,23,Satara,FAQ,Vai,2700,1500,2250,Maharashtra,Local
04/12/2017,Onion,23,Satara,FAQ,Vai,3500,1000,3350,Maharashtra,Local
07/02/2006,Onion,23,Satara,FAQ,Vai,300,200,250,Maharashtra,Other
16/02/2006,Onion,23,Satara,FAQ,Vai,300,200,250,Maharashtra,Other
17/02/2006,Onion,23,Satara,FAQ,Vai,300,200,250,Maharashtra,Other
21/02/2006,Onion,23,Satara,FAQ,Vai,350,300,325,Maharashtra,Other
01/03/2006,Onion,23,Satara,FAQ,Vai,400,300,350,Maharashtra,Other
09/03/2006,Onion,23,Satara,FAQ,Vai,300,250,275,Maharashtra,Other
14/03/2006,Onion,23,Satara,FAQ,Vai,250,200,225,Maharashtra,Other
24/04/2006,Onion,23,Satara,FAQ,Vai,300,200,250,Maharashtra,Other
29/05/2006,Onion,23,Satara,FAQ,Vai,250,225,235,Maharashtra,Other
26/06/2006,Onion,23,Satara,FAQ,Vai,350,300,325,Maharashtra,Other
10/07/2006,Onion,23,Satara,FAQ,Vai,300,200,250,Maharashtra,Other
24/07/2006,Onion,23,Satara,FAQ,Vai,300,200,250,Maharashtra,Other
31/07/2006,Onion,23,Satara,FAQ,Vai,300,200,250,Maharashtra,Other
30/10/2006,Onion,23,Satara,FAQ,Vai,550,500,525,Maharashtra,Other
06/11/2006,Onion,23,Satara,FAQ,Vai,550,250,400,Maharashtra,Other
18/12/2006,Onion,23,Satara,FAQ,Vai,600,400,500,Maharashtra,Other
02/07/2024,Onion,23,Satara,FAQ,Vai,2900,1500,2400,Maharashtra,Local
03/07/2024,Onion,23,Satara,FAQ,Vai,3000,1500,2200,Maharashtra,Local
12/07/2024,Onion,23,Satara,FAQ,Vai,3000,1500,2500,Maharashtra,Local
01/08/2024,Onion,23,Satara,FAQ,Vai,3000,1500,2500,Maharashtra,Local
05/08/2024,Onion,23,Satara,FAQ,Vai,3000,1500,2500,Maharashtra,Local
06/08/2024,Onion,23,Satara,FAQ,Vai,3000,1500,2500,Maharashtra,Local
14/08/2024,Onion,23,Satara,FAQ,Vai,3200,1500,2500,Maharashtra,Local
23/08/2024,Onion,23,Satara,FAQ,Vai,4000,2000,3200,Maharashtra,Local
27/08/2024,Onion,23,Satara,FAQ,Vai,4500,2000,3800,Maharashtra,Local
05/01/2008,Onion,23,Satara,FAQ,Vai,600,500,550,Maharashtra,Other
08/01/2008,Onion,23,Satara,FAQ,Vai,500,400,450,Maharashtra,Other
11/01/2008,Onion,23,Satara,FAQ,Vai,500,400,450,Maharashtra,Other
16/01/2008,Onion,23,Satara,FAQ,Vai,600,500,550,Maharashtra,Other
23/01/2008,Onion,23,Satara,FAQ,Vai,500,400,450,Maharashtra,Other
24/01/2008,Onion,23,Satara,FAQ,Vai,400,300,350,Maharashtra,Other
24/11/2008,Onion,23,Satara,FAQ,Vai,1200,900,1000,Maharashtra,Other
03/06/2024,Onion,23,Satara,FAQ,Vai,2800,1200,2200,Maharashtra,Local
09/06/2024,Onion,23,Satara,FAQ,Vai,2500,1000,1800,Maharashtra,Local
23/06/2024,Onion,23,Satara,FAQ,Vai,3200,1500,2700,Maharashtra,Local
04/12/2004,Onion,23,Satara,FAQ,Vai,500,400,450,Maharashtra,Other
01/01/2007,Onion,23,Satara,FAQ,Vai,1200,1000,1100,Maharashtra,Other
08/01/2007,Onion,23,Satara,FAQ,Vai,1000,700,850,Maharashtra,Other
19/01/2007,Onion,23,Satara,FAQ,Vai,1000,800,900,Maharashtra,Other
29/01/2007,Onion,23,Satara,FAQ,Vai,1000,800,900,Maharashtra,Other
15/02/2007,Onion,23,Satara,FAQ,Vai,1000,800,900,Maharashtra,Other
18/02/2007,Onion,23,Satara,FAQ,Vai,1000,800,900,Maharashtra,Other
25/02/2007,Onion,23,Satara,FAQ,Vai,1000,700,850,Maharashtra,Other
27/02/2007,Onion,23,Satara,FAQ,Vai,500,400,450,Maharashtra,Other
28/02/2007,Onion,23,Satara,FAQ,Vai,800,700,750,Maharashtra,Other
02/03/2007,Onion,23,Satara,FAQ,Vai,700,500,600,Maharashtra,Other
02/04/2007,Onion,23,Satara,FAQ,Vai,600,500,500,Maharashtra,Other
09/04/2007,Onion,23,Satara,FAQ,Vai,600,400,500,Maharashtra,Other
18/04/2007,Onion,23,Satara,FAQ,Vai,500,400,450,Maharashtra,Other
28/04/2007,Onion,23,Satara,FAQ,Vai,500,400,450,Maharashtra,Other
16/05/2007,Onion,23,Satara,FAQ,Vai,500,400,450,Maharashtra,Other
29/05/2007,Onion,23,Satara,FAQ,Vai,600,500,550,Maharashtra,Other
31/05/2007,Onion,23,Satara,FAQ,Vai,600,500,550,Maharashtra,Other
05/06/2007,Onion,23,Satara,FAQ,Vai,600,500,550,Maharashtra,Other
07/06/2007,Onion,23,Satara,FAQ,Vai,700,500,600,Maharashtra,Other
30/06/2007,Onion,23,Satara,FAQ,Vai,1000,800,900,Maharashtra,Other
05/07/2007,Onion,23,Satara,FAQ,Vai,1000,800,900,Maharashtra,Other
09/07/2007,Onion,23,Satara,FAQ,Vai,1000,800,900,Maharashtra,Other
11/07/2007,Onion,23,Satara,FAQ,Vai,1000,900,950,Maharashtra,Other
30/07/2007,Onion,23,Satara,FAQ,Vai,1000,800,900,Maharashtra,Other
06/09/2007,Onion,23,Satara,FAQ,Vai,1500,1200,1350,Maharashtra,Other
07/09/2007,Onion,23,Satara,FAQ,Vai,1500,1200,1350,Maharashtra,Other
08/09/2007,Onion,23,Satara,FAQ,Vai,1400,1200,1300,Maharashtra,Other
11/09/2007,Onion,23,Satara,FAQ,Vai,1400,1200,1300,Maharashtra,Other
24/09/2007,Onion,23,Satara,FAQ,Vai,1500,1200,1350,Maharashtra,Other
08/10/2007,Onion,23,Satara,FAQ,Vai,1500,1000,1250,Maharashtra,Other
25/10/2007,Onion,23,Satara,FAQ,Vai,1500,1200,1350,Maharashtra,Other
30/10/2007,Onion,23,Satara,FAQ,Vai,1400,1000,1200,Maharashtra,Other
31/10/2007,Onion,23,Satara,FAQ,Vai,1400,1000,1200,Maharashtra,Other
04/11/2007,Onion,23,Satara,FAQ,Vai,1200,1000,1100,Maharashtra,Other
05/11/2007,Onion,23,Satara,FAQ,Vai,1200,1000,1100,Maharashtra,Other
15/11/2007,Onion,23,Satara,FAQ,Vai,900,700,800,Maharashtra,Other
16/11/2007,Onion,23,Satara,FAQ,Vai,900,700,800,Maharashtra,Other
17/11/2007,Onion,23,Satara,FAQ,Vai,900,700,800,Maharashtra,Other
18/11/2007,Onion,23,Satara,FAQ,Vai,800,600,700,Maharashtra,Other
07/12/2007,Onion,23,Satara,FAQ,Vai,600,500,550,Maharashtra,Other
08/12/2007,Onion,23,Satara,FAQ,Vai,600,400,500,Maharashtra,Other
24/12/2007,Onion,23,Satara,FAQ,Vai,600,500,550,Maharashtra,Other
31/12/2007,Onion,23,Satara,FAQ,Vai,800,700,750,Maharashtra,Other
02/05/2024,Onion,23,Satara,FAQ,Vai,1500,700,1100,Maharashtra,Local
16/05/2024,Onion,23,Satara,FAQ,Vai,2000,1000,1500,Maharashtra,Local
25/05/2024,Onion,23,Satara,FAQ,Vai,2200,1000,1600,Maharashtra,Local
17/01/2021,Onion,23,Satara,FAQ,Vai,3500,1500,3000,Maharashtra,Local
22/01/2021,Onion,23,Satara,FAQ,Vai,3000,1500,2350,Maharashtra,Local
25/01/2021,Onion,23,Satara,FAQ,Vai,3000,1500,2250,Maharashtra,Local
31/01/2021,Onion,23,Satara,FAQ,Vai,3000,1500,2250,Maharashtra,Local
03/02/2021,Onion,23,Satara,FAQ,Vai,3000,1500,2250,Maharashtra,Local
10/02/2021,Onion,23,Satara,FAQ,Vai,4000,2000,3000,Maharashtra,Local
11/02/2021,Onion,23,Satara,FAQ,Vai,4000,2000,3000,Maharashtra,Local
06/03/2021,Onion,23,Satara,FAQ,Vai,2700,1000,1850,Maharashtra,Local
13/03/2021,Onion,23,Satara,FAQ,Vai,1800,1000,1400,Maharashtra,Local
21/03/2021,Onion,23,Satara,FAQ,Vai,1800,1000,1400,Maharashtra,Local
23/03/2021,Onion,23,Satara,FAQ,Vai,1600,1000,1300,Maharashtra,Local
25/03/2021,Onion,23,Satara,FAQ,Vai,1600,700,1100,Maharashtra,Local
31/03/2021,Onion,23,Satara,FAQ,Vai,1500,700,1100,Maharashtra,Local
12/04/2021,Onion,23,Satara,FAQ,Vai,1400,700,1000,Maharashtra,Local
22/04/2021,Onion,23,Satara,FAQ,Vai,1400,600,1000,Maharashtra,Local
24/04/2021,Onion,23,Satara,FAQ,Vai,1300,500,1050,Maharashtra,Local
28/04/2021,Onion,23,Satara,FAQ,Vai,1400,700,1100,Maharashtra,Local
30/04/2021,Onion,23,Satara,FAQ,Vai,1400,700,1100,Maharashtra,Local
03/05/2021,Onion,23,Satara,FAQ,Vai,1400,700,1050,Maharashtra,Local
05/05/2021,Onion,23,Satara,FAQ,Vai,1400,700,1100,Maharashtra,Local
07/05/2021,Onion,23,Satara,FAQ,Vai,1400,700,1100,Maharashtra,Local
12/05/2021,Onion,23,Satara,FAQ,Vai,1400,700,1050,Maharashtra,Local
13/05/2021,Onion,23,Satara,FAQ,Vai,1300,700,1100,Maharashtra,Local
19/05/2021,Onion,23,Satara,FAQ,Vai,1300,700,1000,Maharashtra,Local
23/05/2021,Onion,23,Satara,FAQ,Vai,1400,700,1050,Maharashtra,Local
24/05/2021,Onion,23,Satara,FAQ,Vai,1400,700,1050,Maharashtra,Local
01/06/2021,Onion,23,Satara,FAQ,Vai,1500,700,1100,Maharashtra,Local
02/06/2021,Onion,23,Satara,FAQ,Vai,1800,1000,1400,Maharashtra,Local
17/06/2021,Onion,23,Satara,FAQ,Vai,2000,1000,1500,Maharashtra,Local
30/06/2021,Onion,23,Satara,FAQ,Vai,2000,1000,1500,Maharashtra,Local
01/07/2021,Onion,23,Satara,FAQ,Vai,1800,1000,1400,Maharashtra,Local
05/07/2021,Onion,23,Satara,FAQ,Vai,2000,1000,1500,Maharashtra,Local
28/07/2021,Onion,23,Satara,FAQ,Vai,1800,1000,1400,Maharashtra,Local
30/07/2021,Onion,23,Satara,FAQ,Vai,1800,1000,1400,Maharashtra,Local
09/08/2021,Onion,23,Satara,FAQ,Vai,2000,1200,1600,Maharashtra,Local
13/08/2021,Onion,23,Satara,FAQ,Vai,1900,1000,1400,Maharashtra,Local
14/08/2021,Onion,23,Satara,FAQ,Vai,1900,1000,1450,Maharashtra,Local
19/08/2021,Onion,23,Satara,FAQ,Vai,2000,1000,1500,Maharashtra,Local
21/08/2021,Onion,23,Satara,FAQ,Vai,1900,1000,1450,Maharashtra,Local
25/08/2021,Onion,23,Satara,FAQ,Vai,1900,1000,1450,Maharashtra,Local
26/08/2021,Onion,23,Satara,FAQ,Vai,1900,1000,1450,Maharashtra,Local
05/09/2021,Onion,23,Satara,FAQ,Vai,1800,1000,1400,Maharashtra,Local
07/09/2021,Onion,23,Satara,FAQ,Vai,1800,1200,1500,Maharashtra,Local
12/09/2021,Onion,23,Satara,FAQ,Vai,1900,1200,1500,Maharashtra,Local
14/09/2021,Onion,23,Satara,FAQ,Vai,1900,1200,1500,Maharashtra,Local
18/09/2021,Onion,23,Satara,FAQ,Vai,1800,1300,1550,Maharashtra,Local
20/09/2021,Onion,23,Satara,FAQ,Vai,1900,1200,1500,Maharashtra,Local
22/09/2021,Onion,23,Satara,FAQ,Vai,1900,1200,1450,Maharashtra,Local
01/10/2021,Onion,23,Satara,FAQ,Vai,2300,1300,1700,Maharashtra,Local
07/10/2021,Onion,23,Satara,FAQ,Vai,3200,2000,2550,Maharashtra,Local
08/10/2021,Onion,23,Satara,FAQ,Vai,3500,2000,2750,Maharashtra,Local
09/10/2021,Onion,23,Satara,FAQ,Vai,3300,2000,2600,Maharashtra,Local
17/10/2021,Onion,23,Satara,FAQ,Vai,3500,2000,2750,Maharashtra,Local
21/10/2021,Onion,23,Satara,FAQ,Vai,3300,1500,2350,Maharashtra,Local
01/11/2021,Onion,23,Satara,FAQ,Vai,2700,1200,2000,Maharashtra,Local
09/11/2021,Onion,23,Satara,FAQ,Vai,3300,1500,2400,Maharashtra,Local
11/11/2021,Onion,23,Satara,FAQ,Vai,3600,1500,2300,Maharashtra,Local
22/11/2021,Onion,23,Satara,FAQ,Vai,2800,1200,2000,Maharashtra,Local
07/12/2021,Onion,23,Satara,FAQ,Vai,3000,1000,2000,Maharashtra,Local
12/12/2021,Onion,23,Satara,FAQ,Vai,3000,1000,2500,Maharashtra,Local
13/12/2021,Onion,23,Satara,FAQ,Vai,3000,1000,2000,Maharashtra,Local
04/01/2024,Onion,23,Satara,FAQ,Vai,3500,1500,2250,Maharashtra,Local
05/01/2024,Onion,23,Satara,FAQ,Vai,3000,1200,2000,Maharashtra,Local
10/03/2024,Onion,23,Satara,FAQ,Vai,1400,800,1200,Maharashtra,Local
23/03/2024,Onion,23,Satara,FAQ,Vai,1600,700,1200,Maharashtra,Local
27/03/2024,Onion,23,Satara,FAQ,Vai,1500,700,1100,Maharashtra,Local
28/03/2024,Onion,23,Satara,FAQ,Vai,1500,600,1100,Maharashtra,Local
29/03/2024,Onion,23,Satara,FAQ,Vai,1500,700,1100,Maharashtra,Local
31/03/2024,Onion,23,Satara,FAQ,Vai,1500,700,1100,Maharashtra,Local
05/04/2024,Onion,23,Satara,FAQ,Vai,1500,700,1100,Maharashtra,Local
06/01/2020,Onion,23,Satara,FAQ,Vai,6000,1000,4000,Maharashtra,Local
09/02/2020,Onion,23,Satara,FAQ,Vai,2500,1000,1700,Maharashtra,Local
15/02/2020,Onion,23,Satara,FAQ,Vai,1800,800,1300,Maharashtra,Local
05/03/2020,Onion,23,Satara,FAQ,Vai,1800,700,1250,Maharashtra,Local
08/03/2020,Onion,23,Satara,FAQ,Vai,1800,700,1200,Maharashtra,Local
13/03/2020,Onion,23,Satara,FAQ,Vai,2000,1000,1500,Maharashtra,Local
18/03/2020,Onion,23,Satara,FAQ,Vai,1800,700,1200,Maharashtra,Local
24/03/2020,Onion,23,Satara,FAQ,Vai,1800,700,1100,Maharashtra,Local
17/04/2020,Onion,23,Satara,FAQ,Vai,1600,800,1200,Maharashtra,Local
19/04/2020,Onion,23,Satara,FAQ,Vai,1500,700,1050,Maharashtra,Local
24/04/2020,Onion,23,Satara,FAQ,Vai,1400,700,1050,Maharashtra,Local
05/05/2020,Onion,23,Satara,FAQ,Vai,1300,600,950,Maharashtra,Local
10/05/2020,Onion,23,Satara,FAQ,Vai,1200,600,900,Maharashtra,Local
20/05/2020,Onion,23,Satara,FAQ,Vai,1000,500,750,Maharashtra,Local
24/05/2020,Onion,23,Satara,FAQ,Vai,1100,500,800,Maharashtra,Local
14/06/2020,Onion,23,Satara,FAQ,Vai,1000,500,750,Maharashtra,Local
16/06/2020,Onion,23,Satara,FAQ,Vai,1000,500,750,Maharashtra,Local
21/06/2020,Onion,23,Satara,FAQ,Vai,1000,500,750,Maharashtra,Local
24/06/2020,Onion,23,Satara,FAQ,Vai,1000,500,750,Maharashtra,Local
29/06/2020,Onion,23,Satara,FAQ,Vai,1000,500,750,Maharashtra,Local
14/07/2020,Onion,23,Satara,FAQ,Vai,1200,500,850,Maharashtra,Local
23/07/2020,Onion,23,Satara,FAQ,Vai,1000,500,750,Maharashtra,Local
02/08/2020,Onion,23,Satara,FAQ,Vai,1000,500,750,Maharashtra,Local
09/08/2020,Onion,23,Satara,FAQ,Vai,1000,500,750,Maharashtra,Local
12/08/2020,Onion,23,Satara,FAQ,Vai,900,500,700,Maharashtra,Local
14/08/2020,Onion,23,Satara,FAQ,Vai,1000,500,750,Maharashtra,Local
17/08/2020,Onion,23,Satara,FAQ,Vai,1000,500,750,Maharashtra,Local
18/08/2020,Onion,23,Satara,FAQ,Vai,1200,500,850,Maharashtra,Local
24/08/2020,Onion,23,Satara,FAQ,Vai,1500,700,1100,Maharashtra,Local
01/09/2020,Onion,23,Satara,FAQ,Vai,1600,800,1200,Maharashtra,Local
04/09/2020,Onion,23,Satara,FAQ,Vai,1600,800,1200,Maharashtra,Local
05/09/2020,Onion,23,Satara,FAQ,Vai,1600,1000,1300,Maharashtra,Local
15/09/2020,Onion,23,Satara,FAQ,Vai,2500,1000,1750,Maharashtra,Local
29/09/2020,Onion,23,Satara,FAQ,Vai,3000,2000,2500,Maharashtra,Local
01/10/2020,Onion,23,Satara,FAQ,Vai,3200,2000,2600,Maharashtra,Local
02/10/2020,Onion,23,Satara,FAQ,Vai,3200,2000,2600,Maharashtra,Local
05/10/2020,Onion,23,Satara,FAQ,Vai,3500,2000,2750,Maharashtra,Local
10/10/2020,Onion,23,Satara,FAQ,Vai,3500,2000,2750,Maharashtra,Local
13/10/2020,Onion,23,Satara,FAQ,Vai,3500,2500,3000,Maharashtra,Local
15/10/2020,Onion,23,Satara,FAQ,Vai,3000,2000,2500,Maharashtra,Local
03/11/2020,Onion,23,Satara,FAQ,Vai,5000,2500,3750,Maharashtra,Local
10/11/2020,Onion,23,Satara,FAQ,Vai,5000,3000,4000,Maharashtra,Local
23/11/2020,Onion,23,Satara,FAQ,Vai,5000,2500,3750,Maharashtra,Local
26/11/2020,Onion,23,Satara,FAQ,Vai,4800,2500,3650,Maharashtra,Local
14/12/2020,Onion,23,Satara,FAQ,Vai,3000,1000,2000,Maharashtra,Local
08/01/2022,Onion,23,Satara,FAQ,Vai,3000,1300,2200,Maharashtra,Local
09/01/2022,Onion,23,Satara,FAQ,Vai,3000,1300,2100,Maharashtra,Local
10/01/2022,Onion,23,Satara,FAQ,Vai,3000,1200,2000,Maharashtra,Local
05/02/2022,Onion,23,Satara,FAQ,Vai,2700,1000,1900,Maharashtra,Local
09/02/2022,Onion,23,Satara,FAQ,Vai,2300,1000,1700,Maharashtra,Local
06/04/2022,Onion,23,Satara,FAQ,Vai,1200,500,850,Maharashtra,Local
07/04/2022,Onion,23,Satara,FAQ,Vai,1100,500,800,Maharashtra,Local
15/04/2022,Onion,23,Satara,FAQ,Vai,1200,1000,1100,Maharashtra,Local
16/04/2022,Onion,23,Satara,FAQ,Vai,1000,500,750,Maharashtra,Local
13/05/2022,Onion,23,Satara,FAQ,Vai,1000,500,750,Maharashtra,Local
31/05/2022,Onion,23,Satara,FAQ,Vai,1200,500,850,Maharashtra,Local
21/06/2022,Onion,23,Satara,FAQ,Vai,1500,700,1100,Maharashtra,Local
27/06/2022,Onion,23,Satara,FAQ,Vai,1500,700,1100,Maharashtra,Local
04/07/2022,Onion,23,Satara,FAQ,Vai,1500,700,1100,Maharashtra,Local
18/07/2022,Onion,23,Satara,FAQ,Vai,1500,700,1100,Maharashtra,Local
03/08/2022,Onion,23,Satara,FAQ,Vai,1400,700,1100,Maharashtra,Local
06/08/2022,Onion,23,Satara,FAQ,Vai,1800,700,1200,Maharashtra,Local
15/08/2022,Onion,23,Satara,FAQ,Vai,1500,800,1150,Maharashtra,Local
17/08/2022,Onion,23,Satara,FAQ,Vai,1500,700,1100,Maharashtra,Local
08/09/2022,Onion,23,Satara,FAQ,Vai,1400,700,1050,Maharashtra,Local
09/09/2022,Onion,23,Satara,FAQ,Vai,1500,700,1100,Maharashtra,Local
23/09/2022,Onion,23,Satara,FAQ,Vai,1500,700,1100,Maharashtra,Local
09/10/2022,Onion,23,Satara,FAQ,Vai,1600,800,1250,Maharashtra,Local
12/10/2022,Onion,23,Satara,FAQ,Vai,1800,1000,1400,Maharashtra,Local
20/10/2022,Onion,23,Satara,FAQ,Vai,2000,1000,1500,Maharashtra,Local
01/11/2022,Onion,23,Satara,FAQ,Vai,3200,1000,2200,Maharashtra,Local
02/11/2022,Onion,23,Satara,FAQ,Vai,3200,1000,2200,Maharashtra,Local
07/11/2022,Onion,23,Satara,FAQ,Vai,3000,1000,2000,Maharashtra,Local
09/11/2022,Onion,23,Satara,FAQ,Vai,3000,1000,2000,Maharashtra,Local
18/11/2022,Onion,23,Satara,FAQ,Vai,2500,1000,1750,Maharashtra,Local
16/12/2022,Onion,23,Satara,FAQ,Vai,1500,700,1100,Maharashtra,Local
17/12/2022,Onion,23,Satara,FAQ,Vai,1800,700,1200,Maharashtra,Local
21/12/2022,Onion,23,Satara,FAQ,Vai,1700,1000,1350,Maharashtra,Local
24/12/2022,Onion,23,Satara,FAQ,Vai,1800,1000,1400,Maharashtra,Local
08/01/2018,Onion,23,Satara,FAQ,Vai,4000,1300,2500,Maharashtra,Local
29/01/2018,Onion,23,Satara,FAQ,Vai,2500,1000,2000,Maharashtra,Local
12/02/2018,Onion,23,Satara,FAQ,Vai,1700,500,1250,Maharashtra,Local
05/03/2018,Onion,23,Satara,FAQ,Vai,1200,400,900,Maharashtra,Local
28/05/2018,Onion,23,Satara,FAQ,Vai,800,400,650,Maharashtra,Local
03/06/2018,Onion,23,Satara,FAQ,Vai,900,700,800,Maharashtra,Local
08/06/2018,Onion,23,Satara,FAQ,Vai,900,700,800,Maharashtra,Local
15/06/2018,Onion,23,Satara,FAQ,Vai,1000,700,860,Maharashtra,Local
17/06/2018,Onion,23,Satara,FAQ,Vai,1000,700,940,Maharashtra,Local
08/07/2018,Onion,23,Satara,FAQ,Vai,1300,1000,1150,Maharashtra,Local
16/07/2018,Onion,23,Satara,FAQ,Vai,1300,1000,1120,Maharashtra,Local
29/07/2018,Onion,23,Satara,FAQ,Vai,1300,1000,1160,Maharashtra,Local
30/07/2018,Onion,23,Satara,FAQ,Vai,1300,1000,1150,Maharashtra,Local
05/08/2018,Onion,23,Satara,FAQ,Vai,1200,1000,1100,Maharashtra,Local
12/08/2018,Onion,23,Satara,FAQ,Vai,1200,800,1050,Maharashtra,Local
18/08/2018,Onion,23,Satara,FAQ,Vai,1200,800,1100,Maharashtra,Local
27/08/2018,Onion,23,Satara,FAQ,Vai,1200,1000,1120,Maharashtra,Local
05/09/2018,Onion,23,Satara,FAQ,Vai,1200,1000,1100,Maharashtra,Local
16/09/2018,Onion,23,Satara,FAQ,Vai,1200,1000,1100,Maharashtra,Local
18/09/2018,Onion,23,Satara,FAQ,Vai,1200,900,1050,Maharashtra,Local
20/09/2018,Onion,23,Satara,FAQ,Vai,1200,900,1120,Maharashtra,Local
05/10/2018,Onion,23,Satara,FAQ,Vai,1200,1000,1100,Maharashtra,Local
09/10/2018,Onion,23,Satara,FAQ,Vai,1200,900,1050,Maharashtra,Local
10/10/2018,Onion,23,Satara,FAQ,Vai,1200,800,1000,Maharashtra,Local
12/10/2018,Onion,23,Satara,FAQ,Vai,1200,900,1120,Maharashtra,Local
15/10/2018,Onion,23,Satara,FAQ,Vai,1400,1000,1200,Maharashtra,Local
17/10/2018,Onion,23,Satara,FAQ,Vai,1500,1000,1250,Maharashtra,Local
19/10/2018,Onion,23,Satara,FAQ,Vai,1600,1000,1350,Maharashtra,Local
20/10/2018,Onion,23,Satara,FAQ,Vai,1600,1000,1500,Maharashtra,Local
23/10/2018,Onion,23,Satara,FAQ,Vai,2200,1800,2100,Maharashtra,Local
27/10/2018,Onion,23,Satara,FAQ,Vai,2000,1600,1760,Maharashtra,Local
29/10/2018,Onion,23,Satara,FAQ,Vai,2000,800,1500,Maharashtra,Local
03/11/2018,Onion,23,Satara,FAQ,Vai,1500,1000,1300,Maharashtra,Local
09/11/2018,Onion,23,Satara,FAQ,Vai,1300,1000,1200,Maharashtra,Local
10/11/2018,Onion,23,Satara,FAQ,Vai,1500,1200,1360,Maharashtra,Local
15/11/2018,Onion,23,Satara,FAQ,Vai,2000,1500,1760,Maharashtra,Local
28/11/2018,Onion,23,Satara,FAQ,Vai,1300,600,1250,Maharashtra,Local
29/11/2018,Onion,23,Satara,FAQ,Vai,1400,700,1000,Maharashtra,Local
02/12/2018,Onion,23,Satara,FAQ,Vai,1400,600,1250,Maharashtra,Local
06/12/2018,Onion,23,Satara,FAQ,Vai,1200,500,1060,Maharashtra,Local
08/12/2018,Onion,23,Satara,FAQ,Vai,1200,800,1060,Maharashtra,Local
10/12/2018,Onion,23,Satara,FAQ,Vai,800,400,650,Maharashtra,Local
12/04/2025,Onion,23,Satara,Local,Vai,2000,1000,1700,Maharashtra,Local
26/04/2025,Onion,23,Satara,Local,Vai,1400,700,1000,Maharashtra,Local
30/04/2025,Onion,23,Satara,Local,Vai,1500,800,1000,Maharashtra,Local
10/10/2024,Onion,23,Satara,FAQ,Vai,4500,2000,3500,Maharashtra,Local
09/10/2024,Onion,23,Satara,FAQ,Vai,4500,2500,4000,Maharashtra,Local
25/11/2024,Onion,23,Satara,FAQ,Vai,7500,3000,6000,Maharashtra,Local
10/11/2024,Onion,23,Satara,FAQ,Vai,7000,4000,5500,Maharashtra,Local
11/05/2025,Onion,23,Satara,Local,Vai,1500,500,1000,Maharashtra,Local
18/09/2025,Onion,23,Satara,Local,Vai,1800,1000,1500,Maharashtra,Local
23/09/2025,Onion,23,Satara,Local,Vai,1700,1000,1500,Maharashtra,Local
03/08/2025,Onion,23,Satara,Local,Vai,1700,1000,1300,Maharashtra,Local
02/11/2025,Onion,23,Satara,Local,Vai,1800,1000,1500,Maharashtra,Local
05/10/2025,Onion,23,Satara,Local,Vai,1800,1000,1500,Maharashtra,Local
09/10/2025,Onion,23,Satara,Local,Vai,1800,1000,1500,Maharashtra,Local
15/10/2025,Onion,23,Satara,Local,Vai,1700,1000,1500,Maharashtra,Local
16/03/2025,Onion,23,Satara,Local,Vai,2000,1000,1500,Maharashtra,Local
03/10/2024,Onion,23,Satara,FAQ,Vai,4500,3000,3800,Maharashtra,Local
08/12/2024,Onion,23,Satara,FAQ,Vai,6500,3000,5000,Maharashtra,Local
21/12/2024,Onion,23,Satara,FAQ,Vai,6000,2000,4500,Maharashtra,Local
26/12/2024,Onion,23,Satara,FAQ,Vai,6000,2000,4500,Maharashtra,Local
28/12/2024,Onion,23,Satara,FAQ,Vai,6000,1500,4000,Maharashtra,Local
01/01/2019,Onion,23,Satara,FAQ,Vai,800,400,740,Maharashtra,Local
11/01/2019,Onion,23,Satara,FAQ,Vai,800,300,740,Maharashtra,Local
19/01/2019,Onion,23,Satara,FAQ,Vai,800,300,650,Maharashtra,Local
21/01/2019,Onion,23,Satara,FAQ,Vai,1000,200,850,Maharashtra,Local
22/01/2019,Onion,23,Satara,FAQ,Vai,1000,200,850,Maharashtra,Local
27/01/2019,Onion,23,Satara,FAQ,Vai,800,300,700,Maharashtra,Local
02/02/2019,Onion,23,Satara,FAQ,Vai,600,200,450,Maharashtra,Local
06/02/2019,Onion,23,Satara,FAQ,Vai,700,300,540,Maharashtra,Local
09/02/2019,Onion,23,Satara,FAQ,Vai,700,300,500,Maharashtra,Local
17/02/2019,Onion,23,Satara,FAQ,Vai,700,200,650,Maharashtra,Local
19/02/2019,Onion,23,Satara,FAQ,Vai,600,200,540,Maharashtra,Local
10/03/2019,Onion,23,Satara,FAQ,Vai,600,200,500,Maharashtra,Local
28/03/2019,Onion,23,Satara,FAQ,Vai,600,200,450,Maharashtra,Local
30/03/2019,Onion,23,Satara,FAQ,Vai,600,300,540,Maharashtra,Local
02/04/2019,Onion,23,Satara,FAQ,Vai,600,200,530,Maharashtra,Local
10/04/2019,Onion,23,Satara,FAQ,Vai,600,300,500,Maharashtra,Local
20/04/2019,Onion,23,Satara,FAQ,Vai,700,300,630,Maharashtra,Local
24/04/2019,Onion,23,Satara,FAQ,Vai,800,400,650,Maharashtra,Local
30/04/2019,Onion,23,Satara,FAQ,Vai,800,400,750,Maharashtra,Local
03/05/2019,Onion,23,Satara,FAQ,Vai,800,500,720,Maharashtra,Local
15/05/2019,Onion,23,Satara,FAQ,Vai,900,400,760,Maharashtra,Local
06/06/2019,Onion,23,Satara,FAQ,Vai,1400,500,1000,Maharashtra,Local
16/06/2019,Onion,23,Satara,FAQ,Vai,1500,700,1250,Maharashtra,Local
17/06/2019,Onion,23,Satara,FAQ,Vai,1200,400,900,Maharashtra,Local
01/07/2019,Onion,23,Satara,FAQ,Vai,1200,400,1150,Maharashtra,Local
03/07/2019,Onion,23,Satara,FAQ,Vai,1300,500,1150,Maharashtra,Local
07/07/2019,Onion,23,Satara,FAQ,Vai,1300,500,1150,Maharashtra,Local
08/07/2019,Onion,23,Satara,FAQ,Vai,1000,400,850,Maharashtra,Local
15/07/2019,Onion,23,Satara,FAQ,Vai,1200,500,1100,Maharashtra,Local
18/07/2019,Onion,23,Satara,FAQ,Vai,1300,500,1250,Maharashtra,Local
20/07/2019,Onion,23,Satara,FAQ,Vai,1300,500,1150,Maharashtra,Local
27/07/2019,Onion,23,Satara,FAQ,Vai,1300,500,1050,Maharashtra,Local
28/07/2019,Onion,23,Satara,FAQ,Vai,1400,500,1250,Maharashtra,Local
29/07/2019,Onion,23,Satara,FAQ,Vai,1200,900,1000,Maharashtra,Local
08/08/2019,Onion,23,Satara,FAQ,Vai,1200,700,1050,Maharashtra,Local
26/08/2019,Onion,23,Satara,FAQ,Vai,2500,1300,2000,Maharashtra,Local
28/08/2019,Onion,23,Satara,FAQ,Vai,2000,1200,1800,Maharashtra,Local
31/08/2019,Onion,23,Satara,FAQ,Vai,2200,1500,2000,Maharashtra,Local
10/09/2019,Onion,23,Satara,FAQ,Vai,2500,1500,2250,Maharashtra,Local
17/09/2019,Onion,23,Satara,FAQ,Vai,2800,1500,2650,Maharashtra,Local
28/09/2019,Onion,23,Satara,FAQ,Vai,3500,2000,3000,Maharashtra,Local
05/10/2019,Onion,23,Satara,FAQ,Vai,3200,1500,3000,Maharashtra,Local
09/10/2019,Onion,23,Satara,FAQ,Vai,3500,2500,3350,Maharashtra,Local
16/10/2019,Onion,23,Satara,FAQ,Vai,3500,2000,3250,Maharashtra,Local
28/10/2019,Onion,23,Satara,FAQ,Vai,4500,3000,4000,Maharashtra,Local
30/10/2019,Onion,23,Satara,FAQ,Vai,4100,2000,4000,Maharashtra,Local
08/11/2019,Onion,23,Satara,FAQ,Vai,6000,4000,5800,Maharashtra,Local
09/11/2019,Onion,23,Satara,FAQ,Vai,6200,3000,6000,Maharashtra,Local
11/11/2019,Onion,23,Satara,FAQ,Vai,3600,800,2500,Maharashtra,Local
12/11/2019,Onion,23,Satara,FAQ,Vai,6000,3000,5700,Maharashtra,Local
13/11/2019,Onion,23,Satara,FAQ,Vai,6000,4000,5700,Maharashtra,Local
19/11/2019,Onion,23,Satara,FAQ,Vai,6000,2000,5800,Maharashtra,Local
20/11/2019,Onion,23,Satara,FAQ,Vai,6000,2000,5850,Maharashtra,Local
02/12/2019,Onion,23,Satara,FAQ,Vai,9000,2000,8500,Maharashtra,Local
23/12/2019,Onion,23,Satara,FAQ,Vai,7300,1000,6500,Maharashtra,Local
02/01/2023,Onion,23,Satara,FAQ,Vai,2000,1000,1500,Maharashtra,Local
21/01/2023,Onion,23,Satara,FAQ,Vai,2000,1000,1500,Maharashtra,Local
24/01/2023,Onion,23,Satara,FAQ,Vai,2000,1000,1500,Maharashtra,Local
25/01/2023,Onion,23,Satara,FAQ,Vai,2000,1000,1500,Maharashtra,Local
01/02/2023,Onion,23,Satara,FAQ,Vai,2000,1000,1500,Maharashtra,Local
09/02/2023,Onion,23,Satara,FAQ,Vai,2000,1000,1500,Maharashtra,Local
25/02/2023,Onion,23,Satara,FAQ,Vai,1500,700,1000,Maharashtra,Local
07/03/2023,Onion,23,Satara,FAQ,Vai,1300,500,1000,Maharashtra,Local
17/03/2023,Onion,23,Satara,FAQ,Vai,1300,700,1000,Maharashtra,Local
17/04/2023,Onion,23,Satara,FAQ,Vai,1200,500,900,Maharashtra,Local
23/04/2023,Onion,23,Satara,FAQ,Vai,1000,500,750,Maharashtra,Local
26/04/2023,Onion,23,Satara,FAQ,Vai,1000,500,750,Maharashtra,Local
29/04/2023,Onion,23,Satara,FAQ,Vai,1000,500,750,Maharashtra,Local
30/04/2023,Onion,23,Satara,FAQ,Vai,1000,500,750,Maharashtra,Local
07/05/2023,Onion,23,Satara,FAQ,Vai,900,500,700,Maharashtra,Local
21/05/2023,Onion,23,Satara,FAQ,Vai,900,300,500,Maharashtra,Local
13/06/2023,Onion,23,Satara,FAQ,Vai,1000,300,700,Maharashtra,Local
19/06/2023,Onion,23,Satara,FAQ,Vai,1000,600,800,Maharashtra,Local
22/06/2023,Onion,23,Satara,FAQ,Vai,1200,400,800,Maharashtra,Local
01/07/2023,Onion,23,Satara,FAQ,Vai,1300,500,850,Maharashtra,Local
06/08/2023,Onion,23,Satara,FAQ,Vai,1500,700,1100,Maharashtra,Local
08/08/2023,Onion,23,Satara,FAQ,Vai,1500,700,1100,Maharashtra,Local
16/08/2023,Onion,23,Satara,FAQ,Vai,2800,1000,1400,Maharashtra,Local
18/08/2023,Onion,23,Satara,FAQ,Vai,2700,1000,1600,Maharashtra,Local
17/10/2023,Onion,23,Satara,FAQ,Vai,2500,1000,1750,Maharashtra,Local
18/10/2023,Onion,23,Satara,FAQ,Vai,2500,1000,2250,Maharashtra,Local
21/10/2023,Onion,23,Satara,FAQ,Vai,3500,1500,3200,Maharashtra,Local
23/11/2023,Onion,23,Satara,FAQ,Vai,5000,2000,3500,Maharashtra,Local
29/11/2023,Onion,23,Satara,FAQ,Vai,4000,1500,2900,Maharashtra,Local
07/12/2023,Onion,23,Satara,FAQ,Vai,5000,2500,3750,Maharashtra,Local
30/12/2023,Onion,23,Satara,FAQ,Vai,3500,1500,2250,Maharashtra,Local
14/06/2025,Onion,23,Satara,Local,Vai,1800,1000,1400,Maharashtra,Local
22/06/2025,Onion,23,Satara,Local,Vai,1700,1000,1400,Maharashtra,Local
15/06/2025,Onion,23,Satara,Local,Vai,1800,1000,1500,Maharashtra,Local
22/01/2018,Onion,23,Satara,FAQ,Vai,3000,2000,2800,Maharashtra,Local
19/03/2018,Onion,23,Satara,FAQ,Vai,1000,500,700,Maharashtra,Local
09/04/2018,Onion,23,Satara,FAQ,Vai,800,400,650,Maharashtra,Local
07/05/2018,Onion,23,Satara,FAQ,Vai,1000,700,850,Maharashtra,Local
06/06/2018,Onion,23,Satara,FAQ,Vai,900,800,850,Maharashtra,Local
09/06/2018,Onion,23,Satara,FAQ,Vai,1100,800,950,Maharashtra,Local
26/06/2018,Onion,23,Satara,FAQ,Vai,1000,700,850,Maharashtra,Local
01/07/2018,Onion,23,Satara,FAQ,Vai,1100,800,950,Maharashtra,Local
11/07/2018,Onion,23,Satara,FAQ,Vai,1300,1000,1120,Maharashtra,Local
20/07/2018,Onion,23,Satara,FAQ,Vai,1300,1000,1150,Maharashtra,Local
26/07/2018,Onion,23,Satara,FAQ,Vai,1200,1000,1150,Maharashtra,Local
27/07/2018,Onion,23,Satara,FAQ,Vai,1200,1000,1120,Maharashtra,Local
31/07/2018,Onion,23,Satara,FAQ,Vai,1200,1000,1020,Maharashtra,Local
02/08/2018,Onion,23,Satara,FAQ,Vai,1200,1000,1050,Maharashtra,Local
04/08/2018,Onion,23,Satara,FAQ,Vai,1200,800,970,Maharashtra,Local
10/08/2018,Onion,23,Satara,FAQ,Vai,1200,1000,1100,Maharashtra,Local
11/08/2018,Onion,23,Satara,FAQ,Vai,1200,1000,1150,Maharashtra,Local
13/08/2018,Onion,23,Satara,FAQ,Vai,1200,1000,1100,Maharashtra,Local
14/08/2018,Onion,23,Satara,FAQ,Vai,1200,800,1100,Maharashtra,Local
23/08/2018,Onion,23,Satara,FAQ,Vai,1100,1000,1040,Maharashtra,Local
24/08/2018,Onion,23,Satara,FAQ,Vai,1200,800,950,Maharashtra,Local
25/08/2018,Onion,23,Satara,FAQ,Vai,1200,1000,1100,Maharashtra,Local
06/09/2018,Onion,23,Satara,FAQ,Vai,1200,1000,1100,Maharashtra,Local
11/09/2018,Onion,23,Satara,FAQ,Vai,1200,1000,1140,Maharashtra,Local
02/10/2018,Onion,23,Satara,FAQ,Vai,1200,1000,1100,Maharashtra,Local
04/10/2018,Onion,23,Satara,FAQ,Vai,1100,900,1000,Maharashtra,Local
14/10/2018,Onion,23,Satara,FAQ,Vai,1400,1000,1260,Maharashtra,Local
18/10/2018,Onion,23,Satara,FAQ,Vai,1400,1000,1200,Maharashtra,Local
24/10/2018,Onion,23,Satara,FAQ,Vai,2200,1800,2100,Maharashtra,Local
01/11/2018,Onion,23,Satara,FAQ,Vai,1600,1200,1420,Maharashtra,Local
02/11/2018,Onion,23,Satara,FAQ,Vai,1500,1000,1250,Maharashtra,Local
04/11/2018,Onion,23,Satara,FAQ,Vai,1600,1200,1450,Maharashtra,Local
05/11/2018,Onion,23,Satara,FAQ,Vai,1200,400,860,Maharashtra,Local
12/11/2018,Onion,23,Satara,FAQ,Vai,2200,600,1400,Maharashtra,Local
13/11/2018,Onion,23,Satara,FAQ,Vai,1800,1200,1750,Maharashtra,Local
24/11/2018,Onion,23,Satara,FAQ,Vai,1500,1000,1350,Maharashtra,Local
26/11/2018,Onion,23,Satara,FAQ,Vai,1400,400,1200,Maharashtra,Local
30/11/2018,Onion,23,Satara,FAQ,Vai,1200,600,900,Maharashtra,Local
03/12/2018,Onion,23,Satara,FAQ,Vai,900,300,750,Maharashtra,Local
07/12/2018,Onion,23,Satara,FAQ,Vai,1200,500,1100,Maharashtra,Local
11/12/2018,Onion,23,Satara,FAQ,Vai,1000,400,850,Maharashtra,Local
16/12/2018,Onion,23,Satara,FAQ,Vai,1200,500,1000,Maharashtra,Local
17/12/2018,Onion,23,Satara,FAQ,Vai,1000,300,850,Maharashtra,Local
22/12/2018,Onion,23,Satara,FAQ,Vai,1200,500,1000,Maharashtra,Local
31/12/2018,Onion,23,Satara,FAQ,Vai,800,100,450,Maharashtra,Local
05/01/2019,Onion,23,Satara,FAQ,Vai,800,400,650,Maharashtra,Local
07/01/2019,Onion,23,Satara,FAQ,Vai,800,300,750,Maharashtra,Local
08/01/2019,Onion,23,Satara,FAQ,Vai,800,300,650,Maharashtra,Local
10/01/2019,Onion,23,Satara,FAQ,Vai,800,300,650,Maharashtra,Local
12/01/2019,Onion,23,Satara,FAQ,Vai,800,300,550,Maharashtra,Local
14/01/2019,Onion,23,Satara,FAQ,Vai,1000,100,700,Maharashtra,Local
16/01/2019,Onion,23,Satara,FAQ,Vai,1000,300,850,Maharashtra,Local
23/01/2019,Onion,23,Satara,FAQ,Vai,800,200,720,Maharashtra,Local
28/01/2019,Onion,23,Satara,FAQ,Vai,600,200,460,Maharashtra,Local
15/02/2019,Onion,23,Satara,FAQ,Vai,600,200,520,Maharashtra,Local
21/02/2019,Onion,23,Satara,FAQ,Vai,600,200,400,Maharashtra,Local
22/02/2019,Onion,23,Satara,FAQ,Vai,600,200,540,Maharashtra,Local
24/02/2019,Onion,23,Satara,FAQ,Vai,600,200,530,Maharashtra,Local
27/02/2019,Onion,23,Satara,FAQ,Vai,500,200,340,Maharashtra,Local
01/03/2019,Onion,23,Satara,FAQ,Vai,600,200,540,Maharashtra,Local
02/03/2019,Onion,23,Satara,FAQ,Vai,600,200,530,Maharashtra,Local
12/03/2019,Onion,23,Satara,FAQ,Vai,600,300,450,Maharashtra,Local
17/03/2019,Onion,23,Satara,FAQ,Vai,600,200,530,Maharashtra,Local
19/03/2019,Onion,23,Satara,FAQ,Vai,600,200,500,Maharashtra,Local
23/03/2019,Onion,23,Satara,FAQ,Vai,600,300,450,Maharashtra,Local
24/03/2019,Onion,23,Satara,FAQ,Vai,600,300,450,Maharashtra,Local
25/03/2019,Onion,23,Satara,FAQ,Vai,600,200,430,Maharashtra,Local
01/04/2019,Onion,23,Satara,FAQ,Vai,600,200,450,Maharashtra,Local
07/04/2019,Onion,23,Satara,FAQ,Vai,600,300,450,Maharashtra,Local
08/04/2019,Onion,23,Satara,FAQ,Vai,600,200,450,Maharashtra,Local
19/04/2019,Onion,23,Satara,FAQ,Vai,700,300,650,Maharashtra,Local
26/04/2019,Onion,23,Satara,FAQ,Vai,800,400,570,Maharashtra,Local
07/05/2019,Onion,23,Satara,FAQ,Vai,800,300,700,Maharashtra,Local
09/05/2019,Onion,23,Satara,FAQ,Vai,800,500,650,Maharashtra,Local
11/05/2019,Onion,23,Satara,FAQ,Vai,900,400,850,Maharashtra,Local
23/05/2019,Onion,23,Satara,FAQ,Vai,1000,500,850,Maharashtra,Local
28/05/2019,Onion,23,Satara,FAQ,Vai,1200,500,1000,Maharashtra,Local
29/05/2019,Onion,23,Satara,FAQ,Vai,1300,500,1150,Maharashtra,Local
30/05/2019,Onion,23,Satara,FAQ,Vai,1200,500,850,Maharashtra,Local
02/06/2019,Onion,23,Satara,FAQ,Vai,1400,500,1000,Maharashtra,Local
05/06/2019,Onion,23,Satara,FAQ,Vai,1500,500,1350,Maharashtra,Local
10/06/2019,Onion,23,Satara,FAQ,Vai,2000,800,1500,Maharashtra,Local
11/06/2019,Onion,23,Satara,FAQ,Vai,1500,700,1250,Maharashtra,Local
20/06/2019,Onion,23,Satara,FAQ,Vai,1300,500,1000,Maharashtra,Local
21/06/2019,Onion,23,Satara,FAQ,Vai,1300,400,900,Maharashtra,Local
23/06/2019,Onion,23,Satara,FAQ,Vai,1300,500,1000,Maharashtra,Local
26/06/2019,Onion,23,Satara,FAQ,Vai,1300,500,1000,Maharashtra,Local
30/06/2019,Onion,23,Satara,FAQ,Vai,1300,500,1100,Maharashtra,Local
04/07/2019,Onion,23,Satara,FAQ,Vai,1200,500,1000,Maharashtra,Local
06/07/2019,Onion,23,Satara,FAQ,Vai,1300,500,1150,Maharashtra,Local
12/07/2019,Onion,23,Satara,FAQ,Vai,1200,500,1000,Maharashtra,Local
17/07/2019,Onion,23,Satara,FAQ,Vai,1300,500,1150,Maharashtra,Local
19/07/2019,Onion,23,Satara,FAQ,Vai,1300,500,1250,Maharashtra,Local
18/08/2019,Onion,23,Satara,FAQ,Vai,2000,1000,1750,Maharashtra,Local
20/08/2019,Onion,23,Satara,FAQ,Vai,2300,1500,2150,Maharashtra,Local
27/08/2019,Onion,23,Satara,FAQ,Vai,2200,1200,2000,Maharashtra,Local
01/09/2019,Onion,23,Satara,FAQ,Vai,2200,1200,2000,Maharashtra,Local
02/09/2019,Onion,23,Satara,FAQ,Vai,2500,1200,2200,Maharashtra,Local
03/09/2019,Onion,23,Satara,FAQ,Vai,2200,1500,2000,Maharashtra,Local
04/09/2019,Onion,23,Satara,FAQ,Vai,2300,1000,2200,Maharashtra,Local
16/09/2019,Onion,23,Satara,FAQ,Vai,3000,1500,2500,Maharashtra,Local
22/09/2019,Onion,23,Satara,FAQ,Vai,4500,2500,4000,Maharashtra,Local
24/09/2019,Onion,23,Satara,FAQ,Vai,4200,2500,3750,Maharashtra,Local
26/09/2019,Onion,23,Satara,FAQ,Vai,4200,2500,4000,Maharashtra,Local
29/09/2019,Onion,23,Satara,FAQ,Vai,3500,1800,3250,Maharashtra,Local
30/09/2019,Onion,23,Satara,FAQ,Vai,3500,1500,3000,Maharashtra,Local
04/10/2019,Onion,23,Satara,FAQ,Vai,3000,1500,2850,Maharashtra,Local
12/10/2019,Onion,23,Satara,FAQ,Vai,3500,1500,3350,Maharashtra,Local
25/10/2019,Onion,23,Satara,FAQ,Vai,3700,2000,3550,Maharashtra,Local
10/11/2019,Onion,23,Satara,FAQ,Vai,6000,3000,5500,Maharashtra,Local
15/11/2019,Onion,23,Satara,FAQ,Vai,5800,3000,5000,Maharashtra,Local
18/11/2019,Onion,23,Satara,FAQ,Vai,6500,1200,6000,Maharashtra,Local
25/11/2019,Onion,23,Satara,FAQ,Vai,7000,3000,6000,Maharashtra,Local
27/11/2019,Onion,23,Satara,FAQ,Vai,7000,3000,6400,Maharashtra,Local
28/11/2019,Onion,23,Satara,FAQ,Vai,7000,5000,6400,Maharashtra,Local
20/09/2016,Onion,23,Satara,FAQ,Vai,800,500,700,Maharashtra,Local
14/11/2016,Onion,23,Satara,FAQ,Vai,1200,800,1100,Maharashtra,Local
02/01/2008,Onion,23,Satara,FAQ,Vai,600,500,550,Maharashtra,Other
03/01/2008,Onion,23,Satara,FAQ,Vai,600,500,550,Maharashtra,Other
14/01/2008,Onion,23,Satara,FAQ,Vai,400,300,350,Maharashtra,Other
21/01/2008,Onion,23,Satara,FAQ,Vai,400,300,350,Maharashtra,Other
28/01/2008,Onion,23,Satara,FAQ,Vai,500,350,425,Maharashtra,Other
01/01/2025,Onion,23,Satara,FAQ,Vai,4500,1500,3500,Maharashtra,Local
14/01/2025,Onion,23,Satara,FAQ,Vai,3500,1500,2500,Maharashtra,Local
29/01/2025,Onion,23,Satara,Local,Vai,3500,1500,2200,Maharashtra,Local
03/02/2025,Onion,23,Satara,Local,Vai,2300,1000,1600,Maharashtra,Local
27/02/2025,Onion,23,Satara,Local,Vai,2500,1500,2000,Maharashtra,Local
13/09/2024,Onion,23,Satara,FAQ,Vai,4200,2000,3400,Maharashtra,Local
29/09/2024,Onion,23,Satara,FAQ,Vai,4500,3000,4000,Maharashtra,Local
02/09/2024,Onion,23,Satara,FAQ,Vai,4200,2800,3600,Maharashtra,Local
22/01/2007,Onion,23,Satara,FAQ,Vai,1000,900,950,Maharashtra,Other
27/01/2007,Onion,23,Satara,FAQ,Vai,1000,800,900,Maharashtra,Other
14/02/2007,Onion,23,Satara,FAQ,Vai,1000,800,900,Maharashtra,Other
19/02/2007,Onion,23,Satara,FAQ,Vai,1000,800,900,Maharashtra,Other
21/02/2007,Onion,23,Satara,FAQ,Vai,1000,800,900,Maharashtra,Other
23/02/2007,Onion,23,Satara,FAQ,Vai,1000,800,900,Maharashtra,Other
01/03/2007,Onion,23,Satara,FAQ,Vai,800,500,700,Maharashtra,Other
05/03/2007,Onion,23,Satara,FAQ,Vai,500,400,450,Maharashtra,Other
19/03/2007,Onion,23,Satara,FAQ,Vai,600,500,550,Maharashtra,Other
24/03/2007,Onion,23,Satara,FAQ,Vai,500,400,450,Maharashtra,Other
25/03/2007,Onion,23,Satara,FAQ,Vai,600,500,550,Maharashtra,Other
28/03/2007,Onion,23,Satara,FAQ,Vai,600,500,550,Maharashtra,Other
29/03/2007,Onion,23,Satara,FAQ,Vai,500,400,450,Maharashtra,Other
01/04/2007,Onion,23,Satara,FAQ,Vai,600,500,550,Maharashtra,Other
06/04/2007,Onion,23,Satara,FAQ,Vai,500,400,450,Maharashtra,Other
07/04/2007,Onion,23,Satara,FAQ,Vai,500,400,450,Maharashtra,Other
10/04/2007,Onion,23,Satara,FAQ,Vai,600,400,500,Maharashtra,Other
20/04/2007,Onion,23,Satara,FAQ,Vai,500,400,450,Maharashtra,Other
23/04/2007,Onion,23,Satara,FAQ,Vai,500,300,400,Maharashtra,Other
26/04/2007,Onion,23,Satara,FAQ,Vai,500,400,450,Maharashtra,Other
30/04/2007,Onion,23,Satara,FAQ,Vai,500,400,450,Maharashtra,Other
03/05/2007,Onion,23,Satara,FAQ,Vai,500,400,450,Maharashtra,Other
08/05/2007,Onion,23,Satara,FAQ,Vai,600,500,550,Maharashtra,Other
10/05/2007,Onion,23,Satara,FAQ,Vai,600,500,550,Maharashtra,Other
13/05/2007,Onion,23,Satara,FAQ,Vai,600,500,550,Maharashtra,Other
18/05/2007,Onion,23,Satara,FAQ,Vai,600,500,550,Maharashtra,Other
04/06/2007,Onion,23,Satara,FAQ,Vai,700,600,650,Maharashtra,Other
06/06/2007,Onion,23,Satara,FAQ,Vai,700,600,650,Maharashtra,Other
10/06/2007,Onion,23,Satara,FAQ,Vai,700,500,600,Maharashtra,Other
11/06/2007,Onion,23,Satara,FAQ,Vai,800,700,750,Maharashtra,Other
15/06/2007,Onion,23,Satara,FAQ,Vai,1000,900,950,Maharashtra,Other
19/06/2007,Onion,23,Satara,FAQ,Vai,800,700,750,Maharashtra,Other
22/06/2007,Onion,23,Satara,FAQ,Vai,1000,800,900,Maharashtra,Other
28/06/2007,Onion,23,Satara,FAQ,Vai,1000,800,900,Maharashtra,Other
02/07/2007,Onion,23,Satara,FAQ,Vai,1000,800,900,Maharashtra,Other
07/07/2007,Onion,23,Satara,FAQ,Vai,1000,800,900,Maharashtra,Other
12/07/2007,Onion,23,Satara,FAQ,Vai,1000,800,900,Maharashtra,Other
16/07/2007,Onion,23,Satara,FAQ,Vai,1000,900,950,Maharashtra,Other
11/08/2007,Onion,23,Satara,FAQ,Vai,1000,800,900,Maharashtra,Other
18/08/2007,Onion,23,Satara,FAQ,Vai,1000,900,950,Maharashtra,Other
21/08/2007,Onion,23,Satara,FAQ,Vai,1600,1500,1550,Maharashtra,Other
27/08/2007,Onion,23,Satara,FAQ,Vai,1200,1000,1150,Maharashtra,Other
04/09/2007,Onion,23,Satara,FAQ,Vai,1500,1200,1400,Maharashtra,Other
05/09/2007,Onion,23,Satara,FAQ,Vai,1500,1200,1350,Maharashtra,Other
27/09/2007,Onion,23,Satara,FAQ,Vai,1500,1300,1400,Maharashtra,Other
29/09/2007,Onion,23,Satara,FAQ,Vai,1500,1200,1350,Maharashtra,Other
11/10/2007,Onion,23,Satara,FAQ,Vai,1500,800,1150,Maharashtra,Other
13/10/2007,Onion,23,Satara,FAQ,Vai,1400,800,1100,Maharashtra,Other
18/10/2007,Onion,23,Satara,FAQ,Vai,1500,1000,1250,Maharashtra,Other
08/11/2007,Onion,23,Satara,FAQ,Vai,900,800,850,Maharashtra,Other
22/11/2007,Onion,23,Satara,FAQ,Vai,800,500,650,Maharashtra,Other
06/12/2007,Onion,23,Satara,FAQ,Vai,600,400,500,Maharashtra,Other
09/12/2007,Onion,23,Satara,FAQ,Vai,600,500,550,Maharashtra,Other
11/12/2007,Onion,23,Satara,FAQ,Vai,600,400,500,Maharashtra,Other
12/12/2007,Onion,23,Satara,FAQ,Vai,600,500,550,Maharashtra,Other
14/12/2007,Onion,23,Satara,FAQ,Vai,600,500,550,Maharashtra,Other
15/12/2007,Onion,23,Satara,FAQ,Vai,600,500,550,Maharashtra,Other
20/12/2007,Onion,23,Satara,FAQ,Vai,600,500,550,Maharashtra,Other
04/02/2006,Onion,23,Satara,FAQ,Vai,300,200,250,Maharashtra,Other
06/02/2006,Onion,23,Satara,FAQ,Vai,300,200,250,Maharashtra,Other
20/02/2006,Onion,23,Satara,FAQ,Vai,400,200,300,Maharashtra,Other
27/07/2006,Onion,23,Satara,FAQ,Vai,300,200,250,Maharashtra,Other
29/08/2006,Onion,23,Satara,FAQ,Vai,350,300,325,Maharashtra,Other
30/08/2006,Onion,23,Satara,FAQ,Vai,350,300,325,Maharashtra,Other
25/09/2006,Onion,23,Satara,FAQ,Vai,350,300,325,Maharashtra,Other
13/10/2006,Onion,23,Satara,FAQ,Vai,400,350,375,Maharashtra,Other
26/10/2006,Onion,23,Satara,FAQ,Vai,450,300,375,Maharashtra,Other
25/12/2006,Onion,23,Satara,FAQ,Vai,1000,900,950,Maharashtra,Other
07/12/2024,Onion,23,Satara,FAQ,Vai,7000,3000,5000,Maharashtra,Local
25/12/2024,Onion,23,Satara,FAQ,Vai,6000,2000,4500,Maharashtra,Local
12/10/2024,Onion,23,Satara,FAQ,Vai,4500,2500,4000,Maharashtra,Local
02/08/2024,Onion,23,Satara,FAQ,Vai,3000,1500,2500,Maharashtra,Local
13/08/2024,Onion,23,Satara,FAQ,Vai,3400,1500,2800,Maharashtra,Local
31/08/2024,Onion,23,Satara,FAQ,Vai,4500,2500,3500,Maharashtra,Local
23/09/2024,Onion,23,Satara,FAQ,Vai,5000,3000,4200,Maharashtra,Local
01/01/2021,Onion,23,Satara,FAQ,Vai,2800,1000,1900,Maharashtra,Local
05/01/2021,Onion,23,Satara,FAQ,Vai,3000,1000,2000,Maharashtra,Local
14/01/2021,Onion,23,Satara,FAQ,Vai,3000,1000,2000,Maharashtra,Local
26/01/2021,Onion,23,Satara,FAQ,Vai,3000,1500,2250,Maharashtra,Local
26/02/2021,Onion,23,Satara,FAQ,Vai,4000,2500,3350,Maharashtra,Local
08/03/2021,Onion,23,Satara,FAQ,Vai,2700,1000,1900,Maharashtra,Local
06/04/2021,Onion,23,Satara,FAQ,Vai,1400,600,1000,Maharashtra,Local
07/04/2021,Onion,23,Satara,FAQ,Vai,1400,600,1000,Maharashtra,Local
16/04/2021,Onion,23,Satara,FAQ,Vai,1300,700,1000,Maharashtra,Local
19/04/2021,Onion,23,Satara,FAQ,Vai,1300,700,1000,Maharashtra,Local
21/04/2021,Onion,23,Satara,FAQ,Vai,1400,800,1100,Maharashtra,Local
26/04/2021,Onion,23,Satara,FAQ,Vai,1500,800,1100,Maharashtra,Local
04/05/2021,Onion,23,Satara,FAQ,Vai,1400,700,1100,Maharashtra,Local
09/05/2021,Onion,23,Satara,FAQ,Vai,1400,700,1100,Maharashtra,Local
11/05/2021,Onion,23,Satara,FAQ,Vai,1300,700,1000,Maharashtra,Local
17/05/2021,Onion,23,Satara,FAQ,Vai,1300,700,1050,Maharashtra,Local
21/05/2021,Onion,23,Satara,FAQ,Vai,1300,700,1000,Maharashtra,Local
04/06/2021,Onion,23,Satara,FAQ,Vai,1700,1000,1350,Maharashtra,Local
05/06/2021,Onion,23,Satara,FAQ,Vai,1700,1000,1350,Maharashtra,Local
10/06/2021,Onion,23,Satara,FAQ,Vai,2000,700,1350,Maharashtra,Local
13/06/2021,Onion,23,Satara,FAQ,Vai,2000,1000,1500,Maharashtra,Local
23/06/2021,Onion,23,Satara,FAQ,Vai,1800,1000,1400,Maharashtra,Local
24/06/2021,Onion,23,Satara,FAQ,Vai,1800,1000,1400,Maharashtra,Local
02/07/2021,Onion,23,Satara,FAQ,Vai,1800,1000,1400,Maharashtra,Local
03/07/2021,Onion,23,Satara,FAQ,Vai,1800,1000,1400,Maharashtra,Local
08/07/2021,Onion,23,Satara,FAQ,Vai,1800,1000,1400,Maharashtra,Local
13/07/2021,Onion,23,Satara,FAQ,Vai,1900,1000,1450,Maharashtra,Local
15/07/2021,Onion,23,Satara,FAQ,Vai,1900,1000,1450,Maharashtra,Local
29/07/2021,Onion,23,Satara,FAQ,Vai,1800,1000,1400,Maharashtra,Local
07/08/2021,Onion,23,Satara,FAQ,Vai,2000,1000,1500,Maharashtra,Local
12/08/2021,Onion,23,Satara,FAQ,Vai,1900,1000,1500,Maharashtra,Local
15/08/2021,Onion,23,Satara,FAQ,Vai,1900,1000,1500,Maharashtra,Local
17/08/2021,Onion,23,Satara,FAQ,Vai,2000,1000,1500,Maharashtra,Local
16/09/2021,Onion,23,Satara,FAQ,Vai,1900,1200,1450,Maharashtra,Local
24/09/2021,Onion,23,Satara,FAQ,Vai,1900,1200,1550,Maharashtra,Local
27/09/2021,Onion,23,Satara,FAQ,Vai,1900,1000,1500,Maharashtra,Local
05/10/2021,Onion,23,Satara,FAQ,Vai,3500,2000,2750,Maharashtra,Local
23/10/2021,Onion,23,Satara,FAQ,Vai,3200,1200,2200,Maharashtra,Local
24/10/2021,Onion,23,Satara,FAQ,Vai,3200,1200,2200,Maharashtra,Local
28/10/2021,Onion,23,Satara,FAQ,Vai,3000,1200,2200,Maharashtra,Local
03/11/2021,Onion,23,Satara,FAQ,Vai,2500,1000,1750,Maharashtra,Local
08/11/2021,Onion,23,Satara,FAQ,Vai,2800,1000,1700,Maharashtra,Local
10/11/2021,Onion,23,Satara,FAQ,Vai,3200,1500,2250,Maharashtra,Local
15/11/2021,Onion,23,Satara,FAQ,Vai,3300,1500,2250,Maharashtra,Local
16/11/2021,Onion,23,Satara,FAQ,Vai,3500,1500,2300,Maharashtra,Local
20/11/2021,Onion,23,Satara,FAQ,Vai,3000,1500,2250,Maharashtra,Local
25/11/2021,Onion,23,Satara,FAQ,Vai,3000,1200,2200,Maharashtra,Local
02/12/2021,Onion,23,Satara,FAQ,Vai,3000,1000,2000,Maharashtra,Local
05/12/2021,Onion,23,Satara,FAQ,Vai,3000,1000,2000,Maharashtra,Local
24/12/2021,Onion,23,Satara,FAQ,Vai,3000,1000,2000,Maharashtra,Local
27/12/2021,Onion,23,Satara,FAQ,Vai,3200,1000,1900,Maharashtra,Local
02/08/2025,Onion,23,Satara,Local,Vai,1700,1000,1400,Maharashtra,Local
18/08/2025,Onion,23,Satara,Local,Vai,2200,1200,1800,Maharashtra,Local
04/08/2025,Onion,23,Satara,Local,Vai,1700,1000,1400,Maharashtra,Local
25/08/2025,Onion,23,Satara,Local,Vai,2400,1500,2000,Maharashtra,Local
07/05/2025,Onion,23,Satara,Local,Vai,1300,500,900,Maharashtra,Local
10/05/2025,Onion,23,Satara,Local,Vai,1300,500,850,Maharashtra,Local
28/05/2025,Onion,23,Satara,Local,Vai,1600,700,1100,Maharashtra,Local
08/06/2025,Onion,23,Satara,Local,Vai,1700,1000,1400,Maharashtra,Local
12/07/2025,Onion,23,Satara,Local,Vai,1800,1000,1500,Maharashtra,Local
13/02/2017,Onion,23,Satara,FAQ,Vai,700,300,500,Maharashtra,Local
17/04/2017,Onion,23,Satara,FAQ,Vai,650,300,500,Maharashtra,Local
19/06/2017,Onion,23,Satara,FAQ,Vai,700,300,500,Maharashtra,Local
07/08/2017,Onion,23,Satara,FAQ,Vai,2500,600,2200,Maharashtra,Local
21/08/2017,Onion,23,Satara,FAQ,Vai,2000,800,1550,Maharashtra,Local
30/08/2017,Onion,23,Satara,FAQ,Vai,1100,400,700,Maharashtra,Local
25/09/2017,Onion,23,Satara,FAQ,Vai,2000,1000,1600,Maharashtra,Local
02/10/2017,Onion,23,Satara,FAQ,Vai,1800,1000,1750,Maharashtra,Local
20/11/2017,Onion,23,Satara,FAQ,Vai,4000,1000,3200,Maharashtra,Local
25/12/2017,Onion,23,Satara,FAQ,Vai,3500,1400,2500,Maharashtra,Local
10/02/2020,Onion,23,Satara,FAQ,Vai,2000,1000,1500,Maharashtra,Local
12/02/2020,Onion,23,Satara,FAQ,Vai,2000,800,1400,Maharashtra,Local
20/02/2020,Onion,23,Satara,FAQ,Vai,2000,1000,1500,Maharashtra,Local
21/02/2020,Onion,23,Satara,FAQ,Vai,2000,1000,1500,Maharashtra,Local
14/03/2020,Onion,23,Satara,FAQ,Vai,2000,1000,1500,Maharashtra,Local
20/03/2020,Onion,23,Satara,FAQ,Vai,1700,700,1200,Maharashtra,Local
21/03/2020,Onion,23,Satara,FAQ,Vai,1800,700,1200,Maharashtra,Local
03/04/2020,Onion,23,Satara,FAQ,Vai,1800,1000,1400,Maharashtra,Local
04/04/2020,Onion,23,Satara,FAQ,Vai,2000,1000,1500,Maharashtra,Local
06/04/2020,Onion,23,Satara,FAQ,Vai,2000,800,1400,Maharashtra,Local
07/04/2020,Onion,23,Satara,FAQ,Vai,1700,800,1200,Maharashtra,Local
10/06/2020,Onion,23,Satara,FAQ,Vai,1000,500,750,Maharashtra,Local
12/06/2020,Onion,23,Satara,FAQ,Vai,1000,500,750,Maharashtra,Local
15/06/2020,Onion,23,Satara,FAQ,Vai,1000,500,750,Maharashtra,Local
18/06/2020,Onion,23,Satara,FAQ,Vai,1000,500,750,Maharashtra,Local
23/06/2020,Onion,23,Satara,FAQ,Vai,1000,500,750,Maharashtra,Local
26/06/2020,Onion,23,Satara,FAQ,Vai,1000,500,750,Maharashtra,Local
30/07/2020,Onion,23,Satara,FAQ,Vai,1000,500,750,Maharashtra,Local
31/07/2020,Onion,23,Satara,FAQ,Vai,1000,500,750,Maharashtra,Local
03/08/2020,Onion,23,Satara,FAQ,Vai,1000,500,750,Maharashtra,Local
11/08/2020,Onion,23,Satara,FAQ,Vai,1000,500,750,Maharashtra,Local
13/08/2020,Onion,23,Satara,FAQ,Vai,1000,500,750,Maharashtra,Local
23/08/2020,Onion,23,Satara,FAQ,Vai,1500,800,1150,Maharashtra,Local
27/08/2020,Onion,23,Satara,FAQ,Vai,1500,700,1100,Maharashtra,Local
28/08/2020,Onion,23,Satara,FAQ,Vai,1600,800,1200,Maharashtra,Local
02/09/2020,Onion,23,Satara,FAQ,Vai,1500,800,1100,Maharashtra,Local
06/09/2020,Onion,23,Satara,FAQ,Vai,1600,1000,1300,Maharashtra,Local
14/09/2020,Onion,23,Satara,FAQ,Vai,2200,1000,1600,Maharashtra,Local
18/09/2020,Onion,23,Satara,FAQ,Vai,2200,1000,1600,Maharashtra,Local
19/09/2020,Onion,23,Satara,FAQ,Vai,2300,1000,1650,Maharashtra,Local
20/09/2020,Onion,23,Satara,FAQ,Vai,2400,1500,1950,Maharashtra,Local
01/11/2020,Onion,23,Satara,FAQ,Vai,5000,2500,3750,Maharashtra,Local
12/11/2020,Onion,23,Satara,FAQ,Vai,4800,3000,3900,Maharashtra,Local
16/11/2020,Onion,23,Satara,FAQ,Vai,5000,3000,4000,Maharashtra,Local
09/12/2020,Onion,23,Satara,FAQ,Vai,3800,2000,2900,Maharashtra,Local
14/01/2024,Onion,23,Satara,FAQ,Vai,2500,1000,1750,Maharashtra,Local
24/02/2024,Onion,23,Satara,FAQ,Vai,1600,800,1200,Maharashtra,Local
01/03/2024,Onion,23,Satara,FAQ,Vai,2000,800,1400,Maharashtra,Local
05/03/2024,Onion,23,Satara,FAQ,Vai,1700,700,1100,Maharashtra,Local
07/03/2024,Onion,23,Satara,FAQ,Vai,1600,700,1200,Maharashtra,Local
14/03/2024,Onion,23,Satara,FAQ,Vai,1600,800,1200,Maharashtra,Local
16/03/2024,Onion,23,Satara,FAQ,Vai,1600,800,1200,Maharashtra,Local
18/03/2024,Onion,23,Satara,FAQ,Vai,1600,700,1200,Maharashtra,Local
13/05/2024,Onion,23,Satara,FAQ,Vai,2200,1000,1700,Maharashtra,Local
18/05/2024,Onion,23,Satara,FAQ,Vai,2000,1000,1500,Maharashtra,Local
12/05/2024,Onion,23,Satara,FAQ,Vai,2000,1000,1700,Maharashtra,Local
15/05/2024,Onion,23,Satara,FAQ,Vai,2000,1000,1500,Maharashtra,Local
02/06/2024,Onion,23,Satara,FAQ,Vai,2500,1000,1800,Maharashtra,Local
04/06/2024,Onion,23,Satara,FAQ,Vai,2800,1000,1900,Maharashtra,Local
07/06/2024,Onion,23,Satara,FAQ,Vai,2700,1000,2000,Maharashtra,Local
16/06/2024,Onion,23,Satara,FAQ,Vai,3200,1500,2300,Maharashtra,Local
30/06/2024,Onion,23,Satara,FAQ,Vai,3000,1500,2400,Maharashtra,Local
14/07/2024,Onion,23,Satara,FAQ,Vai,3000,1500,2500,Maharashtra,Local
18/07/2024,Onion,23,Satara,FAQ,Vai,3000,1500,2300,Maharashtra,Local
28/07/2024,Onion,23,Satara,FAQ,Vai,3000,1500,2500,Maharashtra,Local
30/07/2024,Onion,23,Satara,FAQ,Vai,3000,1500,2500,Maharashtra,Local
01/01/2023,Onion,23,Satara,FAQ,Vai,2000,1000,1500,Maharashtra,Local
19/01/2023,Onion,23,Satara,FAQ,Vai,2000,1000,1500,Maharashtra,Local
20/01/2023,Onion,23,Satara,FAQ,Vai,2000,1000,1500,Maharashtra,Local
27/01/2023,Onion,23,Satara,FAQ,Vai,1800,1000,1400,Maharashtra,Local
07/02/2023,Onion,23,Satara,FAQ,Vai,1800,1000,1400,Maharashtra,Local
15/02/2023,Onion,23,Satara,FAQ,Vai,1600,800,1250,Maharashtra,Local
14/03/2023,Onion,23,Satara,FAQ,Vai,1200,700,950,Maharashtra,Local
15/03/2023,Onion,23,Satara,FAQ,Vai,1300,500,900,Maharashtra,Local
18/03/2023,Onion,23,Satara,FAQ,Vai,1300,700,1100,Maharashtra,Local
26/03/2023,Onion,23,Satara,FAQ,Vai,1300,700,950,Maharashtra,Local
02/04/2023,Onion,23,Satara,FAQ,Vai,1100,500,800,Maharashtra,Local
09/05/2023,Onion,23,Satara,FAQ,Vai,900,400,700,Maharashtra,Local
12/05/2023,Onion,23,Satara,FAQ,Vai,900,400,700,Maharashtra,Local
13/05/2023,Onion,23,Satara,FAQ,Vai,900,300,600,Maharashtra,Local
28/05/2023,Onion,23,Satara,FAQ,Vai,900,300,550,Maharashtra,Local
03/06/2023,Onion,23,Satara,FAQ,Vai,800,200,500,Maharashtra,Local
16/06/2023,Onion,23,Satara,FAQ,Vai,1000,300,700,Maharashtra,Local
20/06/2023,Onion,23,Satara,FAQ,Vai,1200,400,1000,Maharashtra,Local
10/08/2023,Onion,23,Satara,FAQ,Vai,1500,700,1100,Maharashtra,Local
12/08/2023,Onion,23,Satara,FAQ,Vai,2000,800,1500,Maharashtra,Local
19/08/2023,Onion,23,Satara,FAQ,Vai,2800,1000,1800,Maharashtra,Local
26/08/2023,Onion,23,Satara,FAQ,Vai,2500,800,1700,Maharashtra,Local
01/09/2023,Onion,23,Satara,FAQ,Vai,2500,1000,1750,Maharashtra,Local
02/09/2023,Onion,23,Satara,FAQ,Vai,2500,1000,1750,Maharashtra,Local
03/09/2023,Onion,23,Satara,FAQ,Vai,2500,1000,1750,Maharashtra,Local
13/09/2023,Onion,23,Satara,FAQ,Vai,2500,1000,1750,Maharashtra,Local
16/09/2023,Onion,23,Satara,FAQ,Vai,2500,1000,1750,Maharashtra,Local
19/10/2023,Onion,23,Satara,FAQ,Vai,2500,1000,1800,Maharashtra,Local
20/10/2023,Onion,23,Satara,FAQ,Vai,3000,1500,2500,Maharashtra,Local
26/10/2023,Onion,23,Satara,FAQ,Vai,4200,2000,3100,Maharashtra,Local
11/11/2023,Onion,23,Satara,FAQ,Vai,4000,2000,3000,Maharashtra,Local
30/11/2023,Onion,23,Satara,FAQ,Vai,4500,1500,3000,Maharashtra,Local
02/12/2023,Onion,23,Satara,FAQ,Vai,4000,1500,2500,Maharashtra,Local
04/12/2023,Onion,23,Satara,FAQ,Vai,5000,2000,3500,Maharashtra,Local
09/12/2023,Onion,23,Satara,FAQ,Vai,5000,2000,3500,Maharashtra,Local
26/12/2023,Onion,23,Satara,FAQ,Vai,3000,1500,2250,Maharashtra,Local
31/01/2022,Onion,23,Satara,FAQ,Vai,2700,1000,1800,Maharashtra,Local
06/02/2022,Onion,23,Satara,FAQ,Vai,2700,1000,1800,Maharashtra,Local
12/02/2022,Onion,23,Satara,FAQ,Vai,2500,1000,1700,Maharashtra,Local
22/02/2022,Onion,23,Satara,FAQ,Vai,2500,1000,1800,Maharashtra,Local
13/03/2022,Onion,23,Satara,FAQ,Vai,1500,700,1100,Maharashtra,Local
14/03/2022,Onion,23,Satara,FAQ,Vai,1500,500,1000,Maharashtra,Local
15/03/2022,Onion,23,Satara,FAQ,Vai,1500,500,1000,Maharashtra,Local
08/04/2022,Onion,23,Satara,FAQ,Vai,1200,500,850,Maharashtra,Local
13/04/2022,Onion,23,Satara,FAQ,Vai,1200,500,800,Maharashtra,Local
21/04/2022,Onion,23,Satara,FAQ,Vai,1200,500,800,Maharashtra,Local
26/04/2022,Onion,23,Satara,FAQ,Vai,1200,500,850,Maharashtra,Local
27/04/2022,Onion,23,Satara,FAQ,Vai,1200,500,850,Maharashtra,Local
01/05/2022,Onion,23,Satara,FAQ,Vai,1200,500,850,Maharashtra,Local
05/05/2022,Onion,23,Satara,FAQ,Vai,1200,500,850,Maharashtra,Local
12/05/2022,Onion,23,Satara,FAQ,Vai,1000,500,750,Maharashtra,Local
28/05/2022,Onion,23,Satara,FAQ,Vai,1200,500,850,Maharashtra,Local
01/06/2022,Onion,23,Satara,FAQ,Vai,1200,500,800,Maharashtra,Local
10/06/2022,Onion,23,Satara,FAQ,Vai,1400,500,1100,Maharashtra,Local
13/06/2022,Onion,23,Satara,FAQ,Vai,1500,500,1000,Maharashtra,Local
08/07/2022,Onion,23,Satara,FAQ,Vai,1500,700,1100,Maharashtra,Local
10/07/2022,Onion,23,Satara,FAQ,Vai,1500,700,1100,Maharashtra,Local
20/07/2022,Onion,23,Satara,FAQ,Vai,1500,700,1050,Maharashtra,Local
25/07/2022,Onion,23,Satara,FAQ,Vai,1500,700,1100,Maharashtra,Local
08/08/2022,Onion,23,Satara,FAQ,Vai,1400,500,950,Maharashtra,Local
22/09/2022,Onion,23,Satara,FAQ,Vai,1500,700,1100,Maharashtra,Local
30/09/2022,Onion,23,Satara,FAQ,Vai,1500,700,1100,Maharashtra,Local
16/10/2022,Onion,23,Satara,FAQ,Vai,2000,1000,1500,Maharashtra,Local
29/10/2022,Onion,23,Satara,FAQ,Vai,2700,1200,1850,Maharashtra,Local
19/11/2022,Onion,23,Satara,FAQ,Vai,2400,1000,1800,Maharashtra,Local
20/11/2022,Onion,23,Satara,FAQ,Vai,2400,1000,1650,Maharashtra,Local
26/11/2022,Onion,23,Satara,FAQ,Vai,2000,1000,1500,Maharashtra,Local
19/12/2022,Onion,23,Satara,FAQ,Vai,1600,800,1200,Maharashtra,Local
26/12/2022,Onion,23,Satara,FAQ,Vai,2500,1500,2000,Maharashtra,Local
05/03/2025,Onion,23,Satara,Local,Vai,2500,1500,2000,Maharashtra,Local
02/10/2025,Onion,23,Satara,Local,Vai,2000,1000,1600,Maharashtra,Local
16/10/2025,Onion,23,Satara,Local,Vai,1700,1000,1400,Maharashtra,Local
07/02/2020,Onion,23,Satara,FAQ,Vai,2500,1000,1750,Maharashtra,Local
19/02/2020,Onion,23,Satara,FAQ,Vai,2300,800,1500,Maharashtra,Local
26/02/2020,Onion,23,Satara,FAQ,Vai,2200,1000,1550,Maharashtra,Local
27/02/2020,Onion,23,Satara,FAQ,Vai,2000,1000,1500,Maharashtra,Local
29/02/2020,Onion,23,Satara,FAQ,Vai,2000,1000,1500,Maharashtra,Local
06/03/2020,Onion,23,Satara,FAQ,Vai,1800,700,1250,Maharashtra,Local
07/03/2020,Onion,23,Satara,FAQ,Vai,1800,700,1300,Maharashtra,Local
11/03/2020,Onion,23,Satara,FAQ,Vai,1800,600,1200,Maharashtra,Local
12/03/2020,Onion,23,Satara,FAQ,Vai,1800,700,1300,Maharashtra,Local
29/04/2020,Onion,23,Satara,FAQ,Vai,1300,700,1000,Maharashtra,Local
08/05/2020,Onion,23,Satara,FAQ,Vai,1200,600,900,Maharashtra,Local
12/05/2020,Onion,23,Satara,FAQ,Vai,1200,600,900,Maharashtra,Local
14/05/2020,Onion,23,Satara,FAQ,Vai,1200,600,900,Maharashtra,Local
25/05/2020,Onion,23,Satara,FAQ,Vai,1100,500,800,Maharashtra,Local
02/06/2020,Onion,23,Satara,FAQ,Vai,1100,500,800,Maharashtra,Local
05/06/2020,Onion,23,Satara,FAQ,Vai,1100,600,800,Maharashtra,Local
17/06/2020,Onion,23,Satara,FAQ,Vai,1000,500,750,Maharashtra,Local
25/06/2020,Onion,23,Satara,FAQ,Vai,1000,500,750,Maharashtra,Local
30/06/2020,Onion,23,Satara,FAQ,Vai,1000,500,750,Maharashtra,Local
01/07/2020,Onion,23,Satara,FAQ,Vai,1000,500,750,Maharashtra,Local
02/07/2020,Onion,23,Satara,FAQ,Vai,1000,500,750,Maharashtra,Local
09/07/2020,Onion,23,Satara,FAQ,Vai,1000,500,750,Maharashtra,Local
24/07/2020,Onion,23,Satara,FAQ,Vai,1000,500,750,Maharashtra,Local
26/07/2020,Onion,23,Satara,FAQ,Vai,1000,500,750,Maharashtra,Local
10/08/2020,Onion,23,Satara,FAQ,Vai,1000,500,750,Maharashtra,Local
15/08/2020,Onion,23,Satara,FAQ,Vai,1000,500,750,Maharashtra,Local
16/08/2020,Onion,23,Satara,FAQ,Vai,1000,500,750,Maharashtra,Local
22/08/2020,Onion,23,Satara,FAQ,Vai,1200,600,900,Maharashtra,Local
25/08/2020,Onion,23,Satara,FAQ,Vai,1500,700,1100,Maharashtra,Local
03/09/2020,Onion,23,Satara,FAQ,Vai,1600,800,1200,Maharashtra,Local
07/09/2020,Onion,23,Satara,FAQ,Vai,1600,800,1200,Maharashtra,Local
11/09/2020,Onion,23,Satara,FAQ,Vai,1600,1000,1300,Maharashtra,Local
17/09/2020,Onion,23,Satara,FAQ,Vai,2200,1500,1850,Maharashtra,Local
06/10/2020,Onion,23,Satara,FAQ,Vai,3500,2000,2750,Maharashtra,Local
31/10/2020,Onion,23,Satara,FAQ,Vai,5000,3000,4000,Maharashtra,Local
02/11/2020,Onion,23,Satara,FAQ,Vai,5000,2000,3500,Maharashtra,Local
09/11/2020,Onion,23,Satara,FAQ,Vai,5000,3000,4000,Maharashtra,Local
15/11/2020,Onion,23,Satara,FAQ,Vai,5000,3000,4000,Maharashtra,Local
28/11/2020,Onion,23,Satara,FAQ,Vai,5000,3000,4000,Maharashtra,Local
13/12/2020,Onion,23,Satara,FAQ,Vai,3200,1500,2450,Maharashtra,Local
03/01/2021,Onion,23,Satara,FAQ,Vai,3000,1000,2000,Maharashtra,Local
16/01/2021,Onion,23,Satara,FAQ,Vai,3000,1000,2000,Maharashtra,Local
20/01/2021,Onion,23,Satara,FAQ,Vai,3000,1500,2250,Maharashtra,Local
27/01/2021,Onion,23,Satara,FAQ,Vai,3000,1500,2250,Maharashtra,Local
04/02/2021,Onion,23,Satara,FAQ,Vai,3500,2000,2750,Maharashtra,Local
08/02/2021,Onion,23,Satara,FAQ,Vai,3700,2000,2850,Maharashtra,Local
16/02/2021,Onion,23,Satara,FAQ,Vai,4000,2000,3000,Maharashtra,Local
03/03/2021,Onion,23,Satara,FAQ,Vai,2500,1000,1750,Maharashtra,Local
04/03/2021,Onion,23,Satara,FAQ,Vai,2500,1000,1750,Maharashtra,Local
07/03/2021,Onion,23,Satara,FAQ,Vai,2500,1000,1800,Maharashtra,Local
09/03/2021,Onion,23,Satara,FAQ,Vai,2400,1500,1950,Maharashtra,Local
26/03/2021,Onion,23,Satara,FAQ,Vai,1600,700,1100,Maharashtra,Local
02/04/2021,Onion,23,Satara,FAQ,Vai,1400,700,1050,Maharashtra,Local
13/04/2021,Onion,23,Satara,FAQ,Vai,1300,700,1000,Maharashtra,Local
27/04/2021,Onion,23,Satara,FAQ,Vai,1500,800,1100,Maharashtra,Local
29/04/2021,Onion,23,Satara,FAQ,Vai,1400,700,1000,Maharashtra,Local
10/05/2021,Onion,23,Satara,FAQ,Vai,1400,700,1100,Maharashtra,Local
18/05/2021,Onion,23,Satara,FAQ,Vai,1300,700,1000,Maharashtra,Local
18/06/2021,Onion,23,Satara,FAQ,Vai,2000,800,1400,Maharashtra,Local
19/06/2021,Onion,23,Satara,FAQ,Vai,1800,800,1400,Maharashtra,Local
25/06/2021,Onion,23,Satara,FAQ,Vai,2000,1000,1500,Maharashtra,Local
28/06/2021,Onion,23,Satara,FAQ,Vai,2000,1000,1500,Maharashtra,Local
04/07/2021,Onion,23,Satara,FAQ,Vai,1800,1000,1400,Maharashtra,Local
25/07/2021,Onion,23,Satara,FAQ,Vai,1800,1000,1400,Maharashtra,Local
27/07/2021,Onion,23,Satara,FAQ,Vai,1500,1000,1250,Maharashtra,Local
01/08/2021,Onion,23,Satara,FAQ,Vai,2000,1000,1500,Maharashtra,Local
03/08/2021,Onion,23,Satara,FAQ,Vai,2000,1200,1600,Maharashtra,Local
04/08/2021,Onion,23,Satara,FAQ,Vai,2000,1200,1500,Maharashtra,Local
05/08/2021,Onion,23,Satara,FAQ,Vai,2000,1200,1600,Maharashtra,Local
16/08/2021,Onion,23,Satara,FAQ,Vai,2000,1000,1500,Maharashtra,Local
20/08/2021,Onion,23,Satara,FAQ,Vai,1900,1000,1500,Maharashtra,Local
24/08/2021,Onion,23,Satara,FAQ,Vai,2000,1000,1500,Maharashtra,Local
30/08/2021,Onion,23,Satara,FAQ,Vai,2000,1200,1600,Maharashtra,Local
31/08/2021,Onion,23,Satara,FAQ,Vai,1900,1300,1600,Maharashtra,Local
03/09/2021,Onion,23,Satara,FAQ,Vai,1800,1200,1500,Maharashtra,Local
08/09/2021,Onion,23,Satara,FAQ,Vai,1900,1200,1550,Maharashtra,Local
30/09/2021,Onion,23,Satara,FAQ,Vai,2200,1300,1650,Maharashtra,Local
02/10/2021,Onion,23,Satara,FAQ,Vai,2400,1500,1900,Maharashtra,Local
06/10/2021,Onion,23,Satara,FAQ,Vai,3500,2000,2750,Maharashtra,Local
31/10/2021,Onion,23,Satara,FAQ,Vai,2800,1200,2000,Maharashtra,Local
14/11/2021,Onion,23,Satara,FAQ,Vai,3500,1500,2750,Maharashtra,Local
24/11/2021,Onion,23,Satara,FAQ,Vai,3000,1200,2000,Maharashtra,Local
04/12/2021,Onion,23,Satara,FAQ,Vai,2800,1000,1800,Maharashtra,Local
15/12/2021,Onion,23,Satara,FAQ,Vai,3000,1000,2000,Maharashtra,Local
22/12/2021,Onion,23,Satara,FAQ,Vai,3000,1000,2000,Maharashtra,Local
26/12/2021,Onion,23,Satara,FAQ,Vai,3000,1000,2000,Maharashtra,Local
28/12/2021,Onion,23,Satara,FAQ,Vai,3000,1000,2000,Maharashtra,Local
30/12/2021,Onion,23,Satara,FAQ,Vai,3500,1000,2250,Maharashtra,Local
27/07/2015,Onion,23,Satara,FAQ,Vai,3000,2500,2870,Maharashtra,Local
23/01/2006,Onion,23,Satara,FAQ,Vai,400,250,300,Maharashtra,Other
27/02/2006,Onion,23,Satara,FAQ,Vai,300,200,250,Maharashtra,Other
07/08/2006,Onion,23,Satara,FAQ,Vai,400,300,350,Maharashtra,Other
22/08/2006,Onion,23,Satara,FAQ,Vai,325,300,312,Maharashtra,Other
09/10/2006,Onion,23,Satara,FAQ,Vai,400,200,300,Maharashtra,Other
12/10/2006,Onion,23,Satara,FAQ,Vai,450,400,425,Maharashtra,Other
27/10/2006,Onion,23,Satara,FAQ,Vai,525,500,512,Maharashtra,Other
04/11/2006,Onion,23,Satara,FAQ,Vai,700,500,600,Maharashtra,Other
06/02/2017,Onion,23,Satara,FAQ,Vai,700,400,650,Maharashtra,Local
27/03/2017,Onion,23,Satara,FAQ,Vai,600,400,540,Maharashtra,Local
03/04/2017,Onion,23,Satara,FAQ,Vai,600,300,500,Maharashtra,Local
12/06/2017,Onion,23,Satara,FAQ,Vai,800,500,650,Maharashtra,Local
31/07/2017,Onion,23,Satara,FAQ,Vai,1800,1100,1600,Maharashtra,Local
14/08/2017,Onion,23,Satara,FAQ,Vai,2000,1000,1550,Maharashtra,Local
23/10/2017,Onion,23,Satara,FAQ,Vai,4500,1000,3500,Maharashtra,Local
06/11/2017,Onion,23,Satara,FAQ,Vai,3200,1000,2500,Maharashtra,Local
13/11/2017,Onion,23,Satara,FAQ,Vai,3400,1300,2500,Maharashtra,Local
18/12/2017,Onion,23,Satara,FAQ,Vai,3500,1500,3000,Maharashtra,Local
12/10/2009,Onion,23,Satara,FAQ,Vai,1500,1400,1450,Maharashtra,Other
01/01/2008,Onion,23,Satara,FAQ,Vai,600,500,550,Maharashtra,Other
07/01/2008,Onion,23,Satara,FAQ,Vai,500,400,450,Maharashtra,Other
09/01/2008,Onion,23,Satara,FAQ,Vai,500,400,450,Maharashtra,Other
10/01/2008,Onion,23,Satara,FAQ,Vai,500,400,450,Maharashtra,Other
13/01/2008,Onion,23,Satara,FAQ,Vai,600,500,550,Maharashtra,Other
19/01/2008,Onion,23,Satara,FAQ,Vai,500,300,400,Maharashtra,Other
26/01/2007,Onion,23,Satara,FAQ,Vai,1100,900,1000,Maharashtra,Other
28/01/2007,Onion,23,Satara,FAQ,Vai,500,400,450,Maharashtra,Other
13/02/2007,Onion,23,Satara,FAQ,Vai,1200,1000,1100,Maharashtra,Other
22/02/2007,Onion,23,Satara,FAQ,Vai,1000,800,900,Maharashtra,Other
12/03/2007,Onion,23,Satara,FAQ,Vai,800,500,650,Maharashtra,Other
21/03/2007,Onion,23,Satara,FAQ,Vai,600,500,550,Maharashtra,Other
12/04/2007,Onion,23,Satara,FAQ,Vai,600,400,500,Maharashtra,Other
16/04/2007,Onion,23,Satara,FAQ,Vai,450,300,375,Maharashtra,Other
21/04/2007,Onion,23,Satara,FAQ,Vai,500,300,400,Maharashtra,Other
24/04/2007,Onion,23,Satara,FAQ,Vai,500,400,450,Maharashtra,Other
02/05/2007,Onion,23,Satara,FAQ,Vai,1100,800,950,Maharashtra,Other
04/05/2007,Onion,23,Satara,FAQ,Vai,500,400,450,Maharashtra,Other
06/05/2007,Onion,23,Satara,FAQ,Vai,500,400,450,Maharashtra,Other
14/05/2007,Onion,23,Satara,FAQ,Vai,600,500,550,Maharashtra,Other
24/05/2007,Onion,23,Satara,FAQ,Vai,650,500,575,Maharashtra,Other
25/05/2007,Onion,23,Satara,FAQ,Vai,650,500,575,Maharashtra,Other
08/06/2007,Onion,23,Satara,FAQ,Vai,700,600,650,Maharashtra,Other
16/06/2007,Onion,23,Satara,FAQ,Vai,1000,800,900,Maharashtra,Other
21/06/2007,Onion,23,Satara,FAQ,Vai,1000,800,900,Maharashtra,Other
23/06/2007,Onion,23,Satara,FAQ,Vai,900,800,850,Maharashtra,Other
10/07/2007,Onion,23,Satara,FAQ,Vai,1000,800,900,Maharashtra,Other
17/07/2007,Onion,23,Satara,FAQ,Vai,1100,1000,1050,Maharashtra,Other
21/07/2007,Onion,23,Satara,FAQ,Vai,1000,800,900,Maharashtra,Other
22/07/2007,Onion,23,Satara,FAQ,Vai,1000,800,900,Maharashtra,Other
26/07/2007,Onion,23,Satara,FAQ,Vai,1000,900,950,Maharashtra,Other
02/08/2007,Onion,23,Satara,FAQ,Vai,1000,800,900,Maharashtra,Other
07/08/2007,Onion,23,Satara,FAQ,Vai,1000,800,900,Maharashtra,Other
13/08/2007,Onion,23,Satara,FAQ,Vai,1000,900,950,Maharashtra,Other
03/09/2007,Onion,23,Satara,FAQ,Vai,1500,1000,1250,Maharashtra,Other
17/09/2007,Onion,23,Satara,FAQ,Vai,1500,1000,1250,Maharashtra,Other
22/09/2007,Onion,23,Satara,FAQ,Vai,1500,1200,1350,Maharashtra,Other
30/09/2007,Onion,23,Satara,FAQ,Vai,1500,1200,1350,Maharashtra,Other
05/10/2007,Onion,23,Satara,FAQ,Vai,1800,1500,1650,Maharashtra,Other
12/10/2007,Onion,23,Satara,FAQ,Vai,1500,1000,1250,Maharashtra,Other
22/10/2007,Onion,23,Satara,FAQ,Vai,1200,1000,1100,Maharashtra,Other
01/11/2007,Onion,23,Satara,FAQ,Vai,1200,800,1000,Maharashtra,Other
11/11/2007,Onion,23,Satara,FAQ,Vai,700,600,650,Maharashtra,Other
20/11/2007,Onion,23,Satara,FAQ,Vai,800,600,700,Maharashtra,Other
28/11/2007,Onion,23,Satara,FAQ,Vai,700,500,600,Maharashtra,Other
03/12/2007,Onion,23,Satara,FAQ,Vai,700,500,600,Maharashtra,Other
04/12/2007,Onion,23,Satara,FAQ,Vai,600,500,550,Maharashtra,Other
10/12/2007,Onion,23,Satara,FAQ,Vai,600,500,550,Maharashtra,Other
18/12/2007,Onion,23,Satara,FAQ,Vai,600,400,500,Maharashtra,Other
21/12/2007,Onion,23,Satara,FAQ,Vai,700,600,650,Maharashtra,Other
29/12/2007,Onion,23,Satara,FAQ,Vai,600,500,550,Maharashtra,Other
04/01/2023,Onion,23,Satara,FAQ,Vai,1800,1000,1400,Maharashtra,Local
03/03/2023,Onion,23,Satara,FAQ,Vai,1200,500,850,Maharashtra,Local
08/03/2023,Onion,23,Satara,FAQ,Vai,1300,500,800,Maharashtra,Local
09/03/2023,Onion,23,Satara,FAQ,Vai,1300,500,950,Maharashtra,Local
19/03/2023,Onion,23,Satara,FAQ,Vai,1300,700,1000,Maharashtra,Local
23/03/2023,Onion,23,Satara,FAQ,Vai,1300,500,950,Maharashtra,Local
27/03/2023,Onion,23,Satara,FAQ,Vai,1200,700,950,Maharashtra,Local
31/03/2023,Onion,23,Satara,FAQ,Vai,1100,500,800,Maharashtra,Local
12/04/2023,Onion,23,Satara,FAQ,Vai,1000,500,750,Maharashtra,Local
16/04/2023,Onion,23,Satara,FAQ,Vai,1000,500,750,Maharashtra,Local
25/04/2023,Onion,23,Satara,FAQ,Vai,1000,500,750,Maharashtra,Local
10/05/2023,Onion,23,Satara,FAQ,Vai,900,300,600,Maharashtra,Local
17/05/2023,Onion,23,Satara,FAQ,Vai,800,300,500,Maharashtra,Local
19/05/2023,Onion,23,Satara,FAQ,Vai,900,300,550,Maharashtra,Local
11/06/2023,Onion,23,Satara,FAQ,Vai,900,300,550,Maharashtra,Local
30/06/2023,Onion,23,Satara,FAQ,Vai,1300,500,850,Maharashtra,Local
04/07/2023,Onion,23,Satara,FAQ,Vai,1400,500,900,Maharashtra,Local
19/07/2023,Onion,23,Satara,FAQ,Vai,1600,700,1100,Maharashtra,Local
20/07/2023,Onion,23,Satara,FAQ,Vai,1600,700,1100,Maharashtra,Local
26/07/2023,Onion,23,Satara,FAQ,Vai,1600,700,1100,Maharashtra,Local
30/07/2023,Onion,23,Satara,FAQ,Vai,1500,700,1100,Maharashtra,Local
14/08/2023,Onion,23,Satara,FAQ,Vai,3000,2000,2500,Maharashtra,Local
23/08/2023,Onion,23,Satara,FAQ,Vai,2700,1000,1700,Maharashtra,Local
04/10/2023,Onion,23,Satara,FAQ,Vai,2500,1000,1750,Maharashtra,Local
30/10/2023,Onion,23,Satara,FAQ,Vai,6000,4000,5000,Maharashtra,Local
19/11/2023,Onion,23,Satara,FAQ,Vai,5000,2000,3500,Maharashtra,Local
12/12/2023,Onion,23,Satara,FAQ,Vai,5000,2000,3500,Maharashtra,Local
25/01/2022,Onion,23,Satara,FAQ,Vai,3000,1000,2000,Maharashtra,Local
26/01/2022,Onion,23,Satara,FAQ,Vai,3000,1000,2000,Maharashtra,Local
30/01/2022,Onion,23,Satara,FAQ,Vai,2800,1000,1700,Maharashtra,Local
16/02/2022,Onion,23,Satara,FAQ,Vai,3000,1500,2250,Maharashtra,Local
20/02/2022,Onion,23,Satara,FAQ,Vai,3000,1500,2250,Maharashtra,Local
02/03/2022,Onion,23,Satara,FAQ,Vai,2000,800,1400,Maharashtra,Local
03/03/2022,Onion,23,Satara,FAQ,Vai,2000,800,1400,Maharashtra,Local
07/03/2022,Onion,23,Satara,FAQ,Vai,1600,500,900,Maharashtra,Local
12/03/2022,Onion,23,Satara,FAQ,Vai,1500,700,1100,Maharashtra,Local
17/03/2022,Onion,23,Satara,FAQ,Vai,1500,700,1100,Maharashtra,Local
21/03/2022,Onion,23,Satara,FAQ,Vai,1400,500,900,Maharashtra,Local
28/03/2022,Onion,23,Satara,FAQ,Vai,1300,500,1000,Maharashtra,Local
30/03/2022,Onion,23,Satara,FAQ,Vai,1200,500,850,Maharashtra,Local
03/04/2022,Onion,23,Satara,FAQ,Vai,1300,500,850,Maharashtra,Local
11/04/2022,Onion,23,Satara,FAQ,Vai,1200,500,800,Maharashtra,Local
18/04/2022,Onion,23,Satara,FAQ,Vai,1100,500,800,Maharashtra,Local
19/04/2022,Onion,23,Satara,FAQ,Vai,1100,500,800,Maharashtra,Local
30/04/2022,Onion,23,Satara,FAQ,Vai,1200,500,800,Maharashtra,Local
02/05/2022,Onion,23,Satara,FAQ,Vai,1200,500,950,Maharashtra,Local
10/05/2022,Onion,23,Satara,FAQ,Vai,1000,500,750,Maharashtra,Local
16/05/2022,Onion,23,Satara,FAQ,Vai,1000,500,750,Maharashtra,Local
17/05/2022,Onion,23,Satara,FAQ,Vai,1000,500,750,Maharashtra,Local
22/05/2022,Onion,23,Satara,FAQ,Vai,1000,500,750,Maharashtra,Local
25/06/2022,Onion,23,Satara,FAQ,Vai,1500,700,1100,Maharashtra,Local
16/07/2022,Onion,23,Satara,FAQ,Vai,1500,700,1100,Maharashtra,Local
23/07/2022,Onion,23,Satara,FAQ,Vai,1500,700,1100,Maharashtra,Local
24/07/2022,Onion,23,Satara,FAQ,Vai,1400,700,1100,Maharashtra,Local
28/07/2022,Onion,23,Satara,FAQ,Vai,1400,700,1100,Maharashtra,Local
12/08/2022,Onion,23,Satara,FAQ,Vai,1500,700,1100,Maharashtra,Local
18/08/2022,Onion,23,Satara,FAQ,Vai,1500,700,1100,Maharashtra,Local
02/09/2022,Onion,23,Satara,FAQ,Vai,1400,700,1100,Maharashtra,Local
07/09/2022,Onion,23,Satara,FAQ,Vai,1400,700,1100,Maharashtra,Local
10/09/2022,Onion,23,Satara,FAQ,Vai,1400,700,1100,Maharashtra,Local
25/09/2022,Onion,23,Satara,FAQ,Vai,1500,700,1100,Maharashtra,Local
15/10/2022,Onion,23,Satara,FAQ,Vai,2000,1000,1500,Maharashtra,Local
19/10/2022,Onion,23,Satara,FAQ,Vai,2000,1000,1500,Maharashtra,Local
27/10/2022,Onion,23,Satara,FAQ,Vai,2500,1000,1750,Maharashtra,Local
08/11/2022,Onion,23,Satara,FAQ,Vai,3000,1000,2000,Maharashtra,Local
13/11/2022,Onion,23,Satara,FAQ,Vai,2800,1000,1900,Maharashtra,Local
22/11/2022,Onion,23,Satara,FAQ,Vai,2300,1200,1800,Maharashtra,Local
03/12/2022,Onion,23,Satara,FAQ,Vai,2000,1000,1500,Maharashtra,Local
09/12/2022,Onion,23,Satara,FAQ,Vai,1800,1000,1400,Maharashtra,Local
18/12/2022,Onion,23,Satara,FAQ,Vai,1600,700,1050,Maharashtra,Local
04/01/2019,Onion,23,Satara,FAQ,Vai,900,400,750,Maharashtra,Local
15/01/2019,Onion,23,Satara,FAQ,Vai,900,300,670,Maharashtra,Local
18/01/2019,Onion,23,Satara,FAQ,Vai,800,300,650,Maharashtra,Local
29/01/2019,Onion,23,Satara,FAQ,Vai,600,200,450,Maharashtra,Local
30/01/2019,Onion,23,Satara,FAQ,Vai,600,200,530,Maharashtra,Local
04/02/2019,Onion,23,Satara,FAQ,Vai,600,200,450,Maharashtra,Local
05/02/2019,Onion,23,Satara,FAQ,Vai,700,300,640,Maharashtra,Local
14/02/2019,Onion,23,Satara,FAQ,Vai,700,200,650,Maharashtra,Local
23/02/2019,Onion,23,Satara,FAQ,Vai,600,200,500,Maharashtra,Local
28/02/2019,Onion,23,Satara,FAQ,Vai,500,200,320,Maharashtra,Local
11/03/2019,Onion,23,Satara,FAQ,Vai,900,400,650,Maharashtra,Local
06/04/2019,Onion,23,Satara,FAQ,Vai,600,209,500,Maharashtra,Local
11/04/2019,Onion,23,Satara,FAQ,Vai,600,200,560,Maharashtra,Local
22/04/2019,Onion,23,Satara,FAQ,Vai,800,300,750,Maharashtra,Local
25/04/2019,Onion,23,Satara,FAQ,Vai,800,500,750,Maharashtra,Local
27/04/2019,Onion,23,Satara,FAQ,Vai,800,400,650,Maharashtra,Local
05/05/2019,Onion,23,Satara,FAQ,Vai,800,300,650,Maharashtra,Local
10/05/2019,Onion,23,Satara,FAQ,Vai,800,400,720,Maharashtra,Local
14/05/2019,Onion,23,Satara,FAQ,Vai,900,400,850,Maharashtra,Local
22/05/2019,Onion,23,Satara,FAQ,Vai,1000,500,850,Maharashtra,Local
27/05/2019,Onion,23,Satara,FAQ,Vai,1300,400,1000,Maharashtra,Local
07/06/2019,Onion,23,Satara,FAQ,Vai,1500,500,1300,Maharashtra,Local
08/06/2019,Onion,23,Satara,FAQ,Vai,1500,700,1250,Maharashtra,Local
25/06/2019,Onion,23,Satara,FAQ,Vai,1300,500,1200,Maharashtra,Local
29/06/2019,Onion,23,Satara,FAQ,Vai,1300,500,950,Maharashtra,Local
21/07/2019,Onion,23,Satara,FAQ,Vai,1400,500,1250,Maharashtra,Local
24/07/2019,Onion,23,Satara,FAQ,Vai,1300,500,1150,Maharashtra,Local
30/07/2019,Onion,23,Satara,FAQ,Vai,1300,800,1000,Maharashtra,Local
07/08/2019,Onion,23,Satara,FAQ,Vai,1200,700,1000,Maharashtra,Local
09/08/2019,Onion,23,Satara,FAQ,Vai,1300,700,1250,Maharashtra,Local
10/08/2019,Onion,23,Satara,FAQ,Vai,1300,700,1150,Maharashtra,Local
21/08/2019,Onion,23,Satara,FAQ,Vai,2200,1500,2000,Maharashtra,Local
22/08/2019,Onion,23,Satara,FAQ,Vai,2000,1000,1650,Maharashtra,Local
30/08/2019,Onion,23,Satara,FAQ,Vai,2000,1200,1750,Maharashtra,Local
12/09/2019,Onion,23,Satara,FAQ,Vai,2800,1500,2500,Maharashtra,Local
19/09/2019,Onion,23,Satara,FAQ,Vai,3000,1500,2800,Maharashtra,Local
21/09/2019,Onion,23,Satara,FAQ,Vai,4000,2000,3850,Maharashtra,Local
25/09/2019,Onion,23,Satara,FAQ,Vai,4200,2500,4000,Maharashtra,Local
27/09/2019,Onion,23,Satara,FAQ,Vai,3600,2500,3450,Maharashtra,Local
02/10/2019,Onion,23,Satara,FAQ,Vai,3300,2000,3000,Maharashtra,Local
10/10/2019,Onion,23,Satara,FAQ,Vai,3500,2500,3250,Maharashtra,Local
20/10/2019,Onion,23,Satara,FAQ,Vai,3500,2000,3350,Maharashtra,Local
24/10/2019,Onion,23,Satara,FAQ,Vai,3500,2000,3250,Maharashtra,Local
03/11/2019,Onion,23,Satara,FAQ,Vai,5000,2000,4500,Maharashtra,Local
04/11/2019,Onion,23,Satara,FAQ,Vai,7000,4000,6500,Maharashtra,Local
06/11/2019,Onion,23,Satara,FAQ,Vai,6500,4000,6300,Maharashtra,Local
07/11/2019,Onion,23,Satara,FAQ,Vai,6000,4000,5800,Maharashtra,Local
24/11/2019,Onion,23,Satara,FAQ,Vai,6500,3000,6000,Maharashtra,Local
29/11/2019,Onion,23,Satara,FAQ,Vai,7500,3000,7000,Maharashtra,Local
03/12/2019,Onion,23,Satara,FAQ,Vai,7000,3000,6400,Maharashtra,Local
05/12/2019,Onion,23,Satara,FAQ,Vai,9000,4000,8700,Maharashtra,Local
09/12/2019,Onion,23,Satara,FAQ,Vai,12000,4000,10000,Maharashtra,Local
06/05/2024,Onion,23,Satara,FAQ,Vai,2300,1200,1900,Maharashtra,Local
09/05/2024,Onion,23,Satara,FAQ,Vai,2200,1000,1800,Maharashtra,Local
10/05/2024,Onion,23,Satara,FAQ,Vai,2100,1000,1700,Maharashtra,Local
11/05/2024,Onion,23,Satara,FAQ,Vai,1900,1000,1500,Maharashtra,Local
19/05/2024,Onion,23,Satara,FAQ,Vai,2000,1000,1500,Maharashtra,Local
22/05/2024,Onion,23,Satara,FAQ,Vai,2100,1000,1600,Maharashtra,Local
28/05/2024,Onion,23,Satara,FAQ,Vai,2300,1000,1800,Maharashtra,Local
09/01/2024,Onion,23,Satara,FAQ,Vai,3000,1000,2000,Maharashtra,Local
22/01/2024,Onion,23,Satara,FAQ,Vai,1500,500,1000,Maharashtra,Local
02/03/2024,Onion,23,Satara,FAQ,Vai,2000,800,1400,Maharashtra,Local
11/03/2024,Onion,23,Satara,FAQ,Vai,1700,600,1100,Maharashtra,Local
02/04/2024,Onion,23,Satara,FAQ,Vai,1500,700,1100,Maharashtra,Local
07/04/2024,Onion,23,Satara,FAQ,Vai,1500,700,1100,Maharashtra,Local
21/04/2024,Onion,23,Satara,FAQ,Vai,1400,700,1100,Maharashtra,Local
01/01/2018,Onion,23,Satara,FAQ,Vai,3500,1000,2200,Maharashtra,Local
05/02/2018,Onion,23,Satara,FAQ,Vai,3000,800,2200,Maharashtra,Local
19/02/2018,Onion,23,Satara,FAQ,Vai,1500,500,1200,Maharashtra,Local
26/02/2018,Onion,23,Satara,FAQ,Vai,1400,500,1000,Maharashtra,Local
12/03/2018,Onion,23,Satara,FAQ,Vai,1000,300,700,Maharashtra,Local
27/03/2018,Onion,23,Satara,FAQ,Vai,1100,400,850,Maharashtra,Local
24/04/2018,Onion,23,Satara,FAQ,Vai,800,400,600,Maharashtra,Local
01/05/2018,Onion,23,Satara,FAQ,Vai,1000,400,700,Maharashtra,Local
15/05/2018,Onion,23,Satara,FAQ,Vai,800,300,550,Maharashtra,Local
05/06/2018,Onion,23,Satara,FAQ,Vai,900,800,850,Maharashtra,Local
12/06/2018,Onion,23,Satara,FAQ,Vai,1000,800,860,Maharashtra,Local
14/06/2018,Onion,23,Satara,FAQ,Vai,1000,800,930,Maharashtra,Local
28/06/2018,Onion,23,Satara,FAQ,Vai,1100,700,900,Maharashtra,Local
29/06/2018,Onion,23,Satara,FAQ,Vai,1000,800,900,Maharashtra,Local
04/07/2018,Onion,23,Satara,FAQ,Vai,1000,800,860,Maharashtra,Local
07/07/2018,Onion,23,Satara,FAQ,Vai,1200,1000,1150,Maharashtra,Local
09/07/2018,Onion,23,Satara,FAQ,Vai,1300,800,1120,Maharashtra,Local
12/07/2018,Onion,23,Satara,FAQ,Vai,1300,1000,1150,Maharashtra,Local
24/07/2018,Onion,23,Satara,FAQ,Vai,1400,1000,1250,Maharashtra,Local
01/08/2018,Onion,23,Satara,FAQ,Vai,1200,800,1100,Maharashtra,Local
06/08/2018,Onion,23,Satara,FAQ,Vai,1500,1000,1300,Maharashtra,Local
21/08/2018,Onion,23,Satara,FAQ,Vai,1200,1000,1100,Maharashtra,Local
26/08/2018,Onion,23,Satara,FAQ,Vai,1200,1000,1120,Maharashtra,Local
28/08/2018,Onion,23,Satara,FAQ,Vai,1200,1000,1050,Maharashtra,Local
30/08/2018,Onion,23,Satara,FAQ,Vai,1200,1000,1050,Maharashtra,Local
02/09/2018,Onion,23,Satara,FAQ,Vai,1200,1000,1120,Maharashtra,Local
04/09/2018,Onion,23,Satara,FAQ,Vai,1200,1000,1100,Maharashtra,Local
14/09/2018,Onion,23,Satara,FAQ,Vai,1200,1000,1100,Maharashtra,Local
19/09/2018,Onion,23,Satara,FAQ,Vai,1100,900,1050,Maharashtra,Local
30/09/2018,Onion,23,Satara,FAQ,Vai,1100,800,950,Maharashtra,Local
07/10/2018,Onion,23,Satara,FAQ,Vai,1200,900,1000,Maharashtra,Local
13/10/2018,Onion,23,Satara,FAQ,Vai,1200,1000,1130,Maharashtra,Local
08/11/2018,Onion,23,Satara,FAQ,Vai,400,200,320,Maharashtra,Local
20/11/2018,Onion,23,Satara,FAQ,Vai,1800,1500,1650,Maharashtra,Local
22/11/2018,Onion,23,Satara,FAQ,Vai,1700,1200,1600,Maharashtra,Local
23/11/2018,Onion,23,Satara,FAQ,Vai,1500,1200,1320,Maharashtra,Local
12/12/2018,Onion,23,Satara,FAQ,Vai,1200,600,1000,Maharashtra,Local
14/12/2018,Onion,23,Satara,FAQ,Vai,1200,500,1120,Maharashtra,Local
20/12/2018,Onion,23,Satara,FAQ,Vai,1000,500,800,Maharashtra,Local
24/12/2018,Onion,23,Satara,FAQ,Vai,1100,500,750,Maharashtra,Local
27/12/2018,Onion,23,Satara,FAQ,Vai,1000,400,860,Maharashtra,Local
10/06/2024,Onion,23,Satara,FAQ,Vai,3000,1300,2400,Maharashtra,Local
25/06/2024,Onion,23,Satara,FAQ,Vai,3200,1500,2500,Maharashtra,Local
09/07/2024,Onion,23,Satara,FAQ,Vai,3000,1500,2200,Maharashtra,Local
11/07/2024,Onion,23,Satara,FAQ,Vai,3000,1500,2500,Maharashtra,Local
13/07/2024,Onion,23,Satara,FAQ,Vai,3000,1500,2500,Maharashtra,Local
19/07/2024,Onion,23,Satara,FAQ,Vai,3000,1500,1850,Maharashtra,Local
26/07/2024,Onion,23,Satara,FAQ,Vai,3000,1500,2500,Maharashtra,Local
10/01/2025,Onion,23,Satara,FAQ,Vai,4000,2000,3000,Maharashtra,Local
13/01/2025,Onion,23,Satara,FAQ,Vai,2800,1000,2000,Maharashtra,Local
28/01/2025,Onion,23,Satara,Local,Vai,4000,1500,2500,Maharashtra,Local
05/12/2024,Onion,23,Satara,FAQ,Vai,6500,3000,5500,Maharashtra,Local
11/12/2024,Onion,23,Satara,FAQ,Vai,7000,3000,5000,Maharashtra,Local
18/12/2024,Onion,23,Satara,FAQ,Vai,6500,2000,5000,Maharashtra,Local
04/11/2024,Onion,23,Satara,FAQ,Vai,6500,3000,5500,Maharashtra,Local
01/05/2025,Onion,23,Satara,Local,Vai,1400,800,1000,Maharashtra,Local
15/05/2025,Onion,23,Satara,Local,Vai,1400,500,1000,Maharashtra,Local
18/05/2025,Onion,23,Satara,Local,Vai,1500,600,1100,Maharashtra,Local
08/08/2024,Onion,23,Satara,FAQ,Vai,3000,1000,2500,Maharashtra,Local
11/08/2024,Onion,23,Satara,FAQ,Vai,3000,1000,2400,Maharashtra,Local
20/08/2024,Onion,23,Satara,FAQ,Vai,3500,2000,3000,Maharashtra,Local
26/08/2024,Onion,23,Satara,FAQ,Vai,4500,3000,3800,Maharashtra,Local
28/08/2024,Onion,23,Satara,FAQ,Vai,4500,2000,3600,Maharashtra,Local
14/09/2024,Onion,23,Satara,FAQ,Vai,4200,2500,3500,Maharashtra,Local
15/09/2024,Onion,23,Satara,FAQ,Vai,4200,2000,3500,Maharashtra,Local
18/09/2024,Onion,23,Satara,FAQ,Vai,5500,3000,4500,Maharashtra,Local
14/03/2025,Onion,23,Satara,Local,Vai,2600,1500,1800,Maharashtra,Local
29/06/2025,Onion,23,Satara,Local,Vai,1800,1000,1500,Maharashtra,Local
04/06/2025,Onion,23,Satara,Local,Vai,1900,1000,1400,Maharashtra,Local
01/09/2025,Onion,23,Satara,Local,Vai,2300,1000,1800,Maharashtra,Local
03/09/2025,Onion,23,Satara,Local,Vai,1800,1000,1500,Maharashtra,Local
05/09/2025,Onion,23,Satara,Local,Vai,2000,1200,1500,Maharashtra,Local
06/09/2025,Onion,23,Satara,Local,Vai,2000,1000,1600,Maharashtra,Local
14/09/2025,Onion,23,Satara,Local,Vai,1800,1000,1400,Maharashtra,Local
21/09/2025,Onion,23,Satara,Local,Vai,1800,1000,1500,Maharashtra,Local
05/08/2025,Onion,23,Satara,Local,Vai,1700,1000,1400,Maharashtra,Local
10/08/2025,Onion,23,Satara,Local,Vai,1800,1000,1400,Maharashtra,Local
11/08/2025,Onion,23,Satara,Local,Vai,1800,1000,1500,Maharashtra,Local
21/08/2025,Onion,23,Satara,Local,Vai,2000,1000,1600,Maharashtra,Local
29/08/2025,Onion,23,Satara,Local,Vai,1800,1200,1500,Maharashtra,Local
31/08/2025,Onion,23,Satara,Local,Vai,2300,1000,1800,Maharashtra,Local
01/08/2025,Onion,23,Satara,Local,Vai,1800,1000,1500,Maharashtra,Local
23/10/2025,Onion,23,Satara,Local,Vai,1600,1000,1300,Maharashtra,Local
04/10/2025,Onion,23,Satara,Local,Vai,1800,1000,1500,Maharashtra,Local
20/02/2007,Onion,23,Satara,FAQ,Vai,1000,800,900,Maharashtra,Other
24/02/2007,Onion,23,Satara,FAQ,Vai,1000,700,850,Maharashtra,Other
04/03/2007,Onion,23,Satara,FAQ,Vai,500,400,450,Maharashtra,Other
09/03/2007,Onion,23,Satara,FAQ,Vai,600,400,500,Maharashtra,Other
10/03/2007,Onion,23,Satara,FAQ,Vai,700,500,600,Maharashtra,Other
13/03/2007,Onion,23,Satara,FAQ,Vai,700,600,650,Maharashtra,Other
23/03/2007,Onion,23,Satara,FAQ,Vai,700,500,600,Maharashtra,Other
26/03/2007,Onion,23,Satara,FAQ,Vai,700,600,650,Maharashtra,Other
05/04/2007,Onion,23,Satara,FAQ,Vai,600,500,550,Maharashtra,Other
27/04/2007,Onion,23,Satara,FAQ,Vai,500,400,450,Maharashtra,Other
07/05/2007,Onion,23,Satara,FAQ,Vai,700,500,600,Maharashtra,Other
09/05/2007,Onion,23,Satara,FAQ,Vai,600,500,550,Maharashtra,Other
12/05/2007,Onion,23,Satara,FAQ,Vai,600,500,550,Maharashtra,Other
15/05/2007,Onion,23,Satara,FAQ,Vai,600,500,550,Maharashtra,Other
20/05/2007,Onion,23,Satara,FAQ,Vai,600,500,550,Maharashtra,Other
26/05/2007,Onion,23,Satara,FAQ,Vai,650,500,575,Maharashtra,Other
14/06/2007,Onion,23,Satara,FAQ,Vai,800,700,750,Maharashtra,Other
18/06/2007,Onion,23,Satara,FAQ,Vai,900,700,800,Maharashtra,Other
20/06/2007,Onion,23,Satara,FAQ,Vai,1000,800,900,Maharashtra,Other
24/06/2007,Onion,23,Satara,FAQ,Vai,1000,800,900,Maharashtra,Other
25/06/2007,Onion,23,Satara,FAQ,Vai,900,800,850,Maharashtra,Other
29/06/2007,Onion,23,Satara,FAQ,Vai,1100,1000,1050,Maharashtra,Other
20/07/2007,Onion,23,Satara,FAQ,Vai,1000,900,950,Maharashtra,Other
23/07/2007,Onion,23,Satara,FAQ,Vai,1000,900,950,Maharashtra,Other
28/07/2007,Onion,23,Satara,FAQ,Vai,1000,800,900,Maharashtra,Other
17/08/2007,Onion,23,Satara,FAQ,Vai,1100,1000,1050,Maharashtra,Other
20/08/2007,Onion,23,Satara,FAQ,Vai,1200,1000,1100,Maharashtra,Other
22/08/2007,Onion,23,Satara,FAQ,Vai,1000,800,900,Maharashtra,Other
25/08/2007,Onion,23,Satara,FAQ,Vai,1600,1500,1550,Maharashtra,Other
30/08/2007,Onion,23,Satara,FAQ,Vai,1500,1200,1350,Maharashtra,Other
13/09/2007,Onion,23,Satara,FAQ,Vai,1500,1000,1250,Maharashtra,Other
14/09/2007,Onion,23,Satara,FAQ,Vai,1300,1000,1150,Maharashtra,Other
18/09/2007,Onion,23,Satara,FAQ,Vai,1400,1000,1200,Maharashtra,Other
15/10/2007,Onion,23,Satara,FAQ,Vai,1500,1000,1250,Maharashtra,Other
16/10/2007,Onion,23,Satara,FAQ,Vai,1500,1200,1250,Maharashtra,Other
20/10/2007,Onion,23,Satara,FAQ,Vai,1500,1200,1350,Maharashtra,Other
23/10/2007,Onion,23,Satara,FAQ,Vai,1500,1000,1250,Maharashtra,Other
26/10/2007,Onion,23,Satara,FAQ,Vai,1500,1200,1350,Maharashtra,Other
27/10/2007,Onion,23,Satara,FAQ,Vai,1500,1000,1250,Maharashtra,Other
07/11/2007,Onion,23,Satara,FAQ,Vai,800,700,750,Maharashtra,Other
09/11/2007,Onion,23,Satara,FAQ,Vai,800,600,700,Maharashtra,Other
19/11/2007,Onion,23,Satara,FAQ,Vai,900,700,800,Maharashtra,Other
23/11/2007,Onion,23,Satara,FAQ,Vai,800,700,750,Maharashtra,Other
24/11/2007,Onion,23,Satara,FAQ,Vai,800,600,700,Maharashtra,Other
27/11/2007,Onion,23,Satara,FAQ,Vai,700,600,650,Maharashtra,Other
29/11/2007,Onion,23,Satara,FAQ,Vai,800,600,700,Maharashtra,Other
01/12/2007,Onion,23,Satara,FAQ,Vai,800,600,700,Maharashtra,Other
16/12/2007,Onion,23,Satara,FAQ,Vai,600,500,550,Maharashtra,Other
28/12/2007,Onion,23,Satara,FAQ,Vai,600,500,550,Maharashtra,Other
04/12/2024,Onion,23,Satara,FAQ,Vai,7000,3000,5000,Maharashtra,Local
09/12/2024,Onion,23,Satara,FAQ,Vai,7200,2000,4500,Maharashtra,Local
14/12/2024,Onion,23,Satara,FAQ,Vai,7000,3000,5000,Maharashtra,Local
15/12/2024,Onion,23,Satara,FAQ,Vai,6500,3000,5000,Maharashtra,Local
20/12/2024,Onion,23,Satara,FAQ,Vai,6500,2000,4500,Maharashtra,Local
27/12/2024,Onion,23,Satara,FAQ,Vai,6000,2000,4500,Maharashtra,Local
29/12/2024,Onion,23,Satara,FAQ,Vai,5500,2000,4000,Maharashtra,Local
16/01/2017,Onion,23,Satara,FAQ,Vai,1000,400,800,Maharashtra,Local
10/04/2017,Onion,23,Satara,FAQ,Vai,700,400,640,Maharashtra,Local
22/05/2017,Onion,23,Satara,FAQ,Vai,600,400,520,Maharashtra,Local
29/05/2017,Onion,23,Satara,FAQ,Vai,800,400,500,Maharashtra,Local
26/06/2017,Onion,23,Satara,FAQ,Vai,500,300,450,Maharashtra,Local
03/07/2017,Onion,23,Satara,FAQ,Vai,700,300,550,Maharashtra,Local
19/07/2017,Onion,23,Satara,FAQ,Vai,700,500,600,Maharashtra,Local
24/07/2017,Onion,23,Satara,FAQ,Vai,700,300,550,Maharashtra,Local
11/12/2017,Onion,23,Satara,FAQ,Vai,3800,1400,2600,Maharashtra,Local
17/04/2018,Onion,23,Satara,FAQ,Vai,900,400,650,Maharashtra,Local
21/05/2018,Onion,23,Satara,FAQ,Vai,800,400,650,Maharashtra,Local
07/06/2018,Onion,23,Satara,FAQ,Vai,900,700,800,Maharashtra,Local
16/06/2018,Onion,23,Satara,FAQ,Vai,1000,700,850,Maharashtra,Local
18/06/2018,Onion,23,Satara,FAQ,Vai,1000,700,860,Maharashtra,Local
23/06/2018,Onion,23,Satara,FAQ,Vai,1000,700,850,Maharashtra,Local
25/06/2018,Onion,23,Satara,FAQ,Vai,1000,700,850,Maharashtra,Local
05/07/2018,Onion,23,Satara,FAQ,Vai,1200,1000,1100,Maharashtra,Local
25/07/2018,Onion,23,Satara,FAQ,Vai,1200,1000,1120,Maharashtra,Local
07/08/2018,Onion,23,Satara,FAQ,Vai,1200,1000,1100,Maharashtra,Local
16/08/2018,Onion,23,Satara,FAQ,Vai,1200,1000,1100,Maharashtra,Local
03/09/2018,Onion,23,Satara,FAQ,Vai,1200,1000,1120,Maharashtra,Local
07/09/2018,Onion,23,Satara,FAQ,Vai,1200,1000,1120,Maharashtra,Local
10/09/2018,Onion,23,Satara,FAQ,Vai,1200,1000,1100,Maharashtra,Local
21/09/2018,Onion,23,Satara,FAQ,Vai,1200,900,1050,Maharashtra,Local
22/09/2018,Onion,23,Satara,FAQ,Vai,1200,900,1050,Maharashtra,Local
26/09/2018,Onion,23,Satara,FAQ,Vai,1000,900,940,Maharashtra,Local
29/09/2018,Onion,23,Satara,FAQ,Vai,1000,800,920,Maharashtra,Local
01/10/2018,Onion,23,Satara,FAQ,Vai,1100,900,1000,Maharashtra,Local
06/10/2018,Onion,23,Satara,FAQ,Vai,1200,800,1000,Maharashtra,Local
08/10/2018,Onion,23,Satara,FAQ,Vai,1200,900,1050,Maharashtra,Local
11/10/2018,Onion,23,Satara,FAQ,Vai,1200,1000,1120,Maharashtra,Local
16/10/2018,Onion,23,Satara,FAQ,Vai,1400,1000,1260,Maharashtra,Local
21/10/2018,Onion,23,Satara,FAQ,Vai,2000,1000,1750,Maharashtra,Local
22/10/2018,Onion,23,Satara,FAQ,Vai,2000,1500,1750,Maharashtra,Local
26/10/2018,Onion,23,Satara,FAQ,Vai,2200,1800,2130,Maharashtra,Local
06/11/2018,Onion,23,Satara,FAQ,Vai,1500,1200,1360,Maharashtra,Local
16/11/2018,Onion,23,Satara,FAQ,Vai,2000,1500,1780,Maharashtra,Local
17/11/2018,Onion,23,Satara,FAQ,Vai,2000,1500,1760,Maharashtra,Local
18/11/2018,Onion,23,Satara,FAQ,Vai,900,400,750,Maharashtra,Local
19/11/2018,Onion,23,Satara,FAQ,Vai,800,100,400,Maharashtra,Local
21/11/2018,Onion,23,Satara,FAQ,Vai,1700,1200,1560,Maharashtra,Local
27/11/2018,Onion,23,Satara,FAQ,Vai,1400,700,1240,Maharashtra,Local
01/12/2018,Onion,23,Satara,FAQ,Vai,1400,600,1000,Maharashtra,Local
04/12/2018,Onion,23,Satara,FAQ,Vai,1200,500,1100,Maharashtra,Local
05/12/2018,Onion,23,Satara,FAQ,Vai,1200,500,800,Maharashtra,Local
15/12/2018,Onion,23,Satara,FAQ,Vai,1100,500,980,Maharashtra,Local
18/12/2018,Onion,23,Satara,FAQ,Vai,1000,400,900,Maharashtra,Local
19/12/2018,Onion,23,Satara,FAQ,Vai,1000,500,850,Maharashtra,Local
25/12/2018,Onion,23,Satara,FAQ,Vai,1000,500,840,Maharashtra,Local
08/02/2020,Onion,23,Satara,FAQ,Vai,2500,1000,1700,Maharashtra,Local
11/02/2020,Onion,23,Satara,FAQ,Vai,2000,800,1400,Maharashtra,Local
13/02/2020,Onion,23,Satara,FAQ,Vai,2000,800,1400,Maharashtra,Local
14/02/2020,Onion,23,Satara,FAQ,Vai,2000,800,1450,Maharashtra,Local
09/03/2020,Onion,23,Satara,FAQ,Vai,2100,700,1400,Maharashtra,Local
16/03/2020,Onion,23,Satara,FAQ,Vai,1800,700,1200,Maharashtra,Local
19/03/2020,Onion,23,Satara,FAQ,Vai,1800,700,1250,Maharashtra,Local
27/03/2020,Onion,23,Satara,FAQ,Vai,2000,1000,1500,Maharashtra,Local
28/03/2020,Onion,23,Satara,FAQ,Vai,2000,1000,1500,Maharashtra,Local
16/04/2020,Onion,23,Satara,FAQ,Vai,1500,800,1150,Maharashtra,Local
21/04/2020,Onion,23,Satara,FAQ,Vai,1400,600,1000,Maharashtra,Local
26/04/2020,Onion,23,Satara,FAQ,Vai,1300,700,1000,Maharashtra,Local
30/04/2020,Onion,23,Satara,FAQ,Vai,1200,600,900,Maharashtra,Local
03/05/2020,Onion,23,Satara,FAQ,Vai,1200,600,900,Maharashtra,Local
04/05/2020,Onion,23,Satara,FAQ,Vai,1200,600,900,Maharashtra,Local
22/05/2020,Onion,23,Satara,FAQ,Vai,1000,500,750,Maharashtra,Local
19/06/2020,Onion,23,Satara,FAQ,Vai,1000,500,750,Maharashtra,Local
28/06/2020,Onion,23,Satara,FAQ,Vai,900,500,700,Maharashtra,Local
10/07/2020,Onion,23,Satara,FAQ,Vai,1000,500,750,Maharashtra,Local
12/07/2020,Onion,23,Satara,FAQ,Vai,1000,500,750,Maharashtra,Local
29/07/2020,Onion,23,Satara,FAQ,Vai,1000,500,750,Maharashtra,Local
01/08/2020,Onion,23,Satara,FAQ,Vai,1000,500,750,Maharashtra,Local
04/08/2020,Onion,23,Satara,FAQ,Vai,1000,500,750,Maharashtra,Local
05/08/2020,Onion,23,Satara,FAQ,Vai,1000,500,750,Maharashtra,Local
06/08/2020,Onion,23,Satara,FAQ,Vai,1000,500,750,Maharashtra,Local
07/08/2020,Onion,23,Satara,FAQ,Vai,1000,500,750,Maharashtra,Local
08/08/2020,Onion,23,Satara,FAQ,Vai,1000,500,750,Maharashtra,Local
20/08/2020,Onion,23,Satara,FAQ,Vai,1200,500,850,Maharashtra,Local
30/08/2020,Onion,23,Satara,FAQ,Vai,1600,800,1200,Maharashtra,Local
31/08/2020,Onion,23,Satara,FAQ,Vai,1600,800,1200,Maharashtra,Local
10/09/2020,Onion,23,Satara,FAQ,Vai,1600,1000,1300,Maharashtra,Local
21/09/2020,Onion,23,Satara,FAQ,Vai,2300,1500,1900,Maharashtra,Local
09/10/2020,Onion,23,Satara,FAQ,Vai,4000,2500,3250,Maharashtra,Local
12/10/2020,Onion,23,Satara,FAQ,Vai,3500,2500,3000,Maharashtra,Local
28/10/2020,Onion,23,Satara,FAQ,Vai,5000,3000,4000,Maharashtra,Local
29/10/2020,Onion,23,Satara,FAQ,Vai,4500,3000,3750,Maharashtra,Local
04/11/2020,Onion,23,Satara,FAQ,Vai,5000,2500,3750,Maharashtra,Local
11/11/2020,Onion,23,Satara,FAQ,Vai,5000,3000,4000,Maharashtra,Local
13/11/2020,Onion,23,Satara,FAQ,Vai,5000,3000,4000,Maharashtra,Local
20/11/2020,Onion,23,Satara,FAQ,Vai,5000,3000,4000,Maharashtra,Local
22/11/2020,Onion,23,Satara,FAQ,Vai,5000,3000,4000,Maharashtra,Local
29/11/2020,Onion,23,Satara,FAQ,Vai,5000,2500,3750,Maharashtra,Local
30/11/2020,Onion,23,Satara,FAQ,Vai,4500,2500,3500,Maharashtra,Local
07/12/2020,Onion,23,Satara,FAQ,Vai,3800,2500,3150,Maharashtra,Local
10/12/2020,Onion,23,Satara,FAQ,Vai,3500,2000,2750,Maharashtra,Local
15/12/2020,Onion,23,Satara,FAQ,Vai,3000,1500,1750,Maharashtra,Local
16/12/2020,Onion,23,Satara,FAQ,Vai,3000,1500,2250,Maharashtra,Local
17/01/2008,Onion,23,Satara,FAQ,Vai,400,300,350,Maharashtra,Other
18/01/2008,Onion,23,Satara,FAQ,Vai,500,300,400,Maharashtra,Other
22/01/2008,Onion,23,Satara,FAQ,Vai,500,400,450,Maharashtra,Other
11/02/2008,Onion,23,Satara,FAQ,Vai,400,200,300,Maharashtra,Other
19/02/2008,Onion,23,Satara,FAQ,Vai,350,200,275,Maharashtra,Other
27/09/2016,Onion,23,Satara,FAQ,Vai,600,400,540,Maharashtra,Local
11/10/2016,Onion,23,Satara,FAQ,Vai,700,400,640,Maharashtra,Local
17/10/2016,Onion,23,Satara,FAQ,Vai,700,500,660,Maharashtra,Local
21/06/2024,Onion,23,Satara,FAQ,Vai,3200,1500,2600,Maharashtra,Local
29/06/2024,Onion,23,Satara,FAQ,Vai,3200,2000,2600,Maharashtra,Local
01/07/2024,Onion,23,Satara,FAQ,Vai,2900,1500,2400,Maharashtra,Local
17/07/2024,Onion,23,Satara,FAQ,Vai,3000,1500,2300,Maharashtra,Local
20/07/2024,Onion,23,Satara,FAQ,Vai,3000,1500,2500,Maharashtra,Local
23/07/2024,Onion,23,Satara,FAQ,Vai,2900,1500,2400,Maharashtra,Local
28/02/2024,Onion,23,Satara,FAQ,Vai,2000,1000,1600,Maharashtra,Local
12/03/2024,Onion,23,Satara,FAQ,Vai,1600,800,1300,Maharashtra,Local
03/04/2024,Onion,23,Satara,FAQ,Vai,1500,700,1100,Maharashtra,Local
13/04/2024,Onion,23,Satara,FAQ,Vai,1500,700,1100,Maharashtra,Local
27/04/2024,Onion,23,Satara,FAQ,Vai,1300,700,1000,Maharashtra,Local
28/04/2024,Onion,23,Satara,FAQ,Vai,1400,700,1100,Maharashtra,Local
18/01/2021,Onion,23,Satara,FAQ,Vai,3200,1500,2350,Maharashtra,Local
19/01/2021,Onion,23,Satara,FAQ,Vai,3000,1500,2250,Maharashtra,Local
28/01/2021,Onion,23,Satara,FAQ,Vai,3000,1500,2250,Maharashtra,Local
01/02/2021,Onion,23,Satara,FAQ,Vai,2800,1500,2150,Maharashtra,Local
06/02/2021,Onion,23,Satara,FAQ,Vai,3000,1500,2250,Maharashtra,Local
09/02/2021,Onion,23,Satara,FAQ,Vai,4000,2500,3350,Maharashtra,Local
12/02/2021,Onion,23,Satara,FAQ,Vai,4200,2000,3100,Maharashtra,Local
13/02/2021,Onion,23,Satara,FAQ,Vai,4200,2000,3100,Maharashtra,Local
15/02/2021,Onion,23,Satara,FAQ,Vai,4200,2000,3100,Maharashtra,Local
21/02/2021,Onion,23,Satara,FAQ,Vai,4000,2000,3000,Maharashtra,Local
25/02/2021,Onion,23,Satara,FAQ,Vai,4200,2500,3350,Maharashtra,Local
11/03/2021,Onion,23,Satara,FAQ,Vai,2200,1000,1600,Maharashtra,Local
15/03/2021,Onion,23,Satara,FAQ,Vai,2000,700,1300,Maharashtra,Local
03/04/2021,Onion,23,Satara,FAQ,Vai,1400,700,1000,Maharashtra,Local
20/04/2021,Onion,23,Satara,FAQ,Vai,1400,800,1100,Maharashtra,Local
08/05/2021,Onion,23,Satara,FAQ,Vai,1400,700,1100,Maharashtra,Local
22/05/2021,Onion,23,Satara,FAQ,Vai,1400,700,1050,Maharashtra,Local
03/06/2021,Onion,23,Satara,FAQ,Vai,1800,1000,1400,Maharashtra,Local
16/06/2021,Onion,23,Satara,FAQ,Vai,2000,1000,1500,Maharashtra,Local
22/06/2021,Onion,23,Satara,FAQ,Vai,2000,1000,1500,Maharashtra,Local
27/06/2021,Onion,23,Satara,FAQ,Vai,2000,1000,1500,Maharashtra,Local
07/07/2021,Onion,23,Satara,FAQ,Vai,1800,1000,1400,Maharashtra,Local
10/07/2021,Onion,23,Satara,FAQ,Vai,1800,1000,1400,Maharashtra,Local
11/07/2021,Onion,23,Satara,FAQ,Vai,1800,1000,1400,Maharashtra,Local
12/07/2021,Onion,23,Satara,FAQ,Vai,1800,1000,1400,Maharashtra,Local
16/07/2021,Onion,23,Satara,FAQ,Vai,1800,1000,1400,Maharashtra,Local
08/08/2021,Onion,23,Satara,FAQ,Vai,2000,1000,1500,Maharashtra,Local
11/08/2021,Onion,23,Satara,FAQ,Vai,1900,1000,1450,Maharashtra,Local
18/08/2021,Onion,23,Satara,FAQ,Vai,2000,1000,1500,Maharashtra,Local
22/08/2021,Onion,23,Satara,FAQ,Vai,1900,1200,1550,Maharashtra,Local
23/08/2021,Onion,23,Satara,FAQ,Vai,1900,1300,1550,Maharashtra,Local
28/08/2021,Onion,23,Satara,FAQ,Vai,1900,1000,1450,Maharashtra,Local
01/09/2021,Onion,23,Satara,FAQ,Vai,1800,1300,1550,Maharashtra,Local
06/09/2021,Onion,23,Satara,FAQ,Vai,1900,1200,1450,Maharashtra,Local
11/09/2021,Onion,23,Satara,FAQ,Vai,1900,1200,1450,Maharashtra,Local
13/09/2021,Onion,23,Satara,FAQ,Vai,1800,1200,1500,Maharashtra,Local
28/09/2021,Onion,23,Satara,FAQ,Vai,2000,1300,1600,Maharashtra,Local
03/10/2021,Onion,23,Satara,FAQ,Vai,2400,1500,1950,Maharashtra,Local
04/10/2021,Onion,23,Satara,FAQ,Vai,3000,1500,2250,Maharashtra,Local
10/10/2021,Onion,23,Satara,FAQ,Vai,3500,2000,2750,Maharashtra,Local
13/10/2021,Onion,23,Satara,FAQ,Vai,4000,2000,3000,Maharashtra,Local
14/10/2021,Onion,23,Satara,FAQ,Vai,3800,2000,3000,Maharashtra,Local
16/10/2021,Onion,23,Satara,FAQ,Vai,3500,2000,2750,Maharashtra,Local
22/10/2021,Onion,23,Satara,FAQ,Vai,3300,1200,2200,Maharashtra,Local
25/10/2021,Onion,23,Satara,FAQ,Vai,3200,1200,2000,Maharashtra,Local
30/10/2021,Onion,23,Satara,FAQ,Vai,2800,1200,1900,Maharashtra,Local
27/11/2021,Onion,23,Satara,FAQ,Vai,2800,1200,2000,Maharashtra,Local
28/11/2021,Onion,23,Satara,FAQ,Vai,2600,1000,1300,Maharashtra,Local
29/11/2021,Onion,23,Satara,FAQ,Vai,2700,1000,1900,Maharashtra,Local
30/11/2021,Onion,23,Satara,FAQ,Vai,3000,1000,2000,Maharashtra,Local
08/12/2021,Onion,23,Satara,FAQ,Vai,3000,1000,2000,Maharashtra,Local
18/12/2021,Onion,23,Satara,FAQ,Vai,3000,1000,2500,Maharashtra,Local
21/12/2021,Onion,23,Satara,FAQ,Vai,3000,1000,2000,Maharashtra,Local
25/12/2021,Onion,23,Satara,FAQ,Vai,3000,1000,2000,Maharashtra,Local
19/06/2006,Onion,23,Satara,FAQ,Vai,250,200,225,Maharashtra,Other
17/07/2006,Onion,23,Satara,FAQ,Vai,300,200,250,Maharashtra,Other
11/09/2006,Onion,23,Satara,FAQ,Vai,400,350,375,Maharashtra,Other
10/10/2006,Onion,23,Satara,FAQ,Vai,450,400,425,Maharashtra,Other
16/10/2006,Onion,23,Satara,FAQ,Vai,400,300,350,Maharashtra,Other
13/11/2006,Onion,23,Satara,FAQ,Vai,600,500,550,Maharashtra,Other
28/11/2006,Onion,23,Satara,FAQ,Vai,700,400,550,Maharashtra,Other
12/01/2023,Onion,23,Satara,FAQ,Vai,2000,1000,1500,Maharashtra,Local
14/01/2023,Onion,23,Satara,FAQ,Vai,1900,1000,1400,Maharashtra,Local
01/03/2023,Onion,23,Satara,FAQ,Vai,1300,500,900,Maharashtra,Local
10/03/2023,Onion,23,Satara,FAQ,Vai,1500,800,1000,Maharashtra,Local
13/03/2023,Onion,23,Satara,FAQ,Vai,1200,800,1000,Maharashtra,Local
28/03/2023,Onion,23,Satara,FAQ,Vai,1200,500,800,Maharashtra,Local
30/03/2023,Onion,23,Satara,FAQ,Vai,1200,500,800,Maharashtra,Local
06/04/2023,Onion,23,Satara,FAQ,Vai,1000,500,750,Maharashtra,Local
14/04/2023,Onion,23,Satara,FAQ,Vai,1000,500,850,Maharashtra,Local
03/05/2023,Onion,23,Satara,FAQ,Vai,900,500,700,Maharashtra,Local
23/07/2023,Onion,23,Satara,FAQ,Vai,1600,500,1000,Maharashtra,Local
04/08/2023,Onion,23,Satara,FAQ,Vai,1500,700,1100,Maharashtra,Local
25/08/2023,Onion,23,Satara,FAQ,Vai,2500,1000,1750,Maharashtra,Local
06/09/2023,Onion,23,Satara,FAQ,Vai,2500,1000,1750,Maharashtra,Local
20/09/2023,Onion,23,Satara,FAQ,Vai,1000,500,750,Maharashtra,Local
24/10/2023,Onion,23,Satara,FAQ,Vai,4000,2000,3000,Maharashtra,Local
08/11/2023,Onion,23,Satara,FAQ,Vai,4000,2000,3000,Maharashtra,Local
09/11/2023,Onion,23,Satara,FAQ,Vai,4500,2000,3300,Maharashtra,Local
21/11/2023,Onion,23,Satara,FAQ,Vai,5000,2000,4500,Maharashtra,Local
24/11/2023,Onion,23,Satara,FAQ,Vai,5000,2000,3500,Maharashtra,Local
03/12/2023,Onion,23,Satara,FAQ,Vai,4500,1500,3000,Maharashtra,Local
05/12/2023,Onion,23,Satara,FAQ,Vai,5000,3000,4000,Maharashtra,Local
22/12/2023,Onion,23,Satara,FAQ,Vai,4000,1500,2800,Maharashtra,Local
29/08/2024,Onion,23,Satara,FAQ,Vai,4500,2000,3600,Maharashtra,Local
13/10/2024,Onion,23,Satara,FAQ,Vai,4500,2000,3800,Maharashtra,Local
06/10/2024,Onion,23,Satara,FAQ,Vai,4500,2500,4000,Maharashtra,Local
03/05/2024,Onion,23,Satara,FAQ,Vai,1800,700,1200,Maharashtra,Local
08/05/2024,Onion,23,Satara,FAQ,Vai,2300,1000,1900,Maharashtra,Local
29/05/2024,Onion,23,Satara,FAQ,Vai,2300,1000,1700,Maharashtra,Local
31/05/2024,Onion,23,Satara,FAQ,Vai,2200,1000,1600,Maharashtra,Local
08/09/2024,Onion,23,Satara,FAQ,Vai,4300,2000,3500,Maharashtra,Local
16/09/2024,Onion,23,Satara,FAQ,Vai,4000,2000,3300,Maharashtra,Local
28/09/2024,Onion,23,Satara,FAQ,Vai,5200,3000,4500,Maharashtra,Local
11/01/2025,Onion,23,Satara,FAQ,Vai,3500,1500,3000,Maharashtra,Local
23/01/2025,Onion,23,Satara,FAQ,Vai,4000,1500,2500,Maharashtra,Local
08/04/2025,Onion,23,Satara,Local,Vai,1600,800,1200,Maharashtra,Local
25/05/2025,Onion,23,Satara,Local,Vai,1600,800,1300,Maharashtra,Local
30/03/2025,Onion,23,Satara,Local,Vai,1800,1000,1500,Maharashtra,Local
05/01/2025,Onion,23,Satara,FAQ,Vai,4500,1500,3000,Maharashtra,Local
12/01/2025,Onion,23,Satara,FAQ,Vai,3500,1500,2500,Maharashtra,Local
31/01/2025,Onion,23,Satara,Local,Vai,3000,1500,2100,Maharashtra,Local
03/01/2019,Onion,23,Satara,FAQ,Vai,800,400,650,Maharashtra,Local
06/01/2019,Onion,23,Satara,FAQ,Vai,800,400,650,Maharashtra,Local
09/01/2019,Onion,23,Satara,FAQ,Vai,800,300,730,Maharashtra,Local
13/01/2019,Onion,23,Satara,FAQ,Vai,800,300,650,Maharashtra,Local
17/01/2019,Onion,23,Satara,FAQ,Vai,800,300,650,Maharashtra,Local
24/01/2019,Onion,23,Satara,FAQ,Vai,800,200,720,Maharashtra,Local
25/01/2019,Onion,23,Satara,FAQ,Vai,800,200,730,Maharashtra,Local
31/01/2019,Onion,23,Satara,FAQ,Vai,600,200,430,Maharashtra,Local
07/02/2019,Onion,23,Satara,FAQ,Vai,700,200,630,Maharashtra,Local
08/02/2019,Onion,23,Satara,FAQ,Vai,700,200,550,Maharashtra,Local
10/02/2019,Onion,23,Satara,FAQ,Vai,700,200,640,Maharashtra,Local
18/02/2019,Onion,23,Satara,FAQ,Vai,500,100,450,Maharashtra,Local
25/02/2019,Onion,23,Satara,FAQ,Vai,500,100,350,Maharashtra,Local
03/03/2019,Onion,23,Satara,FAQ,Vai,8000,5000,7700,Maharashtra,Local
04/03/2019,Onion,23,Satara,FAQ,Vai,500,100,350,Maharashtra,Local
06/03/2019,Onion,23,Satara,FAQ,Vai,600,200,560,Maharashtra,Local
21/03/2019,Onion,23,Satara,FAQ,Vai,600,200,430,Maharashtra,Local
26/03/2019,Onion,23,Satara,FAQ,Vai,600,300,540,Maharashtra,Local
27/03/2019,Onion,23,Satara,FAQ,Vai,600,200,500,Maharashtra,Local
03/04/2019,Onion,23,Satara,FAQ,Vai,600,200,540,Maharashtra,Local
05/04/2019,Onion,23,Satara,FAQ,Vai,600,200,450,Maharashtra,Local
15/04/2019,Onion,23,Satara,FAQ,Vai,700,300,560,Maharashtra,Local
16/04/2019,Onion,23,Satara,FAQ,Vai,700,300,600,Maharashtra,Local
18/04/2019,Onion,23,Satara,FAQ,Vai,700,300,540,Maharashtra,Local
21/04/2019,Onion,23,Satara,FAQ,Vai,700,300,550,Maharashtra,Local
28/04/2019,Onion,23,Satara,FAQ,Vai,800,400,640,Maharashtra,Local
06/05/2019,Onion,23,Satara,FAQ,Vai,800,300,650,Maharashtra,Local
12/05/2019,Onion,23,Satara,FAQ,Vai,900,500,750,Maharashtra,Local
16/05/2019,Onion,23,Satara,FAQ,Vai,900,400,700,Maharashtra,Local
03/06/2019,Onion,23,Satara,FAQ,Vai,1500,400,1000,Maharashtra,Local
09/06/2019,Onion,23,Satara,FAQ,Vai,1500,700,1250,Maharashtra,Local
13/06/2019,Onion,23,Satara,FAQ,Vai,1500,700,1350,Maharashtra,Local
15/06/2019,Onion,23,Satara,FAQ,Vai,1500,700,1100,Maharashtra,Local
18/06/2019,Onion,23,Satara,FAQ,Vai,1300,500,1150,Maharashtra,Local
27/06/2019,Onion,23,Satara,FAQ,Vai,1300,500,1150,Maharashtra,Local
02/07/2019,Onion,23,Satara,FAQ,Vai,1200,500,1150,Maharashtra,Local
05/07/2019,Onion,23,Satara,FAQ,Vai,1300,500,1050,Maharashtra,Local
13/07/2019,Onion,23,Satara,FAQ,Vai,1200,500,1000,Maharashtra,Local
14/07/2019,Onion,23,Satara,FAQ,Vai,1300,500,750,Maharashtra,Local
22/07/2019,Onion,23,Satara,FAQ,Vai,1200,500,1050,Maharashtra,Local
23/07/2019,Onion,23,Satara,FAQ,Vai,1300,500,1100,Maharashtra,Local
25/07/2019,Onion,23,Satara,FAQ,Vai,1300,500,1000,Maharashtra,Local
01/08/2019,Onion,23,Satara,FAQ,Vai,1300,700,1150,Maharashtra,Local
03/08/2019,Onion,23,Satara,FAQ,Vai,1200,700,1160,Maharashtra,Local
11/08/2019,Onion,23,Satara,FAQ,Vai,1300,700,1140,Maharashtra,Local
14/08/2019,Onion,23,Satara,FAQ,Vai,1600,1000,1450,Maharashtra,Local
15/08/2019,Onion,23,Satara,FAQ,Vai,1500,1000,1350,Maharashtra,Local
17/08/2019,Onion,23,Satara,FAQ,Vai,1600,1000,1400,Maharashtra,Local
19/08/2019,Onion,23,Satara,FAQ,Vai,2300,900,2000,Maharashtra,Local
11/09/2019,Onion,23,Satara,FAQ,Vai,2800,1500,2650,Maharashtra,Local
23/09/2019,Onion,23,Satara,FAQ,Vai,4700,2000,4000,Maharashtra,Local
03/10/2019,Onion,23,Satara,FAQ,Vai,3200,1500,3000,Maharashtra,Local
07/10/2019,Onion,23,Satara,FAQ,Vai,3500,1000,3250,Maharashtra,Local
08/10/2019,Onion,23,Satara,FAQ,Vai,3500,1500,3250,Maharashtra,Local
15/10/2019,Onion,23,Satara,FAQ,Vai,3500,2500,3350,Maharashtra,Local
18/10/2019,Onion,23,Satara,FAQ,Vai,3300,2500,3250,Maharashtra,Local
26/10/2019,Onion,23,Satara,FAQ,Vai,3500,2000,3250,Maharashtra,Local
27/10/2019,Onion,23,Satara,FAQ,Vai,3600,2000,3000,Maharashtra,Local
29/10/2019,Onion,23,Satara,FAQ,Vai,4000,2500,3500,Maharashtra,Local
31/10/2019,Onion,23,Satara,FAQ,Vai,4100,2000,4000,Maharashtra,Local
02/11/2019,Onion,23,Satara,FAQ,Vai,5500,3000,5000,Maharashtra,Local
14/11/2019,Onion,23,Satara,FAQ,Vai,6000,3000,5400,Maharashtra,Local
16/11/2019,Onion,23,Satara,FAQ,Vai,6000,3000,5500,Maharashtra,Local
21/11/2019,Onion,23,Satara,FAQ,Vai,6000,2500,5800,Maharashtra,Local
26/11/2019,Onion,23,Satara,FAQ,Vai,7000,3000,6700,Maharashtra,Local
16/12/2019,Onion,23,Satara,FAQ,Vai,9000,2000,6500,Maharashtra,Local
30/12/2019,Onion,23,Satara,FAQ,Vai,8000,1000,6000,Maharashtra,Local
03/01/2022,Onion,23,Satara,FAQ,Vai,3200,1200,2100,Maharashtra,Local
20/01/2022,Onion,23,Satara,FAQ,Vai,3000,1000,2000,Maharashtra,Local
22/01/2022,Onion,23,Satara,FAQ,Vai,3000,1000,2000,Maharashtra,Local
24/01/2022,Onion,23,Satara,FAQ,Vai,3200,1000,2050,Maharashtra,Local
01/02/2022,Onion,23,Satara,FAQ,Vai,2700,1000,1800,Maharashtra,Local
08/02/2022,Onion,23,Satara,FAQ,Vai,2500,1000,1800,Maharashtra,Local
15/02/2022,Onion,23,Satara,FAQ,Vai,2800,1500,2200,Maharashtra,Local
24/02/2022,Onion,23,Satara,FAQ,Vai,1500,1000,1250,Maharashtra,Local
28/02/2022,Onion,23,Satara,FAQ,Vai,2500,1000,1700,Maharashtra,Local
04/03/2022,Onion,23,Satara,FAQ,Vai,1800,700,1300,Maharashtra,Local
16/03/2022,Onion,23,Satara,FAQ,Vai,1500,700,1100,Maharashtra,Local
18/03/2022,Onion,23,Satara,FAQ,Vai,1500,700,1000,Maharashtra,Local
22/04/2022,Onion,23,Satara,FAQ,Vai,1200,500,850,Maharashtra,Local
09/05/2022,Onion,23,Satara,FAQ,Vai,1100,500,800,Maharashtra,Local
06/06/2022,Onion,23,Satara,FAQ,Vai,1200,500,900,Maharashtra,Local
06/07/2022,Onion,23,Satara,FAQ,Vai,1500,700,1100,Maharashtra,Local
12/07/2022,Onion,23,Satara,FAQ,Vai,1500,700,1100,Maharashtra,Local
13/07/2022,Onion,23,Satara,FAQ,Vai,1600,700,1300,Maharashtra,Local
14/07/2022,Onion,23,Satara,FAQ,Vai,1500,700,1100,Maharashtra,Local
29/07/2022,Onion,23,Satara,FAQ,Vai,1400,700,1100,Maharashtra,Local
05/08/2022,Onion,23,Satara,FAQ,Vai,1400,700,1100,Maharashtra,Local
11/08/2022,Onion,23,Satara,FAQ,Vai,1500,700,1100,Maharashtra,Local
25/08/2022,Onion,23,Satara,FAQ,Vai,1500,700,1100,Maharashtra,Local
06/10/2022,Onion,23,Satara,FAQ,Vai,1600,700,1100,Maharashtra,Local
14/10/2022,Onion,23,Satara,FAQ,Vai,1800,1000,1400,Maharashtra,Local
17/10/2022,Onion,23,Satara,FAQ,Vai,2000,1000,1500,Maharashtra,Local
30/11/2022,Onion,23,Satara,FAQ,Vai,2000,1000,1500,Maharashtra,Local
01/12/2022,Onion,23,Satara,FAQ,Vai,2000,1000,1500,Maharashtra,Local
27/12/2022,Onion,23,Satara,FAQ,Vai,2500,1000,1750,Maharashtra,Local
15/08/2025,Onion,23,Satara,Local,Vai,1800,1000,1500,Maharashtra,Local
17/08/2025,Onion,23,Satara,Local,Vai,1800,1000,1500,Maharashtra,Local
23/08/2025,Onion,23,Satara,Local,Vai,2000,1300,1700,Maharashtra,Local
01/06/2025,Onion,23,Satara,Local,Vai,1800,1000,1500,Maharashtra,Local
07/06/2025,Onion,23,Satara,Local,Vai,1800,800,1400,Maharashtra,Local
04/09/2025,Onion,23,Satara,Local,Vai,2000,1000,1700,Maharashtra,Local
24/09/2025,Onion,23,Satara,Local,Vai,1800,1000,1500,Maharashtra,Local
25/09/2025,Onion,23,Satara,Local,Vai,1800,1000,1500,Maharashtra,Local
27/09/2025,Onion,23,Satara,Local,Vai,1800,1000,1500,Maharashtra,Local
03/10/2025,Onion,23,Satara,Local,Vai,1200,1000,1100,Maharashtra,Local
30/10/2025,Onion,23,Satara,Local,Vai,2000,1000,1500,Maharashtra,Local
11/01/2023,Onion,23,Satara,FAQ,Vai,2200,1000,1700,Maharashtra,Local
31/01/2023,Onion,23,Satara,FAQ,Vai,2200,1000,1550,Maharashtra,Local
13/02/2023,Onion,23,Satara,FAQ,Vai,1700,1200,1500,Maharashtra,Local
14/02/2023,Onion,23,Satara,FAQ,Vai,1700,1200,1450,Maharashtra,Local
21/02/2023,Onion,23,Satara,FAQ,Vai,1600,800,1200,Maharashtra,Local
06/03/2023,Onion,23,Satara,FAQ,Vai,1200,500,800,Maharashtra,Local
22/03/2023,Onion,23,Satara,FAQ,Vai,1300,500,900,Maharashtra,Local
09/04/2023,Onion,23,Satara,FAQ,Vai,1000,500,750,Maharashtra,Local
15/04/2023,Onion,23,Satara,FAQ,Vai,1000,500,850,Maharashtra,Local
19/04/2023,Onion,23,Satara,FAQ,Vai,1000,500,750,Maharashtra,Local
16/05/2023,Onion,23,Satara,FAQ,Vai,800,300,500,Maharashtra,Local
31/05/2023,Onion,23,Satara,FAQ,Vai,900,300,500,Maharashtra,Local
01/06/2023,Onion,23,Satara,FAQ,Vai,800,200,500,Maharashtra,Local
14/06/2023,Onion,23,Satara,FAQ,Vai,1000,300,650,Maharashtra,Local
15/06/2023,Onion,23,Satara,FAQ,Vai,1000,300,700,Maharashtra,Local
21/06/2023,Onion,23,Satara,FAQ,Vai,1200,400,800,Maharashtra,Local
28/06/2023,Onion,23,Satara,FAQ,Vai,1300,700,950,Maharashtra,Local
12/07/2023,Onion,23,Satara,FAQ,Vai,1500,500,1000,Maharashtra,Local
14/07/2023,Onion,23,Satara,FAQ,Vai,1500,500,1000,Maharashtra,Local
27/07/2023,Onion,23,Satara,FAQ,Vai,1600,700,1100,Maharashtra,Local
01/08/2023,Onion,23,Satara,FAQ,Vai,1500,700,1100,Maharashtra,Local
11/08/2023,Onion,23,Satara,FAQ,Vai,1800,700,1200,Maharashtra,Local
13/08/2023,Onion,23,Satara,FAQ,Vai,2500,1000,1750,Maharashtra,Local
15/08/2023,Onion,23,Satara,FAQ,Vai,2800,1000,1800,Maharashtra,Local
17/08/2023,Onion,23,Satara,FAQ,Vai,2800,1000,1700,Maharashtra,Local
24/08/2023,Onion,23,Satara,FAQ,Vai,2500,1000,1750,Maharashtra,Local
30/08/2023,Onion,23,Satara,FAQ,Vai,2500,800,1700,Maharashtra,Local
18/09/2023,Onion,23,Satara,FAQ,Vai,2200,1000,1550,Maharashtra,Local
10/10/2023,Onion,23,Satara,FAQ,Vai,2600,1000,1700,Maharashtra,Local
27/10/2023,Onion,23,Satara,FAQ,Vai,6000,3000,4500,Maharashtra,Local
29/10/2023,Onion,23,Satara,FAQ,Vai,6000,4000,5000,Maharashtra,Local
10/12/2023,Onion,23,Satara,FAQ,Vai,5000,2000,3500,Maharashtra,Local
13/12/2023,Onion,23,Satara,FAQ,Vai,4500,2000,3150,Maharashtra,Local
28/06/2025,Onion,23,Satara,Local,Vai,1800,1000,1500,Maharashtra,Local
09/07/2025,Onion,23,Satara,Local,Vai,1800,1000,1500,Maharashtra,Local
14/07/2025,Onion,23,Satara,Local,Vai,1700,1000,1300,Maharashtra,Local
08/01/2025,Onion,23,Satara,FAQ,Vai,5000,2000,3000,Maharashtra,Local
20/09/2024,Onion,23,Satara,FAQ,Vai,5000,3000,4200,Maharashtra,Local
30/01/2025,Onion,23,Satara,Local,Vai,3000,2000,2500,Maharashtra,Local
20/10/2024,Onion,23,Satara,FAQ,Vai,4000,2000,3500,Maharashtra,Local
05/10/2024,Onion,23,Satara,FAQ,Vai,4500,2500,4000,Maharashtra,Local
02/10/2024,Onion,23,Satara,FAQ,Vai,4500,3000,4000,Maharashtra,Local
27/10/2024,Onion,23,Satara,FAQ,Vai,5000,3000,4000,Maharashtra,Local
24/08/2025,Onion,23,Satara,Local,Vai,2200,1500,1800,Maharashtra,Local
29/09/2025,Onion,23,Satara,Local,Vai,2000,1000,1600,Maharashtra,Local
17/02/2007,Onion,23,Satara,FAQ,Vai,1000,800,900,Maharashtra,Other
26/02/2007,Onion,23,Satara,FAQ,Vai,1000,800,900,Maharashtra,Other
22/03/2007,Onion,23,Satara,FAQ,Vai,700,500,600,Maharashtra,Other
11/04/2007,Onion,23,Satara,FAQ,Vai,600,400,500,Maharashtra,Other
13/04/2007,Onion,23,Satara,FAQ,Vai,500,400,450,Maharashtra,Other
14/04/2007,Onion,23,Satara,FAQ,Vai,500,400,450,Maharashtra,Other
01/05/2007,Onion,23,Satara,FAQ,Vai,500,400,450,Maharashtra,Other
05/05/2007,Onion,23,Satara,FAQ,Vai,500,400,450,Maharashtra,Other
11/05/2007,Onion,23,Satara,FAQ,Vai,600,400,500,Maharashtra,Other
17/05/2007,Onion,23,Satara,FAQ,Vai,600,500,550,Maharashtra,Other
19/05/2007,Onion,23,Satara,FAQ,Vai,600,500,550,Maharashtra,Other
21/05/2007,Onion,23,Satara,FAQ,Vai,650,500,575,Maharashtra,Other
27/05/2007,Onion,23,Satara,FAQ,Vai,600,500,550,Maharashtra,Other
28/05/2007,Onion,23,Satara,FAQ,Vai,600,500,550,Maharashtra,Other
02/06/2007,Onion,23,Satara,FAQ,Vai,600,500,550,Maharashtra,Other
26/06/2007,Onion,23,Satara,FAQ,Vai,1000,800,900,Maharashtra,Other
27/06/2007,Onion,23,Satara,FAQ,Vai,1100,900,1000,Maharashtra,Other
19/07/2007,Onion,23,Satara,FAQ,Vai,1000,900,950,Maharashtra,Other
03/08/2007,Onion,23,Satara,FAQ,Vai,1000,800,900,Maharashtra,Other
09/08/2007,Onion,23,Satara,FAQ,Vai,1000,800,900,Maharashtra,Other
15/08/2007,Onion,23,Satara,FAQ,Vai,1100,900,1000,Maharashtra,Other
23/08/2007,Onion,23,Satara,FAQ,Vai,1600,1500,1550,Maharashtra,Other
29/08/2007,Onion,23,Satara,FAQ,Vai,1500,1200,1350,Maharashtra,Other
02/09/2007,Onion,23,Satara,FAQ,Vai,1400,1200,1300,Maharashtra,Other
10/09/2007,Onion,23,Satara,FAQ,Vai,1400,1200,1300,Maharashtra,Other
15/09/2007,Onion,23,Satara,FAQ,Vai,1500,1200,1350,Maharashtra,Other
20/09/2007,Onion,23,Satara,FAQ,Vai,1400,1200,1300,Maharashtra,Other
28/09/2007,Onion,23,Satara,FAQ,Vai,1500,1200,1350,Maharashtra,Other
01/10/2007,Onion,23,Satara,FAQ,Vai,1100,800,950,Maharashtra,Other
02/10/2007,Onion,23,Satara,FAQ,Vai,1800,1500,1650,Maharashtra,Other
06/10/2007,Onion,23,Satara,FAQ,Vai,1800,1200,1500,Maharashtra,Other
21/10/2007,Onion,23,Satara,FAQ,Vai,1600,1000,1300,Maharashtra,Other
29/10/2007,Onion,23,Satara,FAQ,Vai,1200,800,1000,Maharashtra,Other
13/11/2007,Onion,23,Satara,FAQ,Vai,900,800,850,Maharashtra,Other
21/11/2007,Onion,23,Satara,FAQ,Vai,900,700,800,Maharashtra,Other
25/11/2007,Onion,23,Satara,FAQ,Vai,1000,700,850,Maharashtra,Other
26/11/2007,Onion,23,Satara,FAQ,Vai,900,800,850,Maharashtra,Other
13/12/2007,Onion,23,Satara,FAQ,Vai,600,400,500,Maharashtra,Other
17/12/2007,Onion,23,Satara,FAQ,Vai,600,400,500,Maharashtra,Other
22/12/2007,Onion,23,Satara,FAQ,Vai,600,500,550,Maharashtra,Other
23/12/2007,Onion,23,Satara,FAQ,Vai,600,500,550,Maharashtra,Other
25/12/2007,Onion,23,Satara,FAQ,Vai,600,500,550,Maharashtra,Other
26/12/2007,Onion,23,Satara,FAQ,Vai,600,500,550,Maharashtra,Other
27/12/2007,Onion,23,Satara,FAQ,Vai,600,500,550,Maharashtra,Other
30/12/2007,Onion,23,Satara,FAQ,Vai,600,500,550,Maharashtra,Other
02/01/2021,Onion,23,Satara,FAQ,Vai,2800,1000,1900,Maharashtra,Local
04/01/2021,Onion,23,Satara,FAQ,Vai,3000,1000,2000,Maharashtra,Local
06/01/2021,Onion,23,Satara,FAQ,Vai,3000,1000,2000,Maharashtra,Local
23/01/2021,Onion,23,Satara,FAQ,Vai,3000,1500,2250,Maharashtra,Local
07/02/2021,Onion,23,Satara,FAQ,Vai,3500,2000,2750,Maharashtra,Local
17/02/2021,Onion,23,Satara,FAQ,Vai,4000,2000,3000,Maharashtra,Local
18/02/2021,Onion,23,Satara,FAQ,Vai,4000,2000,3000,Maharashtra,Local
22/02/2021,Onion,23,Satara,FAQ,Vai,4000,2000,3000,Maharashtra,Local
23/02/2021,Onion,23,Satara,FAQ,Vai,4200,2000,3100,Maharashtra,Local
01/03/2021,Onion,23,Satara,FAQ,Vai,2800,1000,1900,Maharashtra,Local
02/03/2021,Onion,23,Satara,FAQ,Vai,2700,1000,1650,Maharashtra,Local
29/03/2021,Onion,23,Satara,FAQ,Vai,1500,800,1150,Maharashtra,Local
30/03/2021,Onion,23,Satara,FAQ,Vai,1500,800,1100,Maharashtra,Local
05/04/2021,Onion,23,Satara,FAQ,Vai,1400,700,1050,Maharashtra,Local
08/04/2021,Onion,23,Satara,FAQ,Vai,1400,700,1000,Maharashtra,Local
17/04/2021,Onion,23,Satara,FAQ,Vai,1300,700,1000,Maharashtra,Local
23/04/2021,Onion,23,Satara,FAQ,Vai,1400,600,1000,Maharashtra,Local
01/05/2021,Onion,23,Satara,FAQ,Vai,1400,700,1100,Maharashtra,Local
14/05/2021,Onion,23,Satara,FAQ,Vai,1300,700,1050,Maharashtra,Local
16/05/2021,Onion,23,Satara,FAQ,Vai,1300,700,1000,Maharashtra,Local
20/05/2021,Onion,23,Satara,FAQ,Vai,1300,700,1000,Maharashtra,Local
09/06/2021,Onion,23,Satara,FAQ,Vai,1800,700,1300,Maharashtra,Local
21/06/2021,Onion,23,Satara,FAQ,Vai,2200,1000,1550,Maharashtra,Local
29/06/2021,Onion,23,Satara,FAQ,Vai,2000,1000,1500,Maharashtra,Local
06/07/2021,Onion,23,Satara,FAQ,Vai,1900,1000,1450,Maharashtra,Local
09/07/2021,Onion,23,Satara,FAQ,Vai,1800,1000,1400,Maharashtra,Local
14/07/2021,Onion,23,Satara,FAQ,Vai,1900,1000,1450,Maharashtra,Local
26/07/2021,Onion,23,Satara,FAQ,Vai,2000,1000,1500,Maharashtra,Local
10/08/2021,Onion,23,Satara,FAQ,Vai,2000,1200,1600,Maharashtra,Local
02/09/2021,Onion,23,Satara,FAQ,Vai,1800,1200,1500,Maharashtra,Local
15/09/2021,Onion,23,Satara,FAQ,Vai,1900,1200,1500,Maharashtra,Local
19/09/2021,Onion,23,Satara,FAQ,Vai,1900,1300,1550,Maharashtra,Local
21/09/2021,Onion,23,Satara,FAQ,Vai,1900,1200,1500,Maharashtra,Local
29/09/2021,Onion,23,Satara,FAQ,Vai,2000,1300,1750,Maharashtra,Local
15/10/2021,Onion,23,Satara,FAQ,Vai,3800,2000,2800,Maharashtra,Local
19/10/2021,Onion,23,Satara,FAQ,Vai,3300,2000,2750,Maharashtra,Local
20/10/2021,Onion,23,Satara,FAQ,Vai,3300,1500,2450,Maharashtra,Local
26/10/2021,Onion,23,Satara,FAQ,Vai,2800,1200,2000,Maharashtra,Local
18/11/2021,Onion,23,Satara,FAQ,Vai,3000,1500,2250,Maharashtra,Local
21/11/2021,Onion,23,Satara,FAQ,Vai,3000,1200,2000,Maharashtra,Local
03/12/2021,Onion,23,Satara,FAQ,Vai,2800,1000,1900,Maharashtra,Local
06/12/2021,Onion,23,Satara,FAQ,Vai,3000,1000,2000,Maharashtra,Local
11/12/2021,Onion,23,Satara,FAQ,Vai,3000,1000,2000,Maharashtra,Local
14/12/2021,Onion,23,Satara,FAQ,Vai,3000,1000,2000,Maharashtra,Local
23/12/2021,Onion,23,Satara,FAQ,Vai,3000,1000,2000,Maharashtra,Local
29/12/2021,Onion,23,Satara,FAQ,Vai,3500,1000,2250,Maharashtra,Local
31/12/2021,Onion,23,Satara,FAQ,Vai,3500,1000,2200,Maharashtra,Local
02/01/2017,Onion,23,Satara,FAQ,Vai,1500,400,1080,Maharashtra,Local
06/03/2017,Onion,23,Satara,FAQ,Vai,700,400,650,Maharashtra,Local
20/03/2017,Onion,23,Satara,FAQ,Vai,700,400,630,Maharashtra,Local
24/04/2017,Onion,23,Satara,FAQ,Vai,600,300,500,Maharashtra,Local
08/05/2017,Onion,23,Satara,FAQ,Vai,600,350,500,Maharashtra,Local
15/05/2017,Onion,23,Satara,FAQ,Vai,600,400,480,Maharashtra,Local
04/09/2017,Onion,23,Satara,FAQ,Vai,2200,1300,2000,Maharashtra,Local
11/09/2017,Onion,23,Satara,FAQ,Vai,2000,1500,1850,Maharashtra,Local
09/10/2017,Onion,23,Satara,FAQ,Vai,2600,1000,1800,Maharashtra,Local
27/11/2017,Onion,23,Satara,FAQ,Vai,5000,2000,4000,Maharashtra,Local
09/08/2022,Onion,23,Satara,FAQ,Vai,1500,500,1000,Maharashtra,Local
10/08/2022,Onion,23,Satara,FAQ,Vai,1400,500,950,Maharashtra,Local
13/08/2022,Onion,23,Satara,FAQ,Vai,1500,700,1100,Maharashtra,Local
14/08/2022,Onion,23,Satara,FAQ,Vai,1500,700,1100,Maharashtra,Local
16/08/2022,Onion,23,Satara,FAQ,Vai,1500,700,1100,Maharashtra,Local
23/08/2022,Onion,23,Satara,FAQ,Vai,1500,700,1100,Maharashtra,Local
03/09/2022,Onion,23,Satara,FAQ,Vai,1400,700,1100,Maharashtra,Local
15/09/2022,Onion,23,Satara,FAQ,Vai,1500,700,1100,Maharashtra,Local
28/09/2022,Onion,23,Satara,FAQ,Vai,1500,700,1100,Maharashtra,Local
18/10/2022,Onion,23,Satara,FAQ,Vai,2100,1000,1550,Maharashtra,Local
30/10/2022,Onion,23,Satara,FAQ,Vai,3200,1500,2350,Maharashtra,Local
31/10/2022,Onion,23,Satara,FAQ,Vai,3000,1500,2250,Maharashtra,Local
11/11/2022,Onion,23,Satara,FAQ,Vai,2800,1000,1750,Maharashtra,Local
24/11/2022,Onion,23,Satara,FAQ,Vai,2100,1000,1550,Maharashtra,Local
14/12/2022,Onion,23,Satara,FAQ,Vai,1500,700,1100,Maharashtra,Local
20/12/2022,Onion,23,Satara,FAQ,Vai,1800,1000,1400,Maharashtra,Local
23/12/2022,Onion,23,Satara,FAQ,Vai,1800,1000,1400,Maharashtra,Local
29/01/2024,Onion,23,Satara,FAQ,Vai,1500,500,1200,Maharashtra,Local
11/02/2024,Onion,23,Satara,FAQ,Vai,1600,700,1100,Maharashtra,Local
15/02/2024,Onion,23,Satara,FAQ,Vai,1400,700,1100,Maharashtra,Local
29/02/2024,Onion,23,Satara,FAQ,Vai,2000,800,1400,Maharashtra,Local
03/03/2024,Onion,23,Satara,FAQ,Vai,2000,1000,1500,Maharashtra,Local
15/03/2024,Onion,23,Satara,FAQ,Vai,1700,800,1400,Maharashtra,Local
17/03/2024,Onion,23,Satara,FAQ,Vai,1700,800,1100,Maharashtra,Local
21/03/2024,Onion,23,Satara,FAQ,Vai,1600,800,1200,Maharashtra,Local
22/03/2024,Onion,23,Satara,FAQ,Vai,1500,1300,1400,Maharashtra,Local
24/03/2024,Onion,23,Satara,FAQ,Vai,1600,700,1100,Maharashtra,Local
25/03/2024,Onion,23,Satara,FAQ,Vai,1500,800,1200,Maharashtra,Local
15/04/2024,Onion,23,Satara,FAQ,Vai,1300,700,1100,Maharashtra,Local
26/04/2024,Onion,23,Satara,FAQ,Vai,1400,700,1100,Maharashtra,Local
11/06/2024,Onion,23,Satara,FAQ,Vai,3000,1300,2200,Maharashtra,Local
14/06/2024,Onion,23,Satara,FAQ,Vai,30000,1500,2500,Maharashtra,Local
15/06/2024,Onion,23,Satara,FAQ,Vai,3000,1200,2300,Maharashtra,Local
18/06/2024,Onion,23,Satara,FAQ,Vai,3500,1500,2500,Maharashtra,Local
28/06/2024,Onion,23,Satara,FAQ,Vai,3000,1500,2500,Maharashtra,Local
01/05/2024,Onion,23,Satara,FAQ,Vai,1500,700,1000,Maharashtra,Local
20/05/2024,Onion,23,Satara,FAQ,Vai,2250,1000,1700,Maharashtra,Local
24/05/2024,Onion,23,Satara,FAQ,Vai,2200,1000,1700,Maharashtra,Local
05/01/2022,Onion,23,Satara,FAQ,Vai,3000,1200,2100,Maharashtra,Local
11/01/2022,Onion,23,Satara,FAQ,Vai,3000,1000,2000,Maharashtra,Local
12/01/2022,Onion,23,Satara,FAQ,Vai,3000,1000,2000,Maharashtra,Local
27/01/2022,Onion,23,Satara,FAQ,Vai,3000,1000,2000,Maharashtra,Local
13/02/2022,Onion,23,Satara,FAQ,Vai,2500,1000,1650,Maharashtra,Local
14/02/2022,Onion,23,Satara,FAQ,Vai,2500,1000,1750,Maharashtra,Local
17/02/2022,Onion,23,Satara,FAQ,Vai,3000,1500,2250,Maharashtra,Local
06/03/2022,Onion,23,Satara,FAQ,Vai,1800,700,1200,Maharashtra,Local
08/03/2022,Onion,23,Satara,FAQ,Vai,1500,700,1100,Maharashtra,Local
09/03/2022,Onion,23,Satara,FAQ,Vai,1500,700,1100,Maharashtra,Local
19/03/2022,Onion,23,Satara,FAQ,Vai,1800,700,1300,Maharashtra,Local
23/03/2022,Onion,23,Satara,FAQ,Vai,1300,500,950,Maharashtra,Local
23/04/2022,Onion,23,Satara,FAQ,Vai,1200,500,850,Maharashtra,Local
29/05/2022,Onion,23,Satara,FAQ,Vai,1200,500,850,Maharashtra,Local
30/05/2022,Onion,23,Satara,FAQ,Vai,1200,500,850,Maharashtra,Local
16/06/2022,Onion,23,Satara,FAQ,Vai,1400,700,1100,Maharashtra,Local
17/07/2022,Onion,23,Satara,FAQ,Vai,1600,700,1050,Maharashtra,Local
27/07/2022,Onion,23,Satara,FAQ,Vai,1400,700,1100,Maharashtra,Local
12/07/2015,Onion,23,Satara,FAQ,Vai,2200,2000,2170,Maharashtra,Local
03/08/2015,Onion,23,Satara,FAQ,Vai,3000,2500,2870,Maharashtra,Local
25/08/2015,Onion,23,Satara,FAQ,Vai,6000,4000,5860,Maharashtra,Local
28/04/2014,Onion,23,Satara,FAQ,Vai,1000,600,800,Maharashtra,Other
15/01/2018,Onion,23,Satara,FAQ,Vai,4200,2000,3500,Maharashtra,Local
02/04/2018,Onion,23,Satara,FAQ,Vai,1000,600,800,Maharashtra,Local
01/06/2018,Onion,23,Satara,FAQ,Vai,900,800,850,Maharashtra,Local
02/06/2018,Onion,23,Satara,FAQ,Vai,900,700,800,Maharashtra,Local
19/06/2018,Onion,23,Satara,FAQ,Vai,1000,700,930,Maharashtra,Local
21/06/2018,Onion,23,Satara,FAQ,Vai,1000,700,850,Maharashtra,Local
22/06/2018,Onion,23,Satara,FAQ,Vai,1000,700,850,Maharashtra,Local
24/06/2018,Onion,23,Satara,FAQ,Vai,1000,700,850,Maharashtra,Local
27/06/2018,Onion,23,Satara,FAQ,Vai,1000,700,850,Maharashtra,Local
30/06/2018,Onion,23,Satara,FAQ,Vai,1000,700,850,Maharashtra,Local
02/07/2018,Onion,23,Satara,FAQ,Vai,1200,800,1000,Maharashtra,Local
03/07/2018,Onion,23,Satara,FAQ,Vai,1500,800,1300,Maharashtra,Local
06/07/2018,Onion,23,Satara,FAQ,Vai,1200,1000,1120,Maharashtra,Local
13/07/2018,Onion,23,Satara,FAQ,Vai,1300,1000,1150,Maharashtra,Local
19/07/2018,Onion,23,Satara,FAQ,Vai,1300,1000,1120,Maharashtra,Local
21/07/2018,Onion,23,Satara,FAQ,Vai,1300,1000,1120,Maharashtra,Local
23/07/2018,Onion,23,Satara,FAQ,Vai,1300,1000,1150,Maharashtra,Local
28/07/2018,Onion,23,Satara,FAQ,Vai,1200,1000,1100,Maharashtra,Local
03/08/2018,Onion,23,Satara,FAQ,Vai,1200,1000,1100,Maharashtra,Local
15/08/2018,Onion,23,Satara,FAQ,Vai,1000,700,940,Maharashtra,Local
19/08/2018,Onion,23,Satara,FAQ,Vai,1200,1000,1100,Maharashtra,Local
29/08/2018,Onion,23,Satara,FAQ,Vai,1200,1000,1120,Maharashtra,Local
08/09/2018,Onion,23,Satara,FAQ,Vai,1200,1000,1100,Maharashtra,Local
09/09/2018,Onion,23,Satara,FAQ,Vai,1200,1000,1100,Maharashtra,Local
12/09/2018,Onion,23,Satara,FAQ,Vai,1200,900,1100,Maharashtra,Local
17/09/2018,Onion,23,Satara,FAQ,Vai,1200,1000,1100,Maharashtra,Local
23/09/2018,Onion,23,Satara,FAQ,Vai,1000,800,900,Maharashtra,Local
24/09/2018,Onion,23,Satara,FAQ,Vai,1000,800,950,Maharashtra,Local
25/09/2018,Onion,23,Satara,FAQ,Vai,1200,800,1050,Maharashtra,Local
03/10/2018,Onion,23,Satara,FAQ,Vai,1200,1000,1100,Maharashtra,Local
25/10/2018,Onion,23,Satara,FAQ,Vai,2200,1800,2100,Maharashtra,Local
30/10/2018,Onion,23,Satara,FAQ,Vai,1800,1500,1600,Maharashtra,Local
31/10/2018,Onion,23,Satara,FAQ,Vai,1700,1500,1600,Maharashtra,Local
14/11/2018,Onion,23,Satara,FAQ,Vai,1800,1200,1650,Maharashtra,Local
25/11/2018,Onion,23,Satara,FAQ,Vai,1500,1000,1350,Maharashtra,Local
09/12/2018,Onion,23,Satara,FAQ,Vai,1200,500,1000,Maharashtra,Local
21/12/2018,Onion,23,Satara,FAQ,Vai,1000,500,850,Maharashtra,Local
23/12/2018,Onion,23,Satara,FAQ,Vai,1000,500,850,Maharashtra,Local
26/12/2018,Onion,23,Satara,FAQ,Vai,1000,400,700,Maharashtra,Local
28/12/2018,Onion,23,Satara,FAQ,Vai,900,400,750,Maharashtra,Local
29/12/2018,Onion,23,Satara,FAQ,Vai,900,400,650,Maharashtra,Local
30/12/2018,Onion,23,Satara,FAQ,Vai,900,400,830,Maharashtra,Local
25/07/2016,Onion,23,Satara,FAQ,Vai,700,400,540,Maharashtra,Local
07/11/2016,Onion,23,Satara,FAQ,Vai,900,600,760,Maharashtra,Local
12/12/2016,Onion,23,Satara,FAQ,Vai,1200,400,1100,Maharashtra,Local
02/01/2019,Onion,23,Satara,FAQ,Vai,800,400,760,Maharashtra,Local
26/01/2019,Onion,23,Satara,FAQ,Vai,800,400,730,Maharashtra,Local
01/02/2019,Onion,23,Satara,FAQ,Vai,600,200,450,Maharashtra,Local
03/02/2019,Onion,23,Satara,FAQ,Vai,700,200,530,Maharashtra,Local
11/02/2019,Onion,23,Satara,FAQ,Vai,500,100,350,Maharashtra,Local
12/02/2019,Onion,23,Satara,FAQ,Vai,700,200,630,Maharashtra,Local
13/02/2019,Onion,23,Satara,FAQ,Vai,700,200,680,Maharashtra,Local
16/02/2019,Onion,23,Satara,FAQ,Vai,600,200,540,Maharashtra,Local
20/02/2019,Onion,23,Satara,FAQ,Vai,600,200,540,Maharashtra,Local
26/02/2019,Onion,23,Satara,FAQ,Vai,500,200,350,Maharashtra,Local
05/03/2019,Onion,23,Satara,FAQ,Vai,600,200,530,Maharashtra,Local
07/03/2019,Onion,23,Satara,FAQ,Vai,600,200,540,Maharashtra,Local
08/03/2019,Onion,23,Satara,FAQ,Vai,500,200,430,Maharashtra,Local
09/03/2019,Onion,23,Satara,FAQ,Vai,600,200,430,Maharashtra,Local
14/03/2019,Onion,23,Satara,FAQ,Vai,600,200,520,Maharashtra,Local
15/03/2019,Onion,23,Satara,FAQ,Vai,600,200,450,Maharashtra,Local
16/03/2019,Onion,23,Satara,FAQ,Vai,600,200,540,Maharashtra,Local
18/03/2019,Onion,23,Satara,FAQ,Vai,500,200,350,Maharashtra,Local
20/03/2019,Onion,23,Satara,FAQ,Vai,600,200,530,Maharashtra,Local
22/03/2019,Onion,23,Satara,FAQ,Vai,600,200,530,Maharashtra,Local
29/03/2019,Onion,23,Satara,FAQ,Vai,600,200,500,Maharashtra,Local
04/04/2019,Onion,23,Satara,FAQ,Vai,600,200,430,Maharashtra,Local
09/04/2019,Onion,23,Satara,FAQ,Vai,600,300,500,Maharashtra,Local
29/04/2019,Onion,23,Satara,FAQ,Vai,800,400,650,Maharashtra,Local
01/05/2019,Onion,23,Satara,FAQ,Vai,800,400,650,Maharashtra,Local
02/05/2019,Onion,23,Satara,FAQ,Vai,800,500,730,Maharashtra,Local
04/05/2019,Onion,23,Satara,FAQ,Vai,700,500,570,Maharashtra,Local
08/05/2019,Onion,23,Satara,FAQ,Vai,800,500,650,Maharashtra,Local
13/05/2019,Onion,23,Satara,FAQ,Vai,800,400,600,Maharashtra,Local
21/05/2019,Onion,23,Satara,FAQ,Vai,1000,500,850,Maharashtra,Local
14/06/2019,Onion,23,Satara,FAQ,Vai,1500,700,1250,Maharashtra,Local
24/06/2019,Onion,23,Satara,FAQ,Vai,1200,500,1000,Maharashtra,Local
09/07/2019,Onion,23,Satara,FAQ,Vai,1200,500,1000,Maharashtra,Local
10/07/2019,Onion,23,Satara,FAQ,Vai,1200,500,1000,Maharashtra,Local
11/07/2019,Onion,23,Satara,FAQ,Vai,1200,500,1100,Maharashtra,Local
16/07/2019,Onion,23,Satara,FAQ,Vai,1300,500,1150,Maharashtra,Local
31/07/2019,Onion,23,Satara,FAQ,Vai,1300,700,1150,Maharashtra,Local
06/08/2019,Onion,23,Satara,FAQ,Vai,1300,700,1000,Maharashtra,Local
13/08/2019,Onion,23,Satara,FAQ,Vai,1600,1000,1500,Maharashtra,Local
16/08/2019,Onion,23,Satara,FAQ,Vai,1500,1000,1250,Maharashtra,Local
23/08/2019,Onion,23,Satara,FAQ,Vai,2100,1000,2000,Maharashtra,Local
25/08/2019,Onion,23,Satara,FAQ,Vai,2100,1000,2000,Maharashtra,Local
29/08/2019,Onion,23,Satara,FAQ,Vai,1500,1200,1400,Maharashtra,Local
05/09/2019,Onion,23,Satara,FAQ,Vai,2300,1000,2150,Maharashtra,Local
09/09/2019,Onion,23,Satara,FAQ,Vai,2000,1000,1500,Maharashtra,Local
18/09/2019,Onion,23,Satara,FAQ,Vai,3000,1500,2700,Maharashtra,Local
20/09/2019,Onion,23,Satara,FAQ,Vai,3200,1500,3000,Maharashtra,Local
01/10/2019,Onion,23,Satara,FAQ,Vai,3500,2000,3350,Maharashtra,Local
06/10/2019,Onion,23,Satara,FAQ,Vai,3500,1500,3250,Maharashtra,Local
11/10/2019,Onion,23,Satara,FAQ,Vai,3300,1500,3000,Maharashtra,Local
14/10/2019,Onion,23,Satara,FAQ,Vai,3600,1000,2500,Maharashtra,Local
17/10/2019,Onion,23,Satara,FAQ,Vai,3500,3000,3250,Maharashtra,Local
19/10/2019,Onion,23,Satara,FAQ,Vai,3500,2000,3350,Maharashtra,Local
22/10/2019,Onion,23,Satara,FAQ,Vai,3500,2000,3350,Maharashtra,Local
23/10/2019,Onion,23,Satara,FAQ,Vai,3600,2000,3500,Maharashtra,Local
01/11/2019,Onion,23,Satara,FAQ,Vai,1200,900,1000,Maharashtra,Local
05/11/2019,Onion,23,Satara,FAQ,Vai,7000,4000,6400,Maharashtra,Local
17/11/2019,Onion,23,Satara,FAQ,Vai,6000,3000,5500,Maharashtra,Local
22/11/2019,Onion,23,Satara,FAQ,Vai,7000,3500,5200,Maharashtra,Local
05/02/2020,Onion,23,Satara,FAQ,Vai,2800,1000,1900,Maharashtra,Local
06/02/2020,Onion,23,Satara,FAQ,Vai,2700,1000,1800,Maharashtra,Local
22/02/2020,Onion,23,Satara,FAQ,Vai,2000,1000,1500,Maharashtra,Local
25/02/2020,Onion,23,Satara,FAQ,Vai,2000,1000,1500,Maharashtra,Local
28/02/2020,Onion,23,Satara,FAQ,Vai,2000,1000,1500,Maharashtra,Local
10/03/2020,Onion,23,Satara,FAQ,Vai,2100,500,1350,Maharashtra,Local
17/03/2020,Onion,23,Satara,FAQ,Vai,1800,700,1200,Maharashtra,Local
25/03/2020,Onion,23,Satara,FAQ,Vai,1800,700,1200,Maharashtra,Local
29/03/2020,Onion,23,Satara,FAQ,Vai,1800,1000,1400,Maharashtra,Local
01/04/2020,Onion,23,Satara,FAQ,Vai,2000,1000,1500,Maharashtra,Local
02/04/2020,Onion,23,Satara,FAQ,Vai,2000,1000,1500,Maharashtra,Local
05/04/2020,Onion,23,Satara,FAQ,Vai,1800,1000,1400,Maharashtra,Local
28/04/2020,Onion,23,Satara,FAQ,Vai,1300,700,1000,Maharashtra,Local
01/05/2020,Onion,23,Satara,FAQ,Vai,1300,700,1000,Maharashtra,Local
06/05/2020,Onion,23,Satara,FAQ,Vai,1200,600,900,Maharashtra,Local
15/05/2020,Onion,23,Satara,FAQ,Vai,1200,600,900,Maharashtra,Local
26/05/2020,Onion,23,Satara,FAQ,Vai,1100,500,800,Maharashtra,Local
27/05/2020,Onion,23,Satara,FAQ,Vai,1000,500,750,Maharashtra,Local
04/06/2020,Onion,23,Satara,FAQ,Vai,1000,700,850,Maharashtra,Local
07/06/2020,Onion,23,Satara,FAQ,Vai,1000,500,750,Maharashtra,Local
09/06/2020,Onion,23,Satara,FAQ,Vai,1000,500,750,Maharashtra,Local
11/06/2020,Onion,23,Satara,FAQ,Vai,1000,500,750,Maharashtra,Local
07/07/2020,Onion,23,Satara,FAQ,Vai,1000,500,750,Maharashtra,Local
08/07/2020,Onion,23,Satara,FAQ,Vai,1000,500,750,Maharashtra,Local
13/07/2020,Onion,23,Satara,FAQ,Vai,1000,500,750,Maharashtra,Local
15/07/2020,Onion,23,Satara,FAQ,Vai,1100,500,800,Maharashtra,Local
16/07/2020,Onion,23,Satara,FAQ,Vai,1000,500,750,Maharashtra,Local
25/07/2020,Onion,23,Satara,FAQ,Vai,1000,500,750,Maharashtra,Local
27/07/2020,Onion,23,Satara,FAQ,Vai,1000,500,750,Maharashtra,Local
28/07/2020,Onion,23,Satara,FAQ,Vai,1200,500,850,Maharashtra,Local
19/08/2020,Onion,23,Satara,FAQ,Vai,1000,500,750,Maharashtra,Local
29/08/2020,Onion,23,Satara,FAQ,Vai,1600,800,1200,Maharashtra,Local
16/09/2020,Onion,23,Satara,FAQ,Vai,2500,1500,2000,Maharashtra,Local
24/09/2020,Onion,23,Satara,FAQ,Vai,3500,2500,3000,Maharashtra,Local
25/09/2020,Onion,23,Satara,FAQ,Vai,3500,2500,3000,Maharashtra,Local
28/09/2020,Onion,23,Satara,FAQ,Vai,3200,2000,2600,Maharashtra,Local
30/09/2020,Onion,23,Satara,FAQ,Vai,3200,2000,2600,Maharashtra,Local
08/10/2020,Onion,23,Satara,FAQ,Vai,3500,2500,3000,Maharashtra,Local
30/10/2020,Onion,23,Satara,FAQ,Vai,5000,3000,4000,Maharashtra,Local
05/11/2020,Onion,23,Satara,FAQ,Vai,5000,2500,3750,Maharashtra,Local
06/11/2020,Onion,23,Satara,FAQ,Vai,5000,2500,3750,Maharashtra,Local
19/11/2020,Onion,23,Satara,FAQ,Vai,5000,3000,4000,Maharashtra,Local
21/11/2020,Onion,23,Satara,FAQ,Vai,5000,3000,4000,Maharashtra,Local
25/11/2020,Onion,23,Satara,FAQ,Vai,5000,3000,4000,Maharashtra,Local
03/12/2020,Onion,23,Satara,FAQ,Vai,4000,3000,3500,Maharashtra,Local
04/12/2020,Onion,23,Satara,FAQ,Vai,4000,2000,3000,Maharashtra,Local
05/10/2009,Onion,23,Satara,FAQ,Vai,1700,1600,1650,Maharashtra,Other
13/02/2006,Onion,23,Satara,FAQ,Vai,400,200,300,Maharashtra,Other
26/02/2006,Onion,23,Satara,FAQ,Vai,400,300,350,Maharashtra,Other
06/03/2006,Onion,23,Satara,FAQ,Vai,300,200,252,Maharashtra,Other
21/04/2006,Onion,23,Satara,FAQ,Vai,300,200,250,Maharashtra,Other
28/06/2006,Onion,23,Satara,FAQ,Vai,300,200,250,Maharashtra,Other
08/07/2006,Onion,23,Satara,FAQ,Vai,300,250,280,Maharashtra,Other
25/07/2006,Onion,23,Satara,FAQ,Vai,300,200,250,Maharashtra,Other
14/08/2006,Onion,23,Satara,FAQ,Vai,320,200,260,Maharashtra,Other
28/08/2006,Onion,23,Satara,FAQ,Vai,350,250,300,Maharashtra,Other
04/09/2006,Onion,23,Satara,FAQ,Vai,300,200,250,Maharashtra,Other
07/11/2006,Onion,23,Satara,FAQ,Vai,700,600,650,Maharashtra,Other
09/11/2006,Onion,23,Satara,FAQ,Vai,450,400,425,Maharashtra,Other
06/01/2008,Onion,23,Satara,FAQ,Vai,700,600,650,Maharashtra,Other
12/01/2008,Onion,23,Satara,FAQ,Vai,500,400,450,Maharashtra,Other
17/11/2008,Onion,23,Satara,FAQ,Vai,1000,400,700,Maharashtra,Other
16/05/2025,Onion,23,Satara,Local,Vai,1500,500,1000,Maharashtra,Local
29/04/2025,Onion,23,Satara,Local,Vai,1400,800,1000,Maharashtra,Local
09/11/2024,Onion,23,Satara,FAQ,Vai,7000,3000,5500,Maharashtra,Local
19/12/2024,Onion,23,Satara,FAQ,Vai,6500,2000,5000,Maharashtra,Local
23/12/2024,Onion,23,Satara,FAQ,Vai,5500,1500,3000,Maharashtra,Local
05/07/2024,Onion,23,Satara,FAQ,Vai,3000,1500,2250,Maharashtra,Local
06/07/2024,Onion,23,Satara,FAQ,Vai,3000,1500,2500,Maharashtra,Local
08/07/2024,Onion,23,Satara,FAQ,Vai,3000,1500,2600,Maharashtra,Local
16/07/2024,Onion,23,Satara,FAQ,Vai,3000,1500,2400,Maharashtra,Local
05/09/2024,Onion,23,Satara,FAQ,Vai,4500,3000,4000,Maharashtra,Local
22/09/2024,Onion,23,Satara,FAQ,Vai,5200,3000,4500,Maharashtra,Local
25/09/2024,Onion,23,Satara,FAQ,Vai,5000,3000,4500,Maharashtra,Local
26/10/2025,Onion,23,Satara,Local,Vai,1700,1000,1400,Maharashtra,Local
29/10/2025,Onion,23,Satara,Local,Vai,1700,1000,1500,Maharashtra,Local
05/02/2026,Onion,23,Satara,Local,Vai APMC,1600,1000,1300,Maharashtra,Local
11/02/2026,Onion,23,Satara,Local,Vai APMC,1600,1000,1400,Maharashtra,Local
08/01/2026,Onion,23,Satara,Local,Vai APMC,2200,1000,1800,Maharashtra,Local
15/01/2026,Onion,23,Satara,Local,Vai APMC,4500,3000,4000,Maharashtra,Local
12/12/2025,Onion,23,Satara,Local,Vai APMC,1800,1000,1500,Maharashtra,Local
08/12/2025,Onion,23,Satara,Local,Vai APMC,1800,1000,1500,Maharashtra,Local
13/12/2025,Onion,23,Satara,Local,Vai APMC,1800,1000,1500,Maharashtra,Local
08/11/2025,Onion,23,Satara,Local,Vai APMC,1700,1000,1500,Maharashtra,Local
12/03/2026,Onion,23,Satara,Local,Vai APMC,1500,1000,1300,Maharashtra,Local
13/03/2026,Onion,23,Satara,Local,Vai APMC,1300,500,1000,Maharashtra,Local
23/03/2026,Onion,23,Satara,Local,Vai APMC,1500,700,1000,Maharashtra,Local
11/04/2026,Onion,23,Satara,Local,Vai APMC,1200,700,1000,Maharashtra,Local
19/04/2026,Onion,23,Satara,Local,Vai APMC,1200,500,900,Maharashtra,Local
17/04/2026,Onion,23,Satara,Local,Vai APMC,1200,500,800,Maharashtra,Local
22/04/2026,Onion,23,Satara,Local,Vai APMC,1200,500,900,Maharashtra,Local
01/05/2026,Onion,23,Satara,Local,Vai APMC,1200,700,1000,Maharashtra,Local
05/05/2026,Onion,23,Satara,Local,Vai APMC,1200,700,900,Maharashtra,Local
17/05/2026,Onion,23,Satara,Local,Vai APMC,1100,700,900,Maharashtra,Local
19/05/2026,Onion,23,Satara,Local,Vai APMC,1100,700,900,Maharashtra,Local
31/05/2026,Onion,23,Satara,Local,Vai APMC,1400,700,1200,Maharashtra,Local
12/06/2026,Onion,23,Satara,Local,Vai APMC,1800,700,900,Maharashtra,Local
16/06/2026,Onion,23,Satara,Local,Vai APMC,1900,800,1000,Maharashtra,Local
18/06/2026,Onion,23,Satara,Local,Vai APMC,1800,800,1350,Maharashtra,Local
25/06/2026,Onion,23,Satara,Local,Vai APMC,1800,1000,1500,Maharashtra,Local
29/06/2026,Onion,23,Satara,Local,Vai APMC,2700,1000,1800,Maharashtra,Local
12/07/2026,Onion,23,Satara,Local,Vai APMC,2600,1800,2200,Maharashtra,Local
15/07/2026,Onion,23,Satara,Local,Vai APMC,2000,1000,1530,Maharashtra,Local
20/07/2026,Onion,23,Satara,Local,Vai APMC,2700,1200,1602,Maharashtra,Local
22/07/2026,Onion,23,Satara,Local,Vai APMC,2800,1200,2000,Maharashtra,Local
13/08/2026,Onion,23,Satara,Local,Vai APMC,2500,2200,2350,Maharashtra,Local
12/08/2026,Onion,23,Satara,Local,Vai APMC,2800,1200,2300,Maharashtra,Local
14/08/2026,Onion,23,Satara,Local,Vai APMC,2700,1200,2000,Maharashtra,Local
21/08/2026,Onion,23,Satara,Local,Vai APMC,3500,1500,2500,Maharashtra,Local
19/12/2025,Onion,23,Satara,Local,Vai APMC,3000,1500,2200,Maharashtra,Local
24/12/2025,Onion,23,Satara,Local,Vai APMC,2500,1500,2000,Maharashtra,Local
07/01/2026,Onion,23,Satara,Local,Vai APMC,2000,1000,1700,Maharashtra,Local
11/01/2026,Onion,23,Satara,Local,Vai APMC,2200,1000,1700,Maharashtra,Local
22/01/2026,Onion,23,Satara,Local,Vai APMC,1800,1000,1500,Maharashtra,Local
24/01/2026,Onion,23,Satara,Local,Vai APMC,2000,1000,1500,Maharashtra,Local
05/03/2026,Onion,23,Satara,Local,Vai APMC,1300,700,1000,Maharashtra,Local
29/03/2026,Onion,23,Satara,Local,Vai APMC,1200,800,1000,Maharashtra,Local
23/11/2025,Onion,23,Satara,Local,Vai APMC,1800,1000,1500,Maharashtra,Local
27/11/2025,Onion,23,Satara,Local,Vai APMC,1800,1000,1500,Maharashtra,Local
29/04/2026,Onion,23,Satara,Local,Vai APMC,1200,500,800,Maharashtra,Local
07/04/2026,Onion,23,Satara,Local,Vai APMC,1400,500,1000,Maharashtra,Local
12/04/2026,Onion,23,Satara,Local,Vai APMC,1500,1000,1200,Maharashtra,Local
09/05/2026,Onion,23,Satara,Local,Vai APMC,1200,700,900,Maharashtra,Local
06/05/2026,Onion,23,Satara,Local,Vai APMC,1000,500,800,Maharashtra,Local
04/05/2026,Onion,23,Satara,Local,Vai APMC,1200,700,950,Maharashtra,Local
18/05/2026,Onion,23,Satara,Local,Vai APMC,1100,600,900,Maharashtra,Local
21/05/2026,Onion,23,Satara,Local,Vai APMC,1100,500,900,Maharashtra,Local
22/05/2026,Onion,23,Satara,Local,Vai APMC,1100,500,800,Maharashtra,Local
03/06/2026,Onion,23,Satara,Local,Vai APMC,1700,700,1200,Maharashtra,Local
10/06/2026,Onion,23,Satara,Local,Vai APMC,1700,700,1000,Maharashtra,Local
19/06/2026,Onion,23,Satara,Local,Vai APMC,1900,800,1450,Maharashtra,Local
24/06/2026,Onion,23,Satara,Local,Vai APMC,1900,1000,1500,Maharashtra,Local
26/06/2026,Onion,23,Satara,Local,Vai APMC,1800,1000,1500,Maharashtra,Local
27/06/2026,Onion,23,Satara,Local,Vai APMC,1800,1000,1400,Maharashtra,Local
06/07/2026,Onion,23,Satara,Local,Vai APMC,2600,1000,2000,Maharashtra,Local
19/07/2026,Onion,23,Satara,Local,Vai APMC,2700,1200,2200,Maharashtra,Local
02/08/2026,Onion,23,Satara,Local,Vai APMC,2800,1200,2000,Maharashtra,Local
14/02/2026,Onion,23,Satara,Local,Vai APMC,1700,1000,1400,Maharashtra,Local
15/03/2026,Onion,23,Satara,Local,Vai APMC,1500,700,1000,Maharashtra,Local
19/03/2026,Onion,23,Satara,Local,Vai APMC,1300,500,800,Maharashtra,Local
22/03/2026,Onion,23,Satara,Local,Vai APMC,1400,700,900,Maharashtra,Local
21/12/2025,Onion,23,Satara,Local,Vai APMC,2500,1500,2100,Maharashtra,Local
01/01/2026,Onion,23,Satara,Local,Vai APMC,2500,1500,2200,Maharashtra,Local
10/01/2026,Onion,23,Satara,Local,Vai APMC,2000,1000,1700,Maharashtra,Local
24/04/2026,Onion,23,Satara,Local,Vai APMC,1100,500,800,Maharashtra,Local
02/05/2026,Onion,23,Satara,Local,Vai APMC,1100,500,850,Maharashtra,Local
29/05/2026,Onion,23,Satara,Local,Vai APMC,1400,700,1000,Maharashtra,Local
04/06/2026,Onion,23,Satara,Local,Vai APMC,1800,700,1400,Maharashtra,Local
09/06/2026,Onion,23,Satara,Local,Vai APMC,1700,700,1350,Maharashtra,Local
05/07/2026,Onion,23,Satara,Local,Vai APMC,2600,1000,2000,Maharashtra,Local
09/07/2026,Onion,23,Satara,Local,Vai APMC,2500,1800,2200,Maharashtra,Local
16/07/2026,Onion,23,Satara,Local,Vai APMC,2700,1000,1500,Maharashtra,Local
29/07/2026,Onion,23,Satara,Local,Vai APMC,2800,1300,2000,Maharashtra,Local
06/08/2026,Onion,23,Satara,Local,Vai APMC,2800,1500,2150,Maharashtra,Local
07/12/2025,Onion,23,Satara,Local,Vai APMC,1800,1000,1500,Maharashtra,Local
10/12/2025,Onion,23,Satara,Local,Vai APMC,1700,1000,1500,Maharashtra,Local
26/12/2025,Onion,23,Satara,Local,Vai APMC,2500,1500,2000,Maharashtra,Local
02/11/2025,Onion,23,Satara,Local,Vai APMC,1800,1000,1500,Maharashtra,Local
20/11/2025,Onion,23,Satara,Local,Vai APMC,1700,1000,1500,Maharashtra,Local
20/02/2026,Onion,23,Satara,Local,Vai APMC,1300,700,1000,Maharashtra,Local
22/02/2026,Onion,23,Satara,Local,Vai APMC,1500,1000,1250,Maharashtra,Local
09/01/2026,Onion,23,Satara,Local,Vai APMC,2200,1000,1800,Maharashtra,Local
19/01/2026,Onion,23,Satara,Local,Vai APMC,1800,1000,1400,Maharashtra,Local
28/01/2026,Onion,23,Satara,Local,Vai APMC,1800,1000,1500,Maharashtra,Local
03/03/2026,Onion,23,Satara,Local,Vai APMC,1500,1000,1300,Maharashtra,Local
06/03/2026,Onion,23,Satara,Local,Vai APMC,1300,600,1000,Maharashtra,Local
07/03/2026,Onion,23,Satara,Local,Vai APMC,1300,600,1000,Maharashtra,Local
20/03/2026,Onion,23,Satara,Local,Vai APMC,1300,500,900,Maharashtra,Local
30/03/2026,Onion,23,Satara,Local,Vai APMC,1300,800,1000,Maharashtra,Local
05/04/2026,Onion,23,Satara,Local,Vai APMC,1300,800,1000,Maharashtra,Local
03/04/2026,Onion,23,Satara,Local,Vai APMC,1200,700,1000,Maharashtra,Local
10/04/2026,Onion,23,Satara,Local,Vai APMC,1400,500,1100,Maharashtra,Local
10/05/2026,Onion,23,Satara,Local,Vai APMC,1200,600,900,Maharashtra,Local
28/05/2026,Onion,23,Satara,Local,Vai APMC,1200,700,900,Maharashtra,Local
05/06/2026,Onion,23,Satara,Local,Vai APMC,1800,700,1400,Maharashtra,Local
11/06/2026,Onion,23,Satara,Local,Vai APMC,1700,700,1350,Maharashtra,Local
14/06/2026,Onion,23,Satara,Local,Vai APMC,1700,1200,1400,Maharashtra,Local
17/06/2026,Onion,23,Satara,Local,Vai APMC,1800,800,1450,Maharashtra,Local
01/07/2026,Onion,23,Satara,Local,Vai APMC,2600,1000,1500,Maharashtra,Local
02/07/2026,Onion,23,Satara,Local,Vai APMC,1500,1000,1250,Maharashtra,Local
03/07/2026,Onion,23,Satara,Local,Vai APMC,2500,1000,2000,Maharashtra,Local
28/07/2026,Onion,23,Satara,Local,Vai APMC,2800,1300,2000,Maharashtra,Local
04/08/2026,Onion,23,Satara,Local,Vai APMC,3000,1500,2000,Maharashtra,Local
07/08/2026,Onion,23,Satara,Local,Vai APMC,2800,1000,2350,Maharashtra,Local
20/08/2026,Onion,23,Satara,Local,Vai APMC,3000,1500,2250,Maharashtra,Local
22/08/2026,Onion,23,Satara,Local,Vai APMC,4500,2000,3200,Maharashtra,Local
27/12/2025,Onion,23,Satara,Local,Vai APMC,2500,1500,2000,Maharashtra,Local
08/03/2026,Onion,23,Satara,Local,Vai APMC,1300,600,1000,Maharashtra,Local
18/01/2026,Onion,23,Satara,Local,Vai APMC,2200,1000,1800,Maharashtra,Local
21/01/2026,Onion,23,Satara,Local,Vai APMC,1600,1000,1300,Maharashtra,Local
14/01/2026,Onion,23,Satara,Local,Vai APMC,2200,1000,1700,Maharashtra,Local
16/01/2026,Onion,23,Satara,Local,Vai APMC,1800,1000,1500,Maharashtra,Local
23/01/2026,Onion,23,Satara,Local,Vai APMC,2000,1000,1500,Maharashtra,Local
19/02/2026,Onion,23,Satara,Local,Vai APMC,1800,1000,1500,Maharashtra,Local
25/02/2026,Onion,23,Satara,Local,Vai APMC,1300,600,900,Maharashtra,Local
01/02/2026,Onion,23,Satara,Local,Vai APMC,2000,1000,1500,Maharashtra,Local
14/12/2025,Onion,23,Satara,Local,Vai APMC,1700,1000,1500,Maharashtra,Local
28/12/2025,Onion,23,Satara,Local,Vai APMC,2500,1500,2000,Maharashtra,Local
05/11/2025,Onion,23,Satara,Local,Vai APMC,1800,1000,1500,Maharashtra,Local
22/11/2025,Onion,23,Satara,Local,Vai APMC,1700,1000,1500,Maharashtra,Local
30/11/2025,Onion,23,Satara,Local,Vai APMC,1700,1000,1500,Maharashtra,Local
03/05/2026,Onion,23,Satara,Local,Vai APMC,1100,500,850,Maharashtra,Local
13/05/2026,Onion,23,Satara,Local,Vai APMC,1100,500,800,Maharashtra,Local
15/05/2026,Onion,23,Satara,Local,Vai APMC,1000,500,800,Maharashtra,Local
24/05/2026,Onion,23,Satara,Local,Vai APMC,1100,700,950,Maharashtra,Local
23/05/2026,Onion,23,Satara,Local,Vai APMC,1100,700,950,Maharashtra,Local
13/04/2026,Onion,23,Satara,Local,Vai APMC,1300,700,1000,Maharashtra,Local
14/04/2026,Onion,23,Satara,Local,Vai APMC,1300,700,1000,Maharashtra,Local
25/04/2026,Onion,23,Satara,Local,Vai APMC,1200,700,900,Maharashtra,Local
30/04/2026,Onion,23,Satara,Local,Vai APMC,1300,500,950,Maharashtra,Local
13/06/2026,Onion,23,Satara,Local,Vai APMC,1700,1200,1500,Maharashtra,Local
28/06/2026,Onion,23,Satara,Local,Vai APMC,1900,1000,1500,Maharashtra,Local
30/06/2026,Onion,23,Satara,Local,Vai APMC,2600,1000,2000,Maharashtra,Local
04/07/2026,Onion,23,Satara,Local,Vai APMC,2600,1000,1500,Maharashtra,Local
08/07/2026,Onion,23,Satara,Local,Vai APMC,2500,1700,2000,Maharashtra,Local
10/07/2026,Onion,23,Satara,Local,Vai APMC,2500,1000,2000,Maharashtra,Local
11/07/2026,Onion,23,Satara,Local,Vai APMC,2500,1500,2250,Maharashtra,Local
31/07/2026,Onion,23,Satara,Local,Vai APMC,2800,1200,2000,Maharashtra,Local
23/07/2026,Onion,23,Satara,Local,Vai APMC,2800,1200,2000,Maharashtra,Local
24/07/2026,Onion,23,Satara,Local,Vai APMC,2800,1200,2000,Maharashtra,Local
26/07/2026,Onion,23,Satara,Local,Vai APMC,2800,1500,2300,Maharashtra,Local
01/08/2026,Onion,23,Satara,Local,Vai APMC,2800,1200,2000,Maharashtra,Local
05/08/2026,Onion,23,Satara,Local,Vai APMC,2800,1500,2250,Maharashtra,Local
19/08/2026,Onion,23,Satara,Local,Vai APMC,3000,1500,2250,Maharashtra,Local
